Date,AQI,
01/01/2014,32,
02/01/2014,30,
03/01/2014,26,
04/01/2014,21,
05/01/2014,33,
06/01/2014,31,
07/01/2014,40,
08/01/2014,28,
09/01/2014,28,
10/01/2014,26,
11/01/2014,32,
12/01/2014,21,
13/01/2014,26,
14/01/2014,34,
15/01/2014,28,
16/01/2014,30,
17/01/2014,31,
18/01/2014,29,
19/01/2014,28,
20/01/2014,36,
21/01/2014,42,
22/01/2014,39,
23/01/2014,42,
24/01/2014,44,
25/01/2014,55,
26/01/2014,55,
27/01/2014,48,
28/01/2014,41,
29/01/2014,36,
30/01/2014,27,
31/01/2014,40,
01/02/2014,50,
02/02/2014,43,
03/02/2014,40,
04/02/2014,46,
05/02/2014,50,
06/02/2014,65,
07/02/2014,65,
08/02/2014,55,
09/02/2014,53,
10/02/2014,59,
11/02/2014,55,
12/02/2014,51,
13/02/2014,52,
14/02/2014,46,
15/02/2014,37,
16/02/2014,30,
17/02/2014,35,
18/02/2014,56,
19/02/2014,62,
20/02/2014,52,
21/02/2014,33,
22/02/2014,31,
23/02/2014,40,
24/02/2014,48,
25/02/2014,61,
26/02/2014,67,
27/02/2014,63,
28/02/2014,60,
01/03/2014,64,
02/03/2014,68,
03/03/2014,72,
04/03/2014,77,
05/03/2014,59,
06/03/2014,63,
07/03/2014,58,
08/03/2014,69,
09/03/2014,94,
10/03/2014,78,
11/03/2014,67,
12/03/2014,77,
13/03/2014,116,
14/03/2014,137,
15/03/2014,83,
16/03/2014,54,
17/03/2014,40,
18/03/2014,36,
19/03/2014,42,
20/03/2014,32,
21/03/2014,44,
22/03/2014,51,
23/03/2014,44,
24/03/2014,29,
25/03/2014,37,
26/03/2014,36,
27/03/2014,42,
28/03/2014,60,
29/03/2014,48,
30/03/2014,40,
31/03/2014,37,
01/04/2014,47,
02/04/2014,51,
03/04/2014,50,
04/04/2014,49,
05/04/2014,38,
06/04/2014,31,
07/04/2014,38,
08/04/2014,43,
09/04/2014,36,
10/04/2014,35,
11/04/2014,39,
12/04/2014,30,
13/04/2014,31,
14/04/2014,39,
15/04/2014,39,
16/04/2014,36,
17/04/2014,38,
18/04/2014,34,
19/04/2014,37,
20/04/2014,37,
21/04/2014,48,
22/04/2014,38,
23/04/2014,51,
25/04/2014,39,
26/04/2014,35,
27/04/2014,38,
28/04/2014,36,
29/04/2014,39,
30/04/2014,39,
01/05/2014,40,
02/05/2014,38,
03/05/2014,53,
04/05/2014,34,
05/05/2014,30,
07/05/2014,38,
08/05/2014,28,
09/05/2014,37,
10/05/2014,36,
11/05/2014,34,
12/05/2014,36,
13/05/2014,40,
14/05/2014,36,
15/05/2014,34,
16/05/2014,29,
17/05/2014,32,
18/05/2014,33,
19/05/2014,31,
20/05/2014,31,
21/05/2014,35,
22/05/2014,34,
23/05/2014,35,
24/05/2014,39,
25/05/2014,35,
26/05/2014,33,
27/05/2014,32,
28/05/2014,39,
29/05/2014,34,
30/05/2014,32,
31/05/2014,27,
01/06/2014,32,
02/06/2014,34,
03/06/2014,32,
04/06/2014,35,
05/06/2014,33,
06/06/2014,33,
07/06/2014,33,
08/06/2014,30,
09/06/2014,44,
10/06/2014,51,
11/06/2014,45,
12/06/2014,43,
13/06/2014,40,
14/06/2014,43,
15/06/2014,45,
16/06/2014,43,
17/06/2014,56,
18/06/2014,60,
19/06/2014,75,
20/06/2014,79,
21/06/2014,68,
22/06/2014,79,
23/06/2014,77,
24/06/2014,86,
25/06/2014,93,
26/06/2014,58,
27/06/2014,63,
28/06/2014,70,
29/06/2014,63,
30/06/2014,46,
01/07/2014,44,
02/07/2014,49,
03/07/2014,37,
04/07/2014,36,
05/07/2014,34,
06/07/2014,31,
07/07/2014,39,
08/07/2014,47,
09/07/2014,60,
10/07/2014,59,
11/07/2014,43,
12/07/2014,59,
13/07/2014,56,
14/07/2014,53,
15/07/2014,58,
16/07/2014,58,
17/07/2014,63,
18/07/2014,55,
19/07/2014,57,
20/07/2014,68,
21/07/2014,76,
22/07/2014,81,
23/07/2014,65,
24/07/2014,64,
25/07/2014,75,
26/07/2014,85,
27/07/2014,72,
28/07/2014,86,
29/07/2014,116,
30/07/2014,72,
31/07/2014,55,
01/08/2014,56,
02/08/2014,54,
03/08/2014,48,
04/08/2014,57,
05/08/2014,66,
06/08/2014,57,
07/08/2014,38,
08/08/2014,35,
09/08/2014,39,
10/08/2014,41,
11/08/2014,39,
12/08/2014,36,
13/08/2014,37,
15/08/2014,31,
16/08/2014,29,
17/08/2014,42,
18/08/2014,39,
19/08/2014,41,
20/08/2014,33,
21/08/2014,35,
22/08/2014,42,
23/08/2014,51,
24/08/2014,34,
25/08/2014,31,
26/08/2014,28,
27/08/2014,23,
28/08/2014,31,
29/08/2014,50,
30/08/2014,52,
31/08/2014,49,
01/09/2014,39,
02/09/2014,55,
03/09/2014,58,
04/09/2014,52,
05/09/2014,54,
06/09/2014,39,
07/09/2014,32,
08/09/2014,42,
09/09/2014,46,
10/09/2014,45,
11/09/2014,65,
12/09/2014,62,
13/09/2014,69,
14/09/2014,77,
15/09/2014,39,
16/09/2014,45,
17/09/2014,65,
18/09/2014,65,
19/09/2014,59,
20/09/2014,53,
21/09/2014,38,
22/09/2014,51,
23/09/2014,62,
24/09/2014,61,
25/09/2014,51,
26/09/2014,52,
27/09/2014,62,
28/09/2014,60,
29/09/2014,62,
30/09/2014,62,
01/10/2014,65,
02/10/2014,67,
03/10/2014,72,
04/10/2014,61,
05/10/2014,36,
06/10/2014,36,
07/10/2014,53,
08/10/2014,68,
09/10/2014,83,
10/10/2014,89,
11/10/2014,74,
12/10/2014,81,
13/10/2014,63,
14/10/2014,58,
15/10/2014,62,
16/10/2014,48,
17/10/2014,52,
18/10/2014,41,
19/10/2014,47,
20/10/2014,64,
21/10/2014,55,
22/10/2014,50,
23/10/2014,40,
24/10/2014,39,
25/10/2014,50,
26/10/2014,53,
27/10/2014,47,
28/10/2014,44,
29/10/2014,51,
30/10/2014,56,
31/10/2014,53,
01/11/2014,44,
02/11/2014,41,
03/11/2014,54,
04/11/2014,64,
05/11/2014,68,
06/11/2014,56,
07/11/2014,35,
08/11/2014,30,
09/11/2014,37,
10/11/2014,32,
11/11/2014,46,
12/11/2014,47,
13/11/2014,39,
14/11/2014,31,
15/11/2014,32,
16/11/2014,37,
17/11/2014,38,
18/11/2014,32,
19/11/2014,38,
20/11/2014,45,
21/11/2014,44,
22/11/2014,44,
23/11/2014,42,
24/11/2014,33,
25/11/2014,36,
26/11/2014,34,
27/11/2014,42,
28/11/2014,38,
29/11/2014,35,
30/11/2014,28,
01/12/2014,38,
02/12/2014,41,
03/12/2014,49,
04/12/2014,43,
05/12/2014,55,
06/12/2014,53,
07/12/2014,45,
08/12/2014,38,
09/12/2014,43,
10/12/2014,51,
11/12/2014,46,
12/12/2014,57,
13/12/2014,57,
14/12/2014,56,
15/12/2014,50,
16/12/2014,44,
17/12/2014,47,
18/12/2014,46,
19/12/2014,36,
20/12/2014,52,
21/12/2014,52,
22/12/2014,35,
23/12/2014,27,
24/12/2014,37,
25/12/2014,44,
26/12/2014,29,
27/12/2014,34,
28/12/2014,31,
01/01/2015,36,
02/01/2015,42,
03/01/2015,49,
04/01/2015,55,
05/01/2015,51,
06/01/2015,45,
07/01/2015,46,
08/01/2015,30,
09/01/2015,25,
10/01/2015,36,
11/01/2015,28,
12/01/2015,24,
13/01/2015,26,
14/01/2015,32,
15/01/2015,35,
16/01/2015,47,
17/01/2015,57,
18/01/2015,57,
19/01/2015,46,
20/01/2015,41,
21/01/2015,53,
22/01/2015,50,
23/01/2015,57,
24/01/2015,58,
25/01/2015,67,
26/01/2015,60,
27/01/2015,64,
28/01/2015,60,
29/01/2015,61,
30/01/2015,45,
31/01/2015,36,
01/02/2015,40,
02/02/2015,40,
03/02/2015,38,
04/02/2015,33,
05/02/2015,25,
06/02/2015,33,
07/02/2015,36,
08/02/2015,29,
09/02/2015,32,
10/02/2015,39,
11/02/2015,49,
12/02/2015,72,
13/02/2015,78,
14/02/2015,70,
15/02/2015,56,
16/02/2015,60,
17/02/2015,52,
18/02/2015,49,
19/02/2015,39,
20/02/2015,31,
21/02/2015,30,
22/02/2015,52,
23/02/2015,49,
24/02/2015,56,
25/02/2015,67,
26/02/2015,62,
27/02/2015,64,
28/02/2015,56,
01/03/2015,60,
02/03/2015,45,
03/03/2015,59,
04/03/2015,60,
05/03/2015,45,
06/03/2015,70,
07/03/2015,66,
08/03/2015,65,
09/03/2015,48,
10/03/2015,38,
11/03/2015,50,
12/03/2015,63,
13/03/2015,53,
14/03/2015,60,
15/03/2015,61,
16/03/2015,75,
17/03/2015,83,
18/03/2015,72,
19/03/2015,66,
20/03/2015,71,
21/03/2015,71,
22/03/2015,60,
23/03/2015,56,
24/03/2015,57,
25/03/2015,54,
26/03/2015,45,
27/03/2015,37,
28/03/2015,42,
29/03/2015,43,
30/03/2015,43,
31/03/2015,47,
01/04/2015,44,
02/04/2015,37,
03/04/2015,39,
04/04/2015,49,
05/04/2015,50,
06/04/2015,55,
07/04/2015,59,
08/04/2015,51,
09/04/2015,50,
10/04/2015,43,
11/04/2015,50,
12/04/2015,48,
13/04/2015,47,
14/04/2015,56,
15/04/2015,41,
16/04/2015,40,
17/04/2015,50,
18/04/2015,55,
19/04/2015,55,
20/04/2015,66,
21/04/2015,54,
22/04/2015,48,
23/04/2015,48,
24/04/2015,47,
25/04/2015,46,
26/04/2015,39,
27/04/2015,40,
29/04/2015,52,
30/04/2015,50,
01/05/2015,40,
02/05/2015,32,
03/05/2015,38,
04/05/2015,37,
05/05/2015,40,
06/05/2015,52,
07/05/2015,53,
08/05/2015,53,
09/05/2015,53,
10/05/2015,50,
11/05/2015,44,
12/05/2015,58,
13/05/2015,55,
14/05/2015,43,
15/05/2015,47,
16/05/2015,46,
17/05/2015,39,
18/05/2015,39,
20/05/2015,51,
21/05/2015,47,
22/05/2015,52,
23/05/2015,49,
24/05/2015,53,
25/05/2015,51,
26/05/2015,51,
27/05/2015,42,
28/05/2015,48,
29/05/2015,48,
30/05/2015,37,
31/05/2015,46,
01/06/2015,47,
03/06/2015,52,
04/06/2015,47,
05/06/2015,47,
06/06/2015,53,
07/06/2015,47,
08/06/2015,41,
09/06/2015,46,
10/06/2015,42,
11/06/2015,51,
12/06/2015,43,
13/06/2015,41,
14/06/2015,36,
15/06/2015,34,
16/06/2015,40,
17/06/2015,42,
18/06/2015,49,
19/06/2015,49,
20/06/2015,50,
21/06/2015,48,
22/06/2015,49,
23/06/2015,54,
24/06/2015,57,
25/06/2015,56,
26/06/2015,62,
27/06/2015,56,
28/06/2015,54,
29/06/2015,63,
30/06/2015,67,
01/07/2015,67,
02/07/2015,61,
04/07/2015,44,
05/07/2015,39,
06/07/2015,55,
07/07/2015,58,
08/07/2015,59,
09/07/2015,55,
10/07/2015,49,
11/07/2015,47,
12/07/2015,66,
13/07/2015,61,
14/07/2015,58,
15/07/2015,52,
16/07/2015,53,
17/07/2015,51,
18/07/2015,39,
19/07/2015,36,
20/07/2015,38,
21/07/2015,39,
22/07/2015,41,
23/07/2015,50,
24/07/2015,47,
25/07/2015,42,
26/07/2015,45,
27/07/2015,54,
28/07/2015,54,
29/07/2015,43,
30/07/2015,42,
31/07/2015,51,
01/08/2015,59,
02/08/2015,49,
03/08/2015,50,
04/08/2015,37,
05/08/2015,52,
06/08/2015,52,
07/08/2015,46,
08/08/2015,39,
09/08/2015,39,
10/08/2015,40,
11/08/2015,48,
12/08/2015,44,
13/08/2015,44,
14/08/2015,48,
15/08/2015,53,
16/08/2015,52,
17/08/2015,49,
18/08/2015,57,
20/08/2015,60,
21/08/2015,45,
22/08/2015,42,
23/08/2015,43,
24/08/2015,60,
25/08/2015,66,
26/08/2015,85,
27/08/2015,63,
28/08/2015,54,
29/08/2015,61,
30/08/2015,60,
31/08/2015,63,
01/09/2015,70,
02/09/2015,78,
03/09/2015,91,
04/09/2015,64,
05/09/2015,55,
06/09/2015,56,
07/09/2015,74,
08/09/2015,80,
09/09/2015,68,
10/09/2015,36,
11/09/2015,73,
12/09/2015,122,
13/09/2015,119,
14/09/2015,149,
15/09/2015,142,
16/09/2015,86,
17/09/2015,85,
18/09/2015,73,
19/09/2015,80,
20/09/2015,63,
21/09/2015,61,
22/09/2015,60,
23/09/2015,60,
24/09/2015,73,
25/09/2015,66,
26/09/2015,77,
27/09/2015,156,
28/09/2015,96,
29/09/2015,72,
30/09/2015,90,
01/10/2015,93,
02/10/2015,85,
03/10/2015,108,
04/10/2015,166,
05/10/2015,97,
06/10/2015,85,
07/10/2015,73,
08/10/2015,69,
09/10/2015,65,
10/10/2015,75,
11/10/2015,75,
12/10/2015,85,
13/10/2015,80,
14/10/2015,72,
15/10/2015,69,
16/10/2015,68,
17/10/2015,71,
18/10/2015,92,
19/10/2015,124,
20/10/2015,119,
21/10/2015,144,
22/10/2015,100,
23/10/2015,85,
24/10/2015,113,
25/10/2015,92,
26/10/2015,65,
27/10/2015,62,
28/10/2015,57,
29/10/2015,54,
30/10/2015,48,
31/10/2015,39,
01/11/2015,40,
02/11/2015,38,
03/11/2015,41,
04/11/2015,35,
05/11/2015,44,
06/11/2015,39,
07/11/2015,35,
08/11/2015,32,
09/11/2015,37,
10/11/2015,45,
11/11/2015,48,
12/11/2015,39,
13/11/2015,43,
14/11/2015,38,
15/11/2015,35,
16/11/2015,27,
17/11/2015,28,
18/11/2015,30,
19/11/2015,44,
20/11/2015,31,
21/11/2015,37,
22/11/2015,32,
23/11/2015,44,
24/11/2015,43,
25/11/2015,39,
26/11/2015,39,
27/11/2015,35,
28/11/2015,35,
29/11/2015,39,
30/11/2015,34,
01/12/2015,37,
02/12/2015,39,
03/12/2015,43,
04/12/2015,51,
05/12/2015,49,
06/12/2015,42,
07/12/2015,31,
08/12/2015,37,
09/12/2015,52,
10/12/2015,57,
11/12/2015,32,
12/12/2015,41,
13/12/2015,32,
14/12/2015,32,
15/12/2015,33,
16/12/2015,49,
17/12/2015,52,
18/12/2015,51,
19/12/2015,56,
20/12/2015,49,
21/12/2015,50,
22/12/2015,49,
23/12/2015,48,
24/12/2015,45,
25/12/2015,39,
26/12/2015,38,
27/12/2015,34,
28/12/2015,38,
29/12/2015,36,
30/12/2015,31,
04/01/2016,47,
05/01/2016,49,
06/01/2016,50,
07/01/2016,37,
08/01/2016,44,
09/01/2016,42,
10/01/2016,53,
11/01/2016,60,
12/01/2016,56,
13/01/2016,45,
14/01/2016,47,
15/01/2016,46,
16/01/2016,40,
17/01/2016,42,
18/01/2016,42,
19/01/2016,41,
20/01/2016,36,
21/01/2016,30,
22/01/2016,37,
23/01/2016,43,
24/01/2016,39,
25/01/2016,26,
26/01/2016,24,
27/01/2016,22,
28/01/2016,31,
29/01/2016,40,
30/01/2016,38,
31/01/2016,44,
01/02/2016,30,
02/02/2016,36,
03/02/2016,34,
04/02/2016,30,
05/02/2016,30,
06/02/2016,32,
07/02/2016,29,
08/02/2016,34,
09/02/2016,40,
10/02/2016,35,
11/02/2016,28,
12/02/2016,32,
13/02/2016,30,
14/02/2016,24,
15/02/2016,26,
16/02/2016,32,
17/02/2016,33,
18/02/2016,37,
19/02/2016,36,
20/02/2016,32,
21/02/2016,41,
22/02/2016,52,
23/02/2016,54,
24/02/2016,43,
25/02/2016,34,
26/02/2016,35,
27/02/2016,39,
28/02/2016,32,
29/02/2016,25,
01/03/2016,38,
02/03/2016,43,
03/03/2016,39,
04/03/2016,53,
05/03/2016,47,
06/03/2016,41,
07/03/2016,41,
08/03/2016,47,
09/03/2016,59,
10/03/2016,65,
11/03/2016,65,
12/03/2016,55,
13/03/2016,53,
14/03/2016,49,
15/03/2016,53,
16/03/2016,55,
17/03/2016,63,
18/03/2016,64,
19/03/2016,78,
20/03/2016,65,
21/03/2016,62,
22/03/2016,45,
23/03/2016,44,
24/03/2016,56,
25/03/2016,60,
26/03/2016,41,
27/03/2016,36,
28/03/2016,34,
29/03/2016,45,
30/03/2016,58,
31/03/2016,69,
01/04/2016,85,
02/04/2016,65,
03/04/2016,44,
04/04/2016,48,
05/04/2016,56,
06/04/2016,62,
07/04/2016,70,
08/04/2016,78,
09/04/2016,80,
10/04/2016,79,
11/04/2016,56,
12/04/2016,41,
13/04/2016,46,
14/04/2016,47,
15/04/2016,55,
16/04/2016,56,
17/04/2016,51,
18/04/2016,51,
19/04/2016,53,
20/04/2016,59,
21/04/2016,80,
22/04/2016,81,
23/04/2016,96,
24/04/2016,69,
25/04/2016,59,
26/04/2016,70,
27/04/2016,66,
28/04/2016,65,
29/04/2016,70,
30/04/2016,59,
01/05/2016,59,
02/05/2016,66,
03/05/2016,59,
04/05/2016,55,
05/05/2016,50,
06/05/2016,48,
07/05/2016,47,
08/05/2016,39,
09/05/2016,46,
10/05/2016,49,
11/05/2016,45,
12/05/2016,50,
13/05/2016,50,
14/05/2016,50,
15/05/2016,35,
16/05/2016,36,
17/05/2016,53,
18/05/2016,47,
19/05/2016,43,
20/05/2016,53,
21/05/2016,45,
22/05/2016,36,
23/05/2016,44,
24/05/2016,47,
25/05/2016,43,
26/05/2016,47,
27/05/2016,46,
28/05/2016,50,
29/05/2016,41,
30/05/2016,33,
31/05/2016,38,
01/06/2016,43,
02/06/2016,45,
03/06/2016,53,
04/06/2016,41,
05/06/2016,54,
06/06/2016,55,
07/06/2016,55,
08/06/2016,49,
09/06/2016,45,
10/06/2016,51,
11/06/2016,43,
12/06/2016,37,
13/06/2016,44,
14/06/2016,50,
15/06/2016,49,
16/06/2016,40,
17/06/2016,35,
18/06/2016,26,
19/06/2016,41,
20/06/2016,32,
21/06/2016,44,
22/06/2016,36,
23/06/2016,43,
24/06/2016,37,
25/06/2016,36,
26/06/2016,36,
27/06/2016,35,
28/06/2016,48,
29/06/2016,51,
30/06/2016,60,
01/07/2016,60,
02/07/2016,59,
03/07/2016,61,
04/07/2016,57,
05/07/2016,53,
07/07/2016,37,
08/07/2016,34,
09/07/2016,29,
10/07/2016,39,
11/07/2016,46,
12/07/2016,44,
13/07/2016,56,
14/07/2016,38,
15/07/2016,43,
16/07/2016,46,
17/07/2016,39,
18/07/2016,21,
19/07/2016,24,
20/07/2016,27,
21/07/2016,34,
23/07/2016,27,
24/07/2016,38,
25/07/2016,39,
26/07/2016,43,
27/07/2016,46,
28/07/2016,45,
29/07/2016,49,
30/07/2016,57,
31/07/2016,53,
01/08/2016,50,
02/08/2016,53,
03/08/2016,53,
04/08/2016,48,
05/08/2016,49,
06/08/2016,52,
07/08/2016,47,
08/08/2016,47,
09/08/2016,56,
10/08/2016,59,
11/08/2016,55,
13/08/2016,52,
14/08/2016,41,
15/08/2016,44,
16/08/2016,56,
17/08/2016,67,
18/08/2016,54,
19/08/2016,62,
20/08/2016,69,
21/08/2016,66,
22/08/2016,56,
23/08/2016,44,
24/08/2016,38,
25/08/2016,45,
26/08/2016,40,
27/08/2016,46,
28/08/2016,59,
29/08/2016,62,
30/08/2016,80,
31/08/2016,37,
01/09/2016,45,
02/09/2016,42,
03/09/2016,43,
04/09/2016,38,
05/09/2016,34,
06/09/2016,34,
07/09/2016,34,
08/09/2016,30,
09/09/2016,37,
10/09/2016,41,
11/09/2016,49,
12/09/2016,37,
13/09/2016,36,
14/09/2016,40,
15/09/2016,45,
16/09/2016,44,
17/09/2016,39,
18/09/2016,35,
19/09/2016,26,
20/09/2016,31,
21/09/2016,33,
22/09/2016,35,
23/09/2016,37,
24/09/2016,41,
25/09/2016,42,
26/09/2016,47,
27/09/2016,50,
28/09/2016,35,
29/09/2016,32,
30/09/2016,32,
01/10/2016,34,
02/10/2016,46,
03/10/2016,33,
04/10/2016,38,
05/10/2016,35,
06/10/2016,35,
07/10/2016,35,
08/10/2016,37,
09/10/2016,38,
10/10/2016,29,
11/10/2016,29,
12/10/2016,30,
13/10/2016,29,
14/10/2016,29,
15/10/2016,29,
16/10/2016,29,
17/10/2016,23,
18/10/2016,35,
19/10/2016,33,
20/10/2016,35,
21/10/2016,37,
22/10/2016,43,
23/10/2016,34,
24/10/2016,26,
25/10/2016,29,
26/10/2016,35,
27/10/2016,41,
28/10/2016,35,
29/10/2016,34,
30/10/2016,29,
31/10/2016,31,
01/11/2016,25,
02/11/2016,40,
03/11/2016,37,
04/11/2016,34,
05/11/2016,26,
06/11/2016,31,
07/11/2016,33,
08/11/2016,36,
09/11/2016,43,
10/11/2016,48,
11/11/2016,36,
12/11/2016,36,
13/11/2016,39,
14/11/2016,31,
15/11/2016,44,
16/11/2016,42,
17/11/2016,44,
18/11/2016,45,
19/11/2016,40,
20/11/2016,34,
21/11/2016,27,
22/11/2016,34,
23/11/2016,37,
24/11/2016,51,
25/11/2016,52,
26/11/2016,50,
27/11/2016,48,
28/11/2016,32,
29/11/2016,26,
30/11/2016,28,
01/12/2016,41,
02/12/2016,31,
03/12/2016,27,
04/12/2016,33,
05/12/2016,36,
06/12/2016,39,
07/12/2016,42,
08/12/2016,50,
09/12/2016,47,
10/12/2016,43,
11/12/2016,30,
12/12/2016,28,
13/12/2016,32,
14/12/2016,40,
15/12/2016,45,
16/12/2016,54,
17/12/2016,54,
18/12/2016,60,
19/12/2016,38,
20/12/2016,26,
21/12/2016,32,
22/12/2016,35,
23/12/2016,36,
24/12/2016,31,
25/12/2016,31,
26/12/2016,33,
27/12/2016,32,
28/12/2016,30,
29/12/2016,41,
30/12/2016,51,
01/01/2017,28,
02/01/2017,26,
03/01/2017,35,
04/01/2017,29,
05/01/2017,29,
06/01/2017,30,
07/01/2017,30,
08/01/2017,33,
09/01/2017,53,
10/01/2017,62,
11/01/2017,58,
12/01/2017,68,
13/01/2017,56,
14/01/2017,47,
15/01/2017,35,
16/01/2017,30,
17/01/2017,34,
18/01/2017,42,
19/01/2017,37,
20/01/2017,44,
21/01/2017,35,
22/01/2017,31,
23/01/2017,27,
24/01/2017,28,
25/01/2017,33,
26/01/2017,34,
27/01/2017,35,
28/01/2017,49,
29/01/2017,52,
30/01/2017,55,
31/01/2017,36,
01/02/2017,41,
02/02/2017,49,
03/02/2017,58,
04/02/2017,53,
05/02/2017,52,
06/02/2017,46,
07/02/2017,40,
08/02/2017,41,
09/02/2017,41,
10/02/2017,51,
11/02/2017,39,
12/02/2017,36,
13/02/2017,29,
14/02/2017,27,
15/02/2017,29,
16/02/2017,29,
17/02/2017,34,
18/02/2017,42,
19/02/2017,40,
20/02/2017,37,
21/02/2017,36,
22/02/2017,36,
23/02/2017,38,
24/02/2017,39,
25/02/2017,33,
26/02/2017,34,
27/02/2017,24,
28/02/2017,30,
01/03/2017,33,
02/03/2017,31,
03/03/2017,27,
04/03/2017,30,
05/03/2017,40,
06/03/2017,39,
07/03/2017,36,
08/03/2017,52,
09/03/2017,46,
10/03/2017,47,
11/03/2017,50,
12/03/2017,51,
13/03/2017,44,
14/03/2017,44,
15/03/2017,65,
16/03/2017,50,
17/03/2017,52,
18/03/2017,48,
20/03/2017,26,
21/03/2017,33,
22/03/2017,42,
23/03/2017,32,
24/03/2017,36,
25/03/2017,50,
26/03/2017,37,
28/03/2017,31,
29/03/2017,33,
30/03/2017,31,
31/03/2017,40,
01/04/2017,49,
02/04/2017,31,
03/04/2017,27,
04/04/2017,30,
05/04/2017,30,
06/04/2017,31,
07/04/2017,34,
08/04/2017,43,
09/04/2017,43,
10/04/2017,33,
11/04/2017,45,
12/04/2017,52,
13/04/2017,48,
14/04/2017,37,
07/07/2017,27,
08/07/2017,27,
09/07/2017,28,
10/07/2017,33,
11/07/2017,31,
12/07/2017,20,
13/07/2017,17,
14/07/2017,14,
15/07/2017,17,
16/07/2017,26,
17/07/2017,23,
18/07/2017,25,
29/08/2017,17,
30/08/2017,18,
31/08/2017,26,
04/09/2017,20,
05/09/2017,32,
06/09/2017,29,
11/09/2017,15,
12/09/2017,19,
13/09/2017,37,
14/09/2017,35,
05/10/2017,33,
06/10/2017,36,
07/10/2017,34,
08/10/2017,26,
09/10/2017,24,
10/10/2017,23,
11/10/2017,25,
12/10/2017,28,
13/10/2017,22,
14/10/2017,30,
15/10/2017,35,
16/10/2017,34,
17/10/2017,43,
18/10/2017,41,
19/10/2017,50,
20/10/2017,45,
21/10/2017,40,
22/10/2017,28,
23/10/2017,28,
24/10/2017,28,
25/10/2017,32,
26/10/2017,30,
27/10/2017,32,
28/10/2017,35,
29/10/2017,26,
12/12/2017,34,
13/12/2017,41,
14/12/2017,36,
15/12/2017,41,
16/12/2017,40,
17/12/2017,29,
18/12/2017,26,
19/12/2017,27,
20/12/2017,36,
21/12/2017,37,
22/12/2017,39,
23/12/2017,38,
24/12/2017,36,
25/12/2017,26,
26/12/2017,24,
27/12/2017,28,
28/12/2017,36,
29/12/2017,31,
30/12/2017,37,
01/01/2018,15,
02/01/2018,23,
03/01/2018,29,
04/01/2018,31,
05/01/2018,26,
06/01/2018,28,
07/01/2018,33,
08/01/2018,31,
09/01/2018,30,
10/01/2018,25,
11/01/2018,20,
12/01/2018,17,
13/01/2018,23,
14/01/2018,37,
15/01/2018,32,
16/01/2018,47,
17/01/2018,48,
18/01/2018,37,
19/01/2018,35,
20/01/2018,30,
21/01/2018,39,
22/01/2018,35,
23/01/2018,35,
24/01/2018,26,
25/01/2018,29,
26/01/2018,28,
27/01/2018,42,
28/01/2018,39,
29/01/2018,27,
30/01/2018,36,
31/01/2018,36,
01/02/2018,24,
02/02/2018,26,
03/02/2018,26,
04/02/2018,30,
05/02/2018,25,
06/02/2018,27,
07/02/2018,31,
08/02/2018,38,
09/02/2018,59,
10/02/2018,45,
11/02/2018,55,
12/02/2018,38,
13/02/2018,30,
14/02/2018,22,
15/02/2018,36,
16/02/2018,40,
17/02/2018,38,
18/02/2018,44,
19/02/2018,32,
20/02/2018,31,
21/02/2018,29,
22/02/2018,35,
23/02/2018,42,
24/02/2018,34,
25/02/2018,24,
26/02/2018,26,
27/02/2018,33,
28/02/2018,47,
01/03/2018,38,
02/03/2018,47,
03/03/2018,40,
04/03/2018,39,
05/03/2018,27,
06/03/2018,32,
07/03/2018,48,
08/03/2018,41,
09/03/2018,29,
10/03/2018,18,
11/03/2018,23,
12/03/2018,28,
13/03/2018,25,
14/03/2018,42,
15/03/2018,48,
16/03/2018,33,
17/03/2018,48,
18/03/2018,29,
19/03/2018,37,
20/03/2018,41,
21/03/2018,37,
22/03/2018,28,
23/03/2018,35,
24/03/2018,26,
25/03/2018,29,
26/03/2018,30,
27/03/2018,22,
28/03/2018,33,
29/03/2018,46,
30/03/2018,49,
31/03/2018,36,
01/04/2018,40,
02/04/2018,40,
03/04/2018,42,
04/04/2018,36,
05/04/2018,54,
06/04/2018,48,
07/04/2018,49,
08/04/2018,38,
09/04/2018,24,
10/04/2018,22,
11/04/2018,23,
12/04/2018,35,
13/04/2018,39,
14/04/2018,43,
15/04/2018,34,
16/04/2018,25,
17/04/2018,26,
18/04/2018,36,
19/04/2018,35,
20/04/2018,36,
21/04/2018,28,
22/04/2018,43,
23/04/2018,33,
24/04/2018,29,
25/04/2018,34,
26/04/2018,29,
27/04/2018,31,
28/04/2018,30,
29/04/2018,30,
30/04/2018,27,
01/05/2018,36,
02/05/2018,33,
03/05/2018,32,
04/05/2018,39,
05/05/2018,30,
06/05/2018,39,
07/05/2018,32,
08/05/2018,43,
09/05/2018,38,
10/05/2018,30,
11/05/2018,26,
12/05/2018,28,
13/05/2018,26,
14/05/2018,33,
15/05/2018,29,
16/05/2018,38,
17/05/2018,39,
18/05/2018,31,
19/05/2018,40,
20/05/2018,29,
21/05/2018,24,
22/05/2018,41,
23/05/2018,36,
24/05/2018,31,
25/05/2018,31,
26/05/2018,41,
27/05/2018,30,
28/05/2018,30,
29/05/2018,30,
30/05/2018,35,
31/05/2018,29,
01/06/2018,29,
02/06/2018,42,
03/06/2018,34,
04/06/2018,40,
05/06/2018,38,
06/06/2018,44,
07/06/2018,44,
08/06/2018,42,
09/06/2018,44,
10/06/2018,35,
11/06/2018,32,
12/06/2018,40,
13/06/2018,40,
14/06/2018,33,
15/06/2018,34,
16/06/2018,22,
17/06/2018,22,
18/06/2018,27,
19/06/2018,26,
20/06/2018,28,
21/06/2018,31,
22/06/2018,37,
23/06/2018,27,
24/06/2018,24,
25/06/2018,22,
26/06/2018,28,
27/06/2018,32,
28/06/2018,31,
29/06/2018,22,
30/06/2018,29,
01/07/2018,26,
02/07/2018,25,
03/07/2018,32,
04/07/2018,39,
05/07/2018,37,
06/07/2018,35,
07/07/2018,41,
08/07/2018,42,
09/07/2018,33,
10/07/2018,29,
11/07/2018,33,
12/07/2018,43,
13/07/2018,38,
14/07/2018,38,
15/07/2018,36,
16/07/2018,32,
17/07/2018,42,
18/07/2018,50,
19/07/2018,42,
20/07/2018,29,
21/07/2018,41,
22/07/2018,40,
23/07/2018,30,
24/07/2018,40,
25/07/2018,37,
26/07/2018,34,
27/07/2018,37,
28/07/2018,43,
29/07/2018,38,
30/07/2018,28,
31/07/2018,30,
01/08/2018,23,
02/08/2018,25,
03/08/2018,35,
04/08/2018,52,
05/08/2018,43,
06/08/2018,43,
07/08/2018,52,
10/08/2018,36,
11/08/2018,32,
12/08/2018,37,
13/08/2018,43,
14/08/2018,49,
15/08/2018,40,
16/08/2018,57,
17/08/2018,81,
18/08/2018,82,
19/08/2018,68,
20/08/2018,65,
21/08/2018,66,
22/08/2018,65,
23/08/2018,55,
24/08/2018,56,
25/08/2018,57,
26/08/2018,69,
27/08/2018,69,
28/08/2018,67,
29/08/2018,58,
30/08/2018,59,
31/08/2018,61,
01/09/2018,59,
02/09/2018,62,
03/09/2018,64,
04/09/2018,59,
05/09/2018,64,
06/09/2018,71,
07/09/2018,67,
08/09/2018,65,
09/09/2018,67,
10/09/2018,77,
11/09/2018,63,
12/09/2018,61,
13/09/2018,60,
14/09/2018,66,
15/09/2018,68,
16/09/2018,66,
17/09/2018,67,
18/09/2018,68,
19/09/2018,65,
20/09/2018,58,
21/09/2018,55,
22/09/2018,59,
23/09/2018,62,
24/09/2018,67,
25/09/2018,72,
26/09/2018,70,
27/09/2018,63,
28/09/2018,64,
29/09/2018,74,
30/09/2018,79,
01/10/2018,75,
02/10/2018,71,
03/10/2018,62,
04/10/2018,61,
05/10/2018,64,
06/10/2018,68,
07/10/2018,62,
08/10/2018,57,
09/10/2018,56,
10/10/2018,53,
11/10/2018,54,
12/10/2018,47,
13/10/2018,54,
14/10/2018,49,
15/10/2018,47,
16/10/2018,60,
17/10/2018,60,
18/10/2018,50,
19/10/2018,52,
20/10/2018,51,
21/10/2018,60,
22/10/2018,66,
23/10/2018,60,
24/10/2018,55,
25/10/2018,54,
26/10/2018,53,
27/10/2018,55,
28/10/2018,54,
29/10/2018,58,
30/10/2018,55,
31/10/2018,56,
01/11/2018,69,
02/11/2018,57,
03/11/2018,54,
04/11/2018,52,
05/11/2018,55,
06/11/2018,59,
07/11/2018,55,
08/11/2018,54,
09/11/2018,56,
10/11/2018,53,
11/11/2018,54,
12/11/2018,53,
13/11/2018,54,
14/11/2018,52,
15/11/2018,55,
16/11/2018,53,
17/11/2018,59,
18/11/2018,61,
19/11/2018,55,
20/11/2018,55,
21/11/2018,55,
22/11/2018,42,
23/11/2018,56,
24/11/2018,61,
25/11/2018,56,
26/11/2018,53,
27/11/2018,53,
28/11/2018,56,
29/11/2018,56,
30/11/2018,40,
01/12/2018,55,
02/12/2018,55,
03/12/2018,55,
04/12/2018,56,
05/12/2018,53,
06/12/2018,53,
07/12/2018,51,
08/12/2018,51,
09/12/2018,55,
10/12/2018,53,
11/12/2018,49,
12/12/2018,50,
13/12/2018,51,
14/12/2018,50,
15/12/2018,54,
16/12/2018,50,
17/12/2018,43,
18/12/2018,51,
19/12/2018,57,
20/12/2018,61,
21/12/2018,58,
22/12/2018,57,
23/12/2018,59,
24/12/2018,56,
25/12/2018,58,
26/12/2018,55,
27/12/2018,54,
28/12/2018,56,
29/12/2018,57,
30/12/2018,56,
01/01/2019,15,
02/01/2019,23,
03/01/2019,29,
04/01/2019,31,
05/01/2019,26,
06/01/2019,28,
07/01/2019,33,
08/01/2019,31,
09/01/2019,30,
10/01/2019,25,
11/01/2019,20,
12/01/2019,17,
13/01/2019,23,
14/01/2019,37,
15/01/2019,32,
16/01/2019,47,
17/01/2019,48,
18/01/2019,37,
19/01/2019,35,
20/01/2019,30,
21/01/2019,39,
22/01/2019,35,
23/01/2019,35,
24/01/2019,26,
25/01/2019,29,
26/01/2019,28,
27/01/2019,42,
28/01/2019,39,
29/01/2019,27,
30/01/2019,36,
31/01/2019,36,
01/02/2019,24,
02/02/2019,26,
03/02/2019,26,
04/02/2019,30,
05/02/2019,25,
06/02/2019,27,
07/02/2019,31,
08/02/2019,38,
09/02/2019,59,
10/02/2019,45,
11/02/2019,55,
12/02/2019,38,
13/02/2019,30,
14/02/2019,22,
15/02/2019,36,
16/02/2019,40,
17/02/2019,38,
18/02/2019,44,
19/02/2019,32,
20/02/2019,31,
21/02/2019,29,
22/02/2019,35,
23/02/2019,42,
24/02/2019,34,
25/02/2019,24,
26/02/2019,26,
27/02/2019,33,
28/02/2019,47,
01/03/2019,38,
02/03/2019,47,
03/03/2019,40,
04/03/2019,39,
05/03/2019,27,
06/03/2019,32,
07/03/2019,48,
08/03/2019,41,
09/03/2019,29,
10/03/2019,18,
11/03/2019,23,
12/03/2019,28,
13/03/2019,25,
14/03/2019,42,
15/03/2019,48,
16/03/2019,33,
17/03/2019,48,
18/03/2019,29,
19/03/2019,37,
20/03/2019,41,
21/03/2019,37,
22/03/2019,28,
23/03/2019,35,
24/03/2019,26,
25/03/2019,29,
26/03/2019,30,
27/03/2019,22,
28/03/2019,33,
29/03/2019,46,
30/03/2019,49,
31/03/2019,36,
01/04/2019,40,
02/04/2019,40,
03/04/2019,42,
04/04/2019,36,
05/04/2019,54,
06/04/2019,48,
07/04/2019,49,
08/04/2019,38,
09/04/2019,24,
10/04/2019,22,
11/04/2019,23,
12/04/2019,35,
13/04/2019,39,
14/04/2019,43,
15/04/2019,34,
16/04/2019,25,
17/04/2019,26,
18/04/2019,36,
19/04/2019,35,
20/04/2019,36,
21/04/2019,28,
22/04/2019,43,
23/04/2019,33,
24/04/2019,29,
25/04/2019,34,
26/04/2019,29,
27/04/2019,31,
28/04/2019,30,
29/04/2019,30,
30/04/2019,27,
01/05/2019,36,
02/05/2019,33,
03/05/2019,32,
04/05/2019,39,
05/05/2019,30,
06/05/2019,39,
07/05/2019,32,
08/05/2019,43,
09/05/2019,38,
10/05/2019,30,
11/05/2019,26,
12/05/2019,28,
13/05/2019,26,
14/05/2019,33,
15/05/2019,29,
16/05/2019,38,
17/05/2019,39,
18/05/2019,31,
19/05/2019,40,
20/05/2019,29,
21/05/2019,24,
22/05/2019,41,
23/05/2019,36,
24/05/2019,31,
25/05/2019,31,
26/05/2019,41,
27/05/2019,30,
28/05/2019,30,
29/05/2019,30,
30/05/2019,35,
31/05/2019,29,
01/06/2019,29,
02/06/2019,42,
03/06/2019,34,
04/06/2019,40,
05/06/2019,38,
06/06/2019,44,
07/06/2019,44,
08/06/2019,42,
09/06/2019,44,
10/06/2019,35,
11/06/2019,32,
12/06/2019,40,
13/06/2019,40,
14/06/2019,33,
15/06/2019,34,
16/06/2019,22,
17/06/2019,22,
18/06/2019,27,
19/06/2019,26,
20/06/2019,28,
21/06/2019,31,
22/06/2019,37,
23/06/2019,27,
24/06/2019,24,
25/06/2019,22,
26/06/2019,28,
27/06/2019,32,
28/06/2019,33,
29/06/2019,63,
30/06/2019,59,
01/07/2019,61,
02/07/2019,61,
03/07/2019,62,
04/07/2019,67,
05/07/2019,70,
06/07/2019,62,
07/07/2019,59,
08/07/2019,56,
09/07/2019,54,
10/07/2019,56,
11/07/2019,60,
12/07/2019,62,
13/07/2019,63,
14/07/2019,64,
15/07/2019,62,
16/07/2019,60,
17/07/2019,66,
18/07/2019,66,
19/07/2019,63,
20/07/2019,61,
21/07/2019,63,
22/07/2019,63,
23/07/2019,57,
24/07/2019,57,
25/07/2019,61,
26/07/2019,62,
27/07/2019,64,
28/07/2019,67,
29/07/2019,65,
30/07/2019,67,
31/07/2019,75,
01/08/2019,83,
02/08/2019,72,
03/08/2019,74,
04/08/2019,69,
05/08/2019,71,
06/08/2019,74,
07/08/2019,77,
08/08/2019,79,
09/08/2019,79,
10/08/2019,77,
11/08/2019,75,
12/08/2019,67,
13/08/2019,63,
14/08/2019,71,
15/08/2019,70,
16/08/2019,60,
17/08/2019,77,
18/08/2019,79,
19/08/2019,71,
20/08/2019,80,
21/08/2019,78,
22/08/2019,68,
23/08/2019,82,
24/08/2019,75,
25/08/2019,72,
26/08/2019,69,
27/08/2019,69,
28/08/2019,63,
29/08/2019,56,
30/08/2019,59,
31/08/2019,58,
01/09/2019,66,
02/09/2019,73,
03/09/2019,79,
04/09/2019,79,
05/09/2019,76,
06/09/2019,92,
07/09/2019,92,
08/09/2019,87,
09/09/2019,105,
10/09/2019,140,
11/09/2019,143,
12/09/2019,125,
13/09/2019,148,
14/09/2019,145,
15/09/2019,91,
16/09/2019,152,
17/09/2019,149,
18/09/2019,180,
19/09/2019,152,
20/09/2019,149,
21/09/2019,147,
22/09/2019,146,
23/09/2019,146,
24/09/2019,100,
25/09/2019,83,
26/09/2019,62,
27/09/2019,65,
28/09/2019,70,
29/09/2019,60,
30/09/2019,54,
01/10/2019,59,
02/10/2019,69,
03/10/2019,78,
04/10/2019,72,
05/10/2019,61,
06/10/2019,57,
07/10/2019,63,
08/10/2019,59,
09/10/2019,54,
10/10/2019,57,
11/10/2019,64,
12/10/2019,62,
13/10/2019,62,
14/10/2019,69,
15/10/2019,66,
16/10/2019,65,
17/10/2019,75,
18/10/2019,59,
19/10/2019,56,
20/10/2019,53,
21/10/2019,55,
22/10/2019,54,
23/10/2019,54,
24/10/2019,64,
25/10/2019,67,
26/10/2019,59,
27/10/2019,52,
28/10/2019,53,
29/10/2019,51,
30/10/2019,51,
31/10/2019,58,
01/11/2019,57,
02/11/2019,61,
03/11/2019,68,
04/11/2019,64,
05/11/2019,61,
06/11/2019,68,
07/11/2019,70,
08/11/2019,60,
09/11/2019,54,
10/11/2019,63,
11/11/2019,57,
12/11/2019,60,
13/11/2019,74,
14/11/2019,74,
15/11/2019,63,
16/11/2019,63,
17/11/2019,56,
18/11/2019,59,
19/11/2019,64,
20/11/2019,65,
21/11/2019,67,
22/11/2019,58,
23/11/2019,54,
24/11/2019,55,
25/11/2019,62,
26/11/2019,55,
27/11/2019,60,
28/11/2019,61,
29/11/2019,55,
30/11/2019,56,
01/12/2019,55,
02/12/2019,45,
03/12/2019,50,
04/12/2019,48,
05/12/2019,56,
06/12/2019,58,
07/12/2019,53,
08/12/2019,52,
09/12/2019,38,
10/12/2019,51,
11/12/2019,55,
12/12/2019,56,
13/12/2019,53,
14/12/2019,52,
15/12/2019,51,
16/12/2019,50,
17/12/2019,52,
18/12/2019,52,
19/12/2019,52,
20/12/2019,52,
21/12/2019,52,
22/12/2019,52,
23/12/2019,52,
24/12/2019,52,
25/12/2019,52,
26/12/2019,52,
27/12/2019,52,
28/12/2019,52,
29/12/2019,52,
01/01/2020,52,
02/01/2020,52,
03/01/2020,52,
04/01/2020,52,
05/01/2020,52,
06/01/2020,52,
07/01/2020,52,
08/01/2020,52,
09/01/2020,52,
10/01/2020,52,
11/01/2020,52,
12/01/2020,52,
13/01/2020,52,
14/01/2020,52,
15/01/2020,52,
16/01/2020,52,
17/01/2020,52,
18/01/2020,64,
26/01/2020,75,
27/01/2020,63,
28/01/2020,60,
29/01/2020,57,
30/01/2020,36,
31/01/2020,52,
01/02/2020,55,
02/02/2020,49,
03/02/2020,60,
04/02/2020,64,
05/02/2020,62,
06/02/2020,58,
07/02/2020,56,
08/02/2020,64,
09/02/2020,66,
10/02/2020,52,
11/02/2020,42,
12/02/2020,33,
13/02/2020,40,
14/02/2020,54,
15/02/2020,52,
16/02/2020,51,
17/02/2020,55,
18/02/2020,47,
19/02/2020,42,
20/02/2020,56,
21/02/2020,46,
22/02/2020,43,
23/02/2020,36,
24/02/2020,40,
25/02/2020,51,
26/02/2020,52,
27/02/2020,54,
28/02/2020,45,
29/02/2020,50,
01/03/2020,58,
02/03/2020,58,
03/03/2020,67,
04/03/2020,61,
05/03/2020,61,
06/03/2020,58,
07/03/2020,55,
08/03/2020,57,
09/03/2020,62,
10/03/2020,61,
11/03/2020,56,
12/03/2020,58,
13/03/2020,63,
14/03/2020,61,
15/03/2020,38,
16/03/2020,39,
17/03/2020,45,
18/03/2020,56,
19/03/2020,53,
20/03/2020,59,
21/03/2020,56,
22/03/2020,55,
23/03/2020,54,
24/03/2020,51,
25/03/2020,47,
26/03/2020,41,
27/03/2020,48,
28/03/2020,55,
29/03/2020,55,
01/04/2020,56,
02/04/2020,59,
03/04/2020,50,
04/04/2020,49,
05/04/2020,41,
06/04/2020,35,
07/04/2020,39,
08/04/2020,50,
09/04/2020,56,
10/04/2020,56,
11/04/2020,56,
12/04/2020,57,
13/04/2020,53,
14/04/2020,50,
15/04/2020,55,
16/04/2020,53,
17/04/2020,56,
18/04/2020,54,
19/04/2020,55,
20/04/2020,57,
21/04/2020,56,
22/04/2020,54,
23/04/2020,36,
24/04/2020,30,
25/04/2020,34,
26/04/2020,37,
27/04/2020,31,
28/04/2020,36,
29/04/2020,37,
30/04/2020,31,
01/05/2020,37,
02/05/2020,48,
03/05/2020,43,
04/05/2020,48,
05/05/2020,52,
06/05/2020,51,
07/05/2020,55,
08/05/2020,57,
09/05/2020,55,
10/05/2020,53,
11/05/2020,47,
12/05/2020,38,
13/05/2020,39,
14/05/2020,44,
15/05/2020,49,
16/05/2020,53,
17/05/2020,42,
18/05/2020,46,
19/05/2020,53,
20/05/2020,54,
21/05/2020,51,
22/05/2020,53,
23/05/2020,60,
24/05/2020,65,
25/05/2020,59,
26/05/2020,59,
27/05/2020,61,
28/05/2020,60,
29/05/2020,58,
30/05/2020,60,
31/05/2020,57,
01/06/2020,56,
02/06/2020,54,
03/06/2020,53,
04/06/2020,54,
05/06/2020,50,
06/06/2020,45,
07/06/2020,53,
08/06/2020,59,
09/06/2020,61,
10/06/2020,58,
11/06/2020,59,
12/06/2020,54,
13/06/2020,51,
14/06/2020,54,
15/06/2020,52,
16/06/2020,58,
17/06/2020,64,
18/06/2020,57,
19/06/2020,53,
20/06/2020,55,
21/06/2020,51,
22/06/2020,49,
23/06/2020,44,
24/06/2020,46,
25/06/2020,52,
26/06/2020,53,
27/06/2020,62,
28/06/2020,65,
29/06/2020,56,
30/06/2020,58,
01/07/2020,65,
02/07/2020,60,
03/07/2020,56,
04/07/2020,57,
05/07/2020,54,
06/07/2020,52,
07/07/2020,51,
08/07/2020,51,
09/07/2020,63,
10/07/2020,52,
11/07/2020,56,
12/07/2020,59,
13/07/2020,44,
14/07/2020,44,
15/07/2020,50,
16/07/2020,53,
17/07/2020,52,
18/07/2020,54,
19/07/2020,48,
20/07/2020,55,
21/07/2020,54,
22/07/2020,52,
23/07/2020,51,
24/07/2020,56,
25/07/2020,54,
26/07/2020,53,
27/07/2020,54,
28/07/2020,50,
29/07/2020,55,
30/07/2020,69,
31/07/2020,64,
01/08/2020,51,
02/08/2020,43,
03/08/2020,55,
04/08/2020,55,
05/08/2020,47,
06/08/2020,57,
07/08/2020,58,
08/08/2020,61,
09/08/2020,57,
10/08/2020,55,
11/08/2020,58,
12/08/2020,59,
13/08/2020,53,
14/08/2020,52,
15/08/2020,55,
16/08/2020,59,
17/08/2020,50,
18/08/2020,57,
19/08/2020,59,
20/08/2020,67,
21/08/2020,61,
22/08/2020,61,
23/08/2020,71,
24/08/2020,56,
25/08/2020,51,
26/08/2020,49,
27/08/2020,52,
28/08/2020,60,
29/08/2020,65,
30/08/2020,67,
31/08/2020,61,
01/09/2020,54,
02/09/2020,54,
03/09/2020,49,
04/09/2020,55,
05/09/2020,43,
06/09/2020,51,
07/09/2020,57,
08/09/2020,61,
09/09/2020,61,
10/09/2020,55,
11/09/2020,52,
14/09/2020,54,
15/09/2020,47,
16/09/2020,54,
17/09/2020,59,
18/09/2020,67,
19/09/2020,46,
20/09/2020,49,
21/09/2020,36,
22/09/2020,46,
23/09/2020,49,
24/09/2020,48,
25/09/2020,53,
26/09/2020,46,
27/09/2020,41,
28/09/2020,53,
29/09/2020,56,
30/09/2020,53,
01/10/2020,52,
02/10/2020,39,
03/10/2020,42,
04/10/2020,51,
05/10/2020,65,
06/10/2020,60,
07/10/2020,64,
08/10/2020,43,
09/10/2020,45,
10/10/2020,50,
11/10/2020,37,
12/10/2020,39,
13/10/2020,34,
14/10/2020,56,
15/10/2020,58,
16/10/2020,51,
17/10/2020,48,
18/10/2020,50,
19/10/2020,51,
20/10/2020,58,
21/10/2020,59,
22/10/2020,51,
23/10/2020,44,
24/10/2020,47,
25/10/2020,59,
26/10/2020,40,
27/10/2020,53,
28/10/2020,56,
29/10/2020,56,
30/10/2020,60,
31/10/2020,58,
01/11/2020,48,
02/11/2020,45,
03/11/2020,48,
04/11/2020,42,
05/11/2020,48,
06/11/2020,62,
07/11/2020,56,
08/11/2020,52,
09/11/2020,45,
10/11/2020,44,
11/11/2020,56,
12/11/2020,55,
13/11/2020,53,
14/11/2020,56,
15/11/2020,56,
16/11/2020,38,
17/11/2020,44,
18/11/2020,44,
19/11/2020,53,
20/11/2020,47,
21/11/2020,54,
22/11/2020,41,
23/11/2020,33,
24/11/2020,47,
25/11/2020,46,
26/11/2020,57,
27/11/2020,52,
28/11/2020,54,
29/11/2020,47,
30/11/2020,64,
01/12/2020,65,
02/12/2020,52,
03/12/2020,54,
04/12/2020,43,
05/12/2020,36,
06/12/2020,40,
07/12/2020,53,
08/12/2020,61,
09/12/2020,66,
10/12/2020,58,
11/12/2020,56,
12/12/2020,61,
13/12/2020,52,
14/12/2020,41,
15/12/2020,52,
16/12/2020,51,
17/12/2020,49,
18/12/2020,50,
19/12/2020,42,
20/12/2020,34,
21/12/2020,41,
22/12/2020,56,
23/12/2020,61,
24/12/2020,58,
25/12/2020,57,
26/12/2020,45,
27/12/2020,36,
28/12/2020,46,
29/12/2020,53,
30/12/2020,53,
31/12/2020,61,
01/01/2021,57,
02/01/2021,29,
03/01/2021,36,
04/01/2021,26,
05/01/2021,46,
06/01/2021,44,
07/01/2021,45,
08/01/2021,45,
09/01/2021,31,
10/01/2021,31,
11/01/2021,28,
12/01/2021,26,
13/01/2021,27,
14/01/2021,44,
15/01/2021,51,
16/01/2021,59,
17/01/2021,57,
18/01/2021,54,
19/01/2021,54,
20/01/2021,55,
21/01/2021,62,
22/01/2021,60,
23/01/2021,55,
24/01/2021,52,
25/01/2021,60,
26/01/2021,58,
27/01/2021,67,
28/01/2021,57,
29/01/2021,55,
30/01/2021,65,
31/01/2021,60,
01/02/2021,60,
02/02/2021,36,
03/02/2021,55,
04/02/2021,64,
05/02/2021,56,
06/02/2021,55,
07/02/2021,54,
08/02/2021,58,
09/02/2021,62,
10/02/2021,62,
11/02/2021,63,
12/02/2021,59,
13/02/2021,56,
14/02/2021,58,
15/02/2021,60,
16/02/2021,69,
17/02/2021,69,
18/02/2021,69,
19/02/2021,61,
20/02/2021,53,
21/02/2021,52,
22/02/2021,54,
23/02/2021,63,
24/02/2021,74,
25/02/2021,73,
26/02/2021,63,
27/02/2021,58,
28/02/2021,57,
01/03/2021,70,
02/03/2021,93,
03/03/2021,74,
04/03/2021,65,
05/03/2021,55,
06/03/2021,58,
07/03/2021,54,
08/03/2021,53,
09/03/2021,63,
10/03/2021,72,
11/03/2021,66,
12/03/2021,56,
13/03/2021,56,
14/03/2021,62,
15/03/2021,63,
16/03/2021,60,
17/03/2021,65,
18/03/2021,61,
19/03/2021,71,
20/03/2021,79,
21/03/2021,77,
22/03/2021,68,
23/03/2021,62,
24/03/2021,45,
25/03/2021,39,
26/03/2021,41,
29/03/2021,53,
30/03/2021,58,
31/03/2021,55,
01/04/2021,58,
02/04/2021,59,
03/04/2021,59,
04/04/2021,56,
05/04/2021,56,
06/04/2021,56,
07/04/2021,59,
08/04/2021,53,
09/04/2021,62,
10/04/2021,64,
11/04/2021,68,
12/04/2021,64,
13/04/2021,63,
14/04/2021,58,
15/04/2021,65,
16/04/2021,66,
17/04/2021,62,
18/04/2021,52,
19/04/2021,56,
20/04/2021,59,
21/04/2021,57,
22/04/2021,58,
23/04/2021,53,
24/04/2021,51,
25/04/2021,50,
26/04/2021,51,
27/04/2021,65,
28/04/2021,66,
29/04/2021,62,
30/04/2021,63,
01/05/2021,50,
02/05/2021,40,
03/05/2021,45,
04/05/2021,52,
05/05/2021,58,
06/05/2021,53,
07/05/2021,55,
19/05/2021,58,
20/05/2021,65,
21/05/2021,71,
22/05/2021,66,
23/05/2021,66,
24/05/2021,78,
25/05/2021,70,
26/05/2021,60,
27/05/2021,56,
28/05/2021,55,
29/05/2021,57,
30/05/2021,57,
31/05/2021,53,
01/06/2021,54,
02/06/2021,59,
03/06/2021,54,
04/06/2021,53,
05/06/2021,54,
06/06/2021,63,
07/06/2021,64,
08/06/2021,66,
09/06/2021,71,
10/06/2021,63,
11/06/2021,57,
12/06/2021,64,
13/06/2021,62,
14/06/2021,60,
15/06/2021,53,
16/06/2021,48,
17/06/2021,45,
18/06/2021,65,
19/06/2021,65,
20/06/2021,70,
21/06/2021,58,
22/06/2021,58,
23/06/2021,50,
24/06/2021,58,
25/06/2021,59,
26/06/2021,53,
27/06/2021,53,
28/06/2021,56,
29/06/2021,53,
30/06/2021,47,
01/07/2021,58,
02/07/2021,60,
03/07/2021,59,
04/07/2021,61,
05/07/2021,62,
06/07/2021,61,
07/07/2021,54,
08/07/2021,61,
09/07/2021,60,
10/07/2021,57,
11/07/2021,42,
12/07/2021,26,
13/07/2021,29,
14/07/2021,41,
15/07/2021,50,
16/07/2021,54,
17/07/2021,61,
18/07/2021,65,
19/07/2021,60,
20/07/2021,56,
21/07/2021,55,
22/07/2021,55,
23/07/2021,51,
24/07/2021,49,
25/07/2021,59,
26/07/2021,65,
27/07/2021,62,
28/07/2021,63,
29/07/2021,63,
30/07/2021,65,
31/07/2021,70,
01/08/2021,55,
02/08/2021,54,
03/08/2021,60,
04/08/2021,57,
05/08/2021,57,
06/08/2021,55,
07/08/2021,57,
08/08/2021,57,
09/08/2021,52,
10/08/2021,42,
11/08/2021,49,
12/08/2021,52,
13/08/2021,54,
14/08/2021,58,
15/08/2021,62,
16/08/2021,46,
17/08/2021,37,
18/08/2021,32,
19/08/2021,31,
20/08/2021,39,
21/08/2021,43,
22/08/2021,47,
09/09/2021,55,
10/09/2021,51,
11/09/2021,54,
12/09/2021,64,
13/09/2021,44,
14/09/2021,38,
15/09/2021,60,
16/09/2021,53,
17/09/2021,38,
18/09/2021,39,
19/09/2021,47,
20/09/2021,26,
21/09/2021,41,
22/09/2021,51,
23/09/2021,32,
24/09/2021,54,
25/09/2021,61,
26/09/2021,57,
27/09/2021,41,
28/09/2021,44,
29/09/2021,42,
30/09/2021,37,
01/10/2021,41,
02/10/2021,38,
03/10/2021,54,
04/10/2021,70,
05/10/2021,65,
06/10/2021,48,
07/10/2021,38,
08/10/2021,46,
09/10/2021,68,
10/10/2021,66,
11/10/2021,62,
12/10/2021,52,
13/10/2021,52,
14/10/2021,65,
15/10/2021,60,
16/10/2021,55,
17/10/2021,59,
18/10/2021,56,
19/10/2021,49,
20/10/2021,51,
21/10/2021,41,
22/10/2021,53,
23/10/2021,50,
24/10/2021,42,
25/10/2021,46,
26/10/2021,54,
27/10/2021,47,
28/10/2021,43,
29/10/2021,55,
30/10/2021,58,
31/10/2021,55,
01/11/2021,60,
02/11/2021,47,
03/11/2021,45,
04/11/2021,66,
05/11/2021,57,
06/11/2021,53,
07/11/2021,53,
08/11/2021,36,
09/11/2021,49,
10/11/2021,53,
11/11/2021,38,
12/11/2021,40,
13/11/2021,31,
14/11/2021,36,
15/11/2021,59,
16/11/2021,66,
17/11/2021,59,
18/11/2021,52,
19/11/2021,52,
20/11/2021,45,
21/11/2021,51,
22/11/2021,50,
23/11/2021,49,
24/11/2021,55,
25/11/2021,53,
26/11/2021,54,
27/11/2021,57,
28/11/2021,54,
29/11/2021,36,
30/11/2021,34,
01/12/2021,52,
02/12/2021,53,
03/12/2021,51,
04/12/2021,52,
05/12/2021,52,
06/12/2021,54,
07/12/2021,56,
08/12/2021,53,
09/12/2021,54,
10/12/2021,57,
11/12/2021,55,
12/12/2021,56,
13/12/2021,62,
14/12/2021,57,
15/12/2021,57,
16/12/2021,55,
27/12/2021,55,
28/12/2021,58,
29/12/2021,62,
30/12/2021,54,
31/12/2021,38,
01/01/2022,32,
02/01/2022,41,
03/01/2022,38,
04/01/2022,53,
05/01/2022,55,
06/01/2022,56,
07/01/2022,65,
08/01/2022,61,
09/01/2022,55,
10/01/2022,60,
11/01/2022,61,
12/01/2022,56,
13/01/2022,52,
14/01/2022,49,
15/01/2022,53,
16/01/2022,55,
17/01/2022,53,
18/01/2022,55,
19/01/2022,65,
20/01/2022,57,
21/01/2022,66,
22/01/2022,60,
27/01/2022,72,
28/01/2022,67,
29/01/2022,60,
30/01/2022,60,
31/01/2022,66,
01/02/2022,73,
02/02/2022,68,
03/02/2022,63,
04/02/2022,55,
05/02/2022,55,
06/02/2022,58,
07/02/2022,56,
08/02/2022,50,
09/02/2022,66,
10/02/2022,58,
11/02/2022,57,
12/02/2022,54,
13/02/2022,57,
14/02/2022,45,
15/02/2022,45,
16/02/2022,53,
17/02/2022,53,
18/02/2022,53,
19/02/2022,66,
20/02/2022,71,
21/02/2022,64,
22/02/2022,58,
23/02/2022,62,
24/02/2022,57,
25/02/2022,55,
26/02/2022,54,
27/02/2022,65,
28/02/2022,54,
01/03/2022,48,
02/03/2022,43,
03/03/2022,37,
04/03/2022,39,
05/03/2022,39,
06/03/2022,32,
07/03/2022,37,
08/03/2022,30,
09/03/2022,40,
10/03/2022,40,
11/03/2022,42,
12/03/2022,57,
13/03/2022,66,
14/03/2022,70,
15/03/2022,59,
16/03/2022,45,
17/03/2022,42,
18/03/2022,50,
19/03/2022,44,
20/03/2022,52,
21/03/2022,54,
22/03/2022,61,
23/03/2022,59,
24/03/2022,59,
25/03/2022,62,
26/03/2022,64,
27/03/2022,64,
28/03/2022,54,
29/03/2022,46,
30/03/2022,52,
31/03/2022,40,
01/04/2022,42,
02/04/2022,52,
03/04/2022,52,
04/04/2022,48,
05/04/2022,54,
06/04/2022,49,
07/04/2022,47,
08/04/2022,53,
09/04/2022,55,
10/04/2022,60,
11/04/2022,58,
12/04/2022,56,
13/04/2022,59,
14/04/2022,58,
15/04/2022,60,
16/04/2022,60,
17/04/2022,60,
18/04/2022,62,
19/04/2022,61,
20/04/2022,58,
21/04/2022,57,
22/04/2022,53,
23/04/2022,49,
24/04/2022,47,
25/04/2022,52,
26/04/2022,53,
27/04/2022,65,
28/04/2022,62,
29/04/2022,58,
30/04/2022,53,
01/05/2022,59,
02/05/2022,64,
03/05/2022,45,
04/05/2022,44,
05/05/2022,44,
06/05/2022,46,
07/05/2022,41,
08/05/2022,37,
09/05/2022,47,
10/05/2022,52,
11/05/2022,49,
12/05/2022,59,
13/05/2022,57,
14/05/2022,60,
15/05/2022,63,
16/05/2022,61,
17/05/2022,37,
18/05/2022,53,
19/05/2022,64,
20/05/2022,68,
21/05/2022,57,
22/05/2022,54,
23/05/2022,56,
24/05/2022,64,
25/05/2022,50,
26/05/2022,38,
27/05/2022,48,
28/05/2022,52,
29/05/2022,56,
30/05/2022,55,
31/05/2022,45,
01/06/2022,46,
02/06/2022,47,
03/06/2022,47,
04/06/2022,44,
05/06/2022,46,
06/06/2022,50,
07/06/2022,58,
08/06/2022,64,
09/06/2022,46,
10/06/2022,51,
11/06/2022,52,
12/06/2022,40,
13/06/2022,48,
14/06/2022,53,
15/06/2022,55,
16/06/2022,52,
17/06/2022,55,
18/06/2022,55,
19/06/2022,48,
20/06/2022,54,
21/06/2022,60,
22/06/2022,57,
23/06/2022,46,
24/06/2022,46,
25/06/2022,41,
26/06/2022,45,
27/06/2022,50,
28/06/2022,50,
29/06/2022,50,
30/06/2022,47,
01/07/2022,49,
02/07/2022,54,
03/07/2022,64,
04/07/2022,67,
05/07/2022,67,
06/07/2022,61,
07/07/2022,57,
08/07/2022,57,
09/07/2022,55,
10/07/2022,53,
11/07/2022,55,
12/07/2022,55,
13/07/2022,47,
14/07/2022,57,
15/07/2022,68,
16/07/2022,64,
17/07/2022,59,
18/07/2022,67,
19/07/2022,68,
20/07/2022,58,
21/07/2022,56,
22/07/2022,66,
23/07/2022,50,
24/07/2022,50,
25/07/2022,49,
26/07/2022,49,
27/07/2022,54,
28/07/2022,50,
29/07/2022,42,
30/07/2022,38,
31/07/2022,50,
01/08/2022,50,
02/08/2022,56,
03/08/2022,54,
04/08/2022,58,
05/08/2022,59,
06/08/2022,65,
07/08/2022,66,
08/08/2022,67,
09/08/2022,59,
10/08/2022,64,
11/08/2022,67,
12/08/2022,67,
13/08/2022,57,
14/08/2022,53,
15/08/2022,58,
16/08/2022,60,
17/08/2022,60,
18/08/2022,60,
19/08/2022,58,
20/08/2022,54,
21/08/2022,57,
22/08/2022,63,
23/08/2022,57,
24/08/2022,59,
25/08/2022,65,
26/08/2022,60,
27/08/2022,58,
28/08/2022,58,
29/08/2022,57,
30/08/2022,56,
31/08/2022,67,
01/09/2022,62,
02/09/2022,62,
03/09/2022,61,
04/09/2022,63,
05/09/2022,74,
06/09/2022,71,
07/09/2022,65,
08/09/2022,66,
09/09/2022,65,
10/09/2022,67,
11/09/2022,69,
12/09/2022,64,
13/09/2022,62,
14/09/2022,59,
15/09/2022,65,
16/09/2022,73,
17/09/2022,70,
18/09/2022,65,
19/09/2022,59,
20/09/2022,65,
21/09/2022,66,
22/09/2022,66,
23/09/2022,61,
24/09/2022,66,
25/09/2022,64,
26/09/2022,64,
27/09/2022,66,
28/09/2022,66,
29/09/2022,63,
30/09/2022,65,
01/10/2022,68,
02/10/2022,63,
03/10/2022,63,
04/10/2022,63,
05/10/2022,64,
06/10/2022,66,
07/10/2022,62,
08/10/2022,62,
09/10/2022,67,
10/10/2022,65,
11/10/2022,70,
12/10/2022,67,
13/10/2022,66,
14/10/2022,65,
15/10/2022,65,
16/10/2022,64,
17/10/2022,69,
18/10/2022,72,
19/10/2022,74,
20/10/2022,73,
21/10/2022,71,
22/10/2022,68,
23/10/2022,65,
24/10/2022,69,
25/10/2022,66,
26/10/2022,65,
27/10/2022,65,
28/10/2022,67,
29/10/2022,68,
30/10/2022,69,
31/10/2022,65,
01/11/2022,67,
02/11/2022,67,
03/11/2022,68,
04/11/2022,72,
05/11/2022,73,
06/11/2022,71,
07/11/2022,69,
08/11/2022,68,
09/11/2022,67,
10/11/2022,68,
11/11/2022,66,
12/11/2022,69,
13/11/2022,71,
14/11/2022,71,
15/11/2022,68,
16/11/2022,69,
17/11/2022,68,
18/11/2022,67,
19/11/2022,68,
20/11/2022,65,
21/11/2022,68,
10/02/2023,59,
11/02/2023,60,
12/02/2023,55,
13/02/2023,54,
14/02/2023,59,
15/02/2023,56,
16/02/2023,61,
17/02/2023,56,
18/02/2023,54,
19/02/2023,52,
20/02/2023,46,
21/02/2023,51,
22/02/2023,61,
23/02/2023,59,
24/02/2023,67,
25/02/2023,71,
26/02/2023,74,
27/02/2023,76,
28/02/2023,119,
01/03/2023,76,
02/03/2023,58,
03/03/2023,46,
04/03/2023,41,
05/03/2023,49,
06/03/2023,53,
07/03/2023,64,
08/03/2023,62,
09/03/2023,59,
10/03/2023,56,
11/03/2023,72,
12/03/2023,62,
13/03/2023,56,
14/03/2023,64,
15/03/2023,63,
16/03/2023,64,
17/03/2023,67,
18/03/2023,63,
19/03/2023,66,
20/03/2023,70,
21/03/2023,66,
22/03/2023,71,
23/03/2023,70,
24/03/2023,67,
25/03/2023,65,
26/03/2023,66,
27/03/2023,64,
28/03/2023,71,
29/03/2023,74,
30/03/2023,75,
31/03/2023,72,
01/04/2023,75,
02/04/2023,76,
03/04/2023,63,
04/04/2023,67,
05/04/2023,64,
06/04/2023,64,
07/04/2023,66,
08/04/2023,71,
09/04/2023,65,
10/04/2023,73,
11/04/2023,99,
12/04/2023,90,
13/04/2023,86,
14/04/2023,95,
15/04/2023,142,
16/04/2023,112,
17/04/2023,125,
18/04/2023,74,
19/04/2023,75,
20/04/2023,81,
21/04/2023,73,
22/04/2023,68,
23/04/2023,66,
24/04/2023,57,
25/04/2023,55,
26/04/2023,52,
27/04/2023,53,
28/04/2023,41,
29/04/2023,50,
30/04/2023,55,
01/05/2023,54,
02/05/2023,50,
03/05/2023,55,
04/05/2023,56,
05/05/2023,63,
06/05/2023,56,
07/05/2023,39,
08/05/2023,36,
09/05/2023,35,
10/05/2023,53,
11/05/2023,60,
12/05/2023,61,
13/05/2023,64,
14/05/2023,63,
15/05/2023,61,
16/05/2023,67,
17/05/2023,60,
18/05/2023,63,
19/05/2023,60,
20/05/2023,52,
21/05/2023,47,
22/05/2023,47,
23/05/2023,56,
24/05/2023,56,
25/05/2023,64,
26/05/2023,60,
27/05/2023,59,
28/05/2023,57,
29/05/2023,57,
30/05/2023,62,
31/05/2023,61,
01/06/2023,69,
02/06/2023,69,
03/06/2023,66,
04/06/2023,70,
05/06/2023,58,
06/06/2023,56,
07/06/2023,63,
08/06/2023,71,
09/06/2023,70,
10/06/2023,61,
11/06/2023,63,
12/06/2023,62,
13/06/2023,59,
14/06/2023,84,
15/06/2023,148,
16/06/2023,72,
17/06/2023,62,
18/06/2023,62,
19/06/2023,77,
20/06/2023,70,
21/06/2023,67,
22/06/2023,65,
23/06/2023,67,
24/06/2023,68,
25/06/2023,60,
26/06/2023,53,
27/06/2023,49,
28/06/2023,46,
29/06/2023,51,
30/06/2023,54,
01/07/2023,42,
02/07/2023,47,
03/07/2023,54,
04/07/2023,58,
05/07/2023,51,
06/07/2023,52,
07/07/2023,55,
08/07/2023,54,
09/07/2023,58,
10/07/2023,56,
11/07/2023,33,
12/07/2023,40,
13/07/2023,51,
14/07/2023,55,
15/07/2023,50,
16/07/2023,58,
17/07/2023,66,
18/07/2023,56,
19/07/2023,52,
20/07/2023,49,
21/07/2023,52,
22/07/2023,56,
23/07/2023,60,
24/07/2023,62,
25/07/2023,56,
26/07/2023,60,
27/07/2023,60,
28/07/2023,65,
29/07/2023,71,
30/07/2023,70,
31/07/2023,66,
01/08/2023,62,
02/08/2023,58,
03/08/2023,53,
04/08/2023,55,
05/08/2023,53,
06/08/2023,58,
07/08/2023,64,
08/08/2023,70,
09/08/2023,63,
10/08/2023,56,
11/08/2023,60,
12/08/2023,62,
13/08/2023,58,
14/08/2023,57,
15/08/2023,40,
16/08/2023,65,
17/08/2023,57,
18/08/2023,59,
19/08/2023,56,
20/08/2023,47,
21/08/2023,47,
22/08/2023,54,
23/08/2023,68,
24/08/2023,69,
25/08/2023,66,
26/08/2023,63,
27/08/2023,57,
28/08/2023,54,
29/08/2023,48,
30/08/2023,55,
31/08/2023,56,
01/09/2023,61,
02/09/2023,79,
03/09/2023,102,
04/09/2023,108,
05/09/2023,79,
06/09/2023,57,
07/09/2023,69,
08/09/2023,99,
09/09/2023,67,
10/09/2023,43,
11/09/2023,71,
12/09/2023,91,
13/09/2023,81,
14/09/2023,65,
15/09/2023,67,
16/09/2023,87,
17/09/2023,95,
18/09/2023,74,
19/09/2023,67,
20/09/2023,66,
21/09/2023,66,
22/09/2023,59,
23/09/2023,62,
24/09/2023,65,
25/09/2023,66,
26/09/2023,78,
27/09/2023,96,
28/09/2023,97,
29/09/2023,141,
30/09/2023,129,
01/10/2023,118,
02/10/2023,161,
03/10/2023,153,
04/10/2023,95,
05/10/2023,96,
06/10/2023,93,
07/10/2023,100,
08/10/2023,152,
09/10/2023,159,
10/10/2023,160,
11/10/2023,72,
12/10/2023,59,
13/10/2023,71,
14/10/2023,88,
15/10/2023,80,
16/10/2023,67,
17/10/2023,76,
18/10/2023,110,
19/10/2023,85,
20/10/2023,77,
21/10/2023,62,
22/10/2023,61,
23/10/2023,56,
24/10/2023,57,
25/10/2023,57,
26/10/2023,56,
27/10/2023,61,
28/10/2023,76,
29/10/2023,67,
30/10/2023,58,
31/10/2023,62,
01/11/2023,63,
02/11/2023,59,
03/11/2023,65,
04/11/2023,70,
05/11/2023,65,
06/11/2023,63,
07/11/2023,59,
08/11/2023,60,
09/11/2023,65,
10/11/2023,61,
11/11/2023,56,
12/11/2023,59,
13/11/2023,63,
14/11/2023,59,
15/11/2023,55,
16/11/2023,50,
17/11/2023,63,
18/11/2023,58,
19/11/2023,55,
20/11/2023,56,
21/11/2023,57,
22/11/2023,55,
23/11/2023,53,
24/11/2023,54,
25/11/2023,58,
26/11/2023,49,
27/11/2023,37,
28/11/2023,48,
29/11/2023,33,
30/11/2023,50,
01/12/2023,48,
02/12/2023,37,
03/12/2023,49,
04/12/2023,53,
05/12/2023,52,
06/12/2023,53,
07/12/2023,42,
08/12/2023,36,
09/12/2023,44,
10/12/2023,77,
11/12/2023,85,
12/12/2023,76,
13/12/2023,70,
14/12/2023,61,
15/12/2023,52,
16/12/2023,44,
17/12/2023,73,
18/12/2023,73,
19/12/2023,74,
20/12/2023,66,
21/12/2023,61,
22/12/2023,55,
23/12/2023,53,
24/12/2023,60,
25/12/2023,78,
26/12/2023,71,
27/12/2023,68,
28/12/2023,44,
29/12/2023,37,
30/12/2023,43,
31/12/2023,46,
01/01/2024,62,
02/01/2024,63,
03/01/2024,64,
04/01/2024,60,
05/01/2024,62,
06/01/2024,59,
07/01/2024,58,
08/01/2024,53,
09/01/2024,55,
10/01/2024,52,
11/01/2024,57,
12/01/2024,59,
13/01/2024,59,
14/01/2024,64,
15/01/2024,64,
16/01/2024,57,
17/01/2024,57,
18/01/2024,54,
19/01/2024,58,
20/01/2024,61,
21/01/2024,70,
22/01/2024,75,
23/01/2024,78,
24/01/2024,62,
25/01/2024,58,
26/01/2024,52,
27/01/2024,53,
28/01/2024,48,
29/01/2024,54,
30/01/2024,58,
31/01/2024,58,
01/02/2024,69,
02/02/2024,64,
03/02/2024,65,
04/02/2024,68,
05/02/2024,67,
06/02/2024,73,
07/02/2024,71,
08/02/2024,66,
09/02/2024,66,
10/02/2024,68,
11/02/2024,64,
12/02/2024,59,
13/02/2024,58,
14/02/2024,57,
15/02/2024,58,
16/02/2024,62,
17/02/2024,67,
18/02/2024,65,
19/02/2024,63,
20/02/2024,69,
21/02/2024,65,
22/02/2024,66,
23/02/2024,68,
24/02/2024,76,
25/02/2024,71,
26/02/2024,61,
27/02/2024,62,
28/02/2024,57,
29/02/2024,61,
01/03/2024,72,
02/03/2024,71,
03/03/2024,62,
04/03/2024,62,
05/03/2024,69,
06/03/2024,65,
07/03/2024,67,
08/03/2024,64,
09/03/2024,62,
10/03/2024,68,
11/03/2024,73,
12/03/2024,72,
13/03/2024,80,
14/03/2024,79,
15/03/2024,69,
16/03/2024,68,
17/03/2024,64,
18/03/2024,61,
19/03/2024,62,
20/03/2024,62,
21/03/2024,64,
22/03/2024,63,
23/03/2024,91,
24/03/2024,75,
25/03/2024,73,
26/03/2024,75,
27/03/2024,70,
28/03/2024,67,
29/03/2024,58,
30/03/2024,62,
31/03/2024,58,
01/04/2024,66,
02/04/2024,74,
03/04/2024,75,
04/04/2024,77,
05/04/2024,72,
06/04/2024,79,
07/04/2024,91,
08/04/2024,99,
09/04/2024,100,
10/04/2024,152,
11/04/2024,90,
12/04/2024,82,
13/04/2024,80,
14/04/2024,83,
15/04/2024,77,
16/04/2024,72,
17/04/2024,72,
18/04/2024,88,
19/04/2024,77,
20/04/2024,76,
21/04/2024,78,
22/04/2024,76,
23/04/2024,77,
24/04/2024,80,
25/04/2024,74,
26/04/2024,76,
27/04/2024,82,
28/04/2024,80,
29/04/2024,78,
30/04/2024,85,
01/05/2024,91,
02/05/2024,79,
03/05/2024,84,
04/05/2024,78,
05/05/2024,77,
06/05/2024,90,
07/05/2024,89,
08/05/2024,89,
09/05/2024,86,
10/05/2024,78,
11/05/2024,141,
12/05/2024,50,
13/05/2024,44,
14/05/2024,57,
15/05/2024,67,
16/05/2024,59,
17/05/2024,54,
18/05/2024,63,
19/05/2024,61,
20/05/2024,57,
21/05/2024,53,
22/05/2024,55,
23/05/2024,63,
24/05/2024,51,
25/05/2024,61,
26/05/2024,55,
27/05/2024,55,
28/05/2024,58,
29/05/2024,59,
30/05/2024,56,
31/05/2024,60,
01/06/2024,54,
02/06/2024,56,
03/06/2024,57,
04/06/2024,55,
05/06/2024,70,
06/06/2024,65,
07/06/2024,85,
08/06/2024,61,
09/06/2024,51,
10/06/2024,58,
11/06/2024,74,
12/06/2024,69,
13/06/2024,68,
14/06/2024,71,
15/06/2024,60,
16/06/2024,53,
17/06/2024,54,
18/06/2024,45,
19/06/2024,59,
20/06/2024,64,
21/06/2024,58,
22/06/2024,57,
23/06/2024,66,
24/06/2024,69,
25/06/2024,65,
26/06/2024,62,
27/06/2024,53,
28/06/2024,59,
29/06/2024,59,
30/06/2024,55,
01/07/2024,62,
02/07/2024,67,
03/07/2024,70,
04/07/2024,70,
06/07/2024,61,
07/07/2024,60,
08/07/2024,48,
09/07/2024,54,
10/07/2024,57,
11/07/2024,56,
12/07/2024,55,
13/07/2024,67,
14/07/2024,67,
15/07/2024,72,
16/07/2024,76,
17/07/2024,71,
18/07/2024,72,
19/07/2024,59,
20/07/2024,57,
21/07/2024,65,
22/07/2024,63,
23/07/2024,67,
24/07/2024,63,
25/07/2024,65,
26/07/2024,66,
27/07/2024,66,
28/07/2024,66,
29/07/2024,62,
30/07/2024,62,
31/07/2024,59,
01/08/2024,58,
02/08/2024,66,
03/08/2024,58,
04/08/2024,49,
05/08/2024,46,
06/08/2024,57,
07/08/2024,60,
08/08/2024,59,
09/08/2024,58,
10/08/2024,52,
11/08/2024,52,
12/08/2024,40,
13/08/2024,58,
14/08/2024,60,
15/08/2024,58,
16/08/2024,56,
17/08/2024,60,
18/08/2024,64,
19/08/2024,65,
20/08/2024,66,
21/08/2024,48,
22/08/2024,65,
23/08/2024,59,
24/08/2024,51,
25/08/2024,52,
26/08/2024,54,
27/08/2024,53,
28/08/2024,49,
29/08/2024,54,
30/08/2024,68,
31/08/2024,72,
01/09/2024,75,
02/09/2024,78,
03/09/2024,63,
04/09/2024,62,
05/09/2024,66,
06/09/2024,66,
07/09/2024,70,
08/09/2024,61,
09/09/2024,64,
10/09/2024,61,
11/09/2024,55,
12/09/2024,54,
13/09/2024,55,
14/09/2024,55,
15/09/2024,51,
16/09/2024,55,
17/09/2024,51,
18/09/2024,44,
19/09/2024,50,
20/09/2024,50,
21/09/2024,48,
22/09/2024,58,
23/09/2024,66,
24/09/2024,56,
25/09/2024,61,
26/09/2024,60,
27/09/2024,60,
28/09/2024,57,
29/09/2024,54,
30/09/2024,55,
01/10/2024,59,
02/10/2024,58,
03/10/2024,53,
04/10/2024,53,
05/10/2024,55,
06/10/2024,55,
07/10/2024,59,
08/10/2024,58,
09/10/2024,61,
10/10/2024,66,
11/10/2024,57,
12/10/2024,60,
13/10/2024,66,
14/10/2024,49,
15/10/2024,51,
16/10/2024,52,
17/10/2024,53,
18/10/2024,51,
19/10/2024,53,
20/10/2024,49,
21/10/2024,54,
22/10/2024,63,
23/10/2024,62,
24/10/2024,56,
25/10/2024,52,
26/10/2024,44,
27/10/2024,47,
28/10/2024,40,
29/10/2024,53,
30/10/2024,58,
31/10/2024,57,
01/11/2024,53,
02/11/2024,48,
03/11/2024,51,
04/11/2024,51,
05/11/2024,53,
06/11/2024,68,
07/11/2024,63,
08/11/2024,52,
09/11/2024,41,
10/11/2024,52,
11/11/2024,42,
12/11/2024,53,
13/11/2024,54,
14/11/2024,53,
15/11/2024,54,
16/11/2024,59,
17/11/2024,55,
18/11/2024,47,
19/11/2024,49,
20/11/2024,50,
21/11/2024,40,
22/11/2024,50,
23/11/2024,50,
24/11/2024,53,
25/11/2024,46,
26/11/2024,53,
27/11/2024,50,
28/11/2024,46,
29/11/2024,55,
30/11/2024,54,
01/12/2024,47,
02/12/2024,46,
03/12/2024,46,
04/12/2024,50,
05/12/2024,51,
06/12/2024,54,
07/12/2024,59,
08/12/2024,53,
09/12/2024,39,
10/12/2024,37,
11/12/2024,50,
12/12/2024,50,
13/12/2024,55,
14/12/2024,49,
15/12/2024,54,
16/12/2024,58,
17/12/2024,51,
18/12/2024,44,
19/12/2024,48,
20/12/2024,51,
21/12/2024,52,
22/12/2024,51,
23/12/2024,41,
24/12/2024,44,
25/12/2024,52,
26/12/2024,54,
27/12/2024,67,
28/12/2024,58,
29/12/2024,52,