Date,AQI
01/01/2014,32
02/01/2014,29
03/01/2014,26
04/01/2014,20
05/01/2014,31
06/01/2014,33
07/01/2014,39
08/01/2014,30
09/01/2014,28
10/01/2014,30
11/01/2014,29
12/01/2014,20
13/01/2014,27
14/01/2014,37
15/01/2014,31
16/01/2014,37
17/01/2014,36
18/01/2014,33
19/01/2014,29
20/01/2014,37
21/01/2014,47
22/01/2014,46
23/01/2014,50
24/01/2014,52
25/01/2014,62
26/01/2014,61
27/01/2014,58
28/01/2014,43
29/01/2014,43
30/01/2014,32
31/01/2014,40
01/02/2014,50
02/02/2014,46
03/02/2014,50
04/02/2014,50
05/02/2014,55
06/02/2014,64
07/02/2014,60
08/02/2014,58
09/02/2014,55
10/02/2014,62
11/02/2014,57
12/02/2014,54
13/02/2014,55
14/02/2014,46
15/02/2014,45
16/02/2014,38
17/02/2014,46
18/02/2014,63
19/02/2014,68
20/02/2014,59
21/02/2014,36
22/02/2014,38
23/02/2014,42
24/02/2014,52
25/02/2014,61
26/02/2014,70
27/02/2014,67
28/02/2014,62
01/03/2014,69
02/03/2014,77
03/03/2014,80
04/03/2014,107
05/03/2014,77
06/03/2014,68
07/03/2014,63
08/03/2014,71
09/03/2014,105
10/03/2014,82
11/03/2014,69
12/03/2014,76
13/03/2014,131
14/03/2014,159
15/03/2014,91
16/03/2014,55
17/03/2014,41
18/03/2014,36
19/03/2014,43
20/03/2014,42
21/03/2014,49
22/03/2014,53
23/03/2014,53
24/03/2014,32
25/03/2014,39
26/03/2014,42
27/03/2014,49
28/03/2014,63
29/03/2014,59
30/03/2014,41
31/03/2014,42
01/04/2014,56
02/04/2014,58
03/04/2014,58
04/04/2014,53
05/04/2014,47
06/04/2014,32
07/04/2014,42
08/04/2014,49
09/04/2014,48
10/04/2014,47
11/04/2014,48
12/04/2014,34
13/04/2014,33
14/04/2014,45
15/04/2014,44
16/04/2014,42
17/04/2014,42
18/04/2014,39
19/04/2014,45
20/04/2014,56
21/04/2014,57
22/04/2014,47
23/04/2014,53
24/04/2014,49
25/04/2014,38
26/04/2014,45
27/04/2014,53
28/04/2014,48
29/04/2014,50
30/04/2014,45
01/05/2014,46
02/05/2014,57
03/05/2014,64
04/05/2014,52
05/05/2014,45
06/05/2014,40
07/05/2014,51
08/05/2014,34
09/05/2014,46
10/05/2014,46
11/05/2014,46
12/05/2014,41
13/05/2014,52
14/05/2014,39
15/05/2014,41
16/05/2014,43
17/05/2014,37
18/05/2014,37
19/05/2014,40
20/05/2014,39
21/05/2014,53
22/05/2014,50
23/05/2014,49
24/05/2014,56
25/05/2014,50
26/05/2014,40
27/05/2014,39
28/05/2014,56
29/05/2014,39
30/05/2014,35
31/05/2014,31
01/06/2014,44
02/06/2014,44
03/06/2014,36
04/06/2014,42
05/06/2014,37
06/06/2014,36
07/06/2014,36
08/06/2014,33
09/06/2014,48
10/06/2014,59
11/06/2014,51
12/06/2014,46
13/06/2014,44
14/06/2014,45
15/06/2014,48
16/06/2014,51
17/06/2014,59
18/06/2014,63
19/06/2014,76
20/06/2014,80
21/06/2014,68
22/06/2014,82
23/06/2014,84
24/06/2014,89
25/06/2014,95
26/06/2014,63
27/06/2014,66
28/06/2014,77
29/06/2014,65
30/06/2014,47
01/07/2014,46
02/07/2014,46
03/07/2014,42
04/07/2014,38
05/07/2014,36
06/07/2014,32
07/07/2014,45
08/07/2014,51
09/07/2014,69
10/07/2014,60
11/07/2014,46
12/07/2014,63
13/07/2014,62
14/07/2014,55
15/07/2014,61
16/07/2014,61
17/07/2014,65
18/07/2014,58
19/07/2014,61
20/07/2014,77
21/07/2014,88
22/07/2014,91
23/07/2014,70
24/07/2014,66
25/07/2014,75
26/07/2014,85
27/07/2014,78
28/07/2014,93
29/07/2014,122
30/07/2014,76
31/07/2014,55
01/08/2014,67
02/08/2014,59
03/08/2014,59
04/08/2014,66
05/08/2014,67
06/08/2014,62
07/08/2014,45
08/08/2014,54
09/08/2014,44
10/08/2014,44
11/08/2014,45
12/08/2014,37
13/08/2014,35
14/08/2014,33
15/08/2014,34
16/08/2014,34
17/08/2014,42
18/08/2014,47
19/08/2014,45
20/08/2014,37
21/08/2014,51
22/08/2014,47
23/08/2014,53
24/08/2014,38
25/08/2014,32
26/08/2014,36
27/08/2014,25
28/08/2014,33
29/08/2014,49
30/08/2014,61
31/08/2014,53
01/09/2014,40
02/09/2014,56
03/09/2014,59
04/09/2014,59
05/09/2014,58
06/09/2014,45
07/09/2014,48
08/09/2014,41
09/09/2014,44
10/09/2014,45
11/09/2014,66
12/09/2014,65
13/09/2014,72
14/09/2014,88
15/09/2014,47
16/09/2014,53
17/09/2014,80
18/09/2014,77
19/09/2014,63
20/09/2014,54
21/09/2014,38
22/09/2014,53
23/09/2014,68
24/09/2014,67
25/09/2014,56
26/09/2014,51
27/09/2014,65
28/09/2014,66
29/09/2014,72
30/09/2014,72
01/10/2014,74
02/10/2014,71
03/10/2014,76
04/10/2014,67
05/10/2014,38
06/10/2014,37
07/10/2014,55
08/10/2014,76
09/10/2014,89
10/10/2014,99
11/10/2014,85
12/10/2014,91
13/10/2014,63
14/10/2014,59
15/10/2014,62
16/10/2014,52
17/10/2014,52
18/10/2014,41
19/10/2014,53
20/10/2014,73
21/10/2014,62
22/10/2014,49
23/10/2014,41
24/10/2014,40
25/10/2014,54
26/10/2014,58
27/10/2014,49
28/10/2014,43
29/10/2014,53
30/10/2014,60
31/10/2014,54
01/11/2014,43
02/11/2014,44
03/11/2014,59
04/11/2014,72
05/11/2014,72
06/11/2014,56
07/11/2014,35
08/11/2014,28
09/11/2014,33
10/11/2014,44
11/11/2014,54
12/11/2014,51
13/11/2014,37
14/11/2014,32
15/11/2014,33
16/11/2014,37
17/11/2014,38
18/11/2014,30
19/11/2014,38
20/11/2014,44
21/11/2014,46
22/11/2014,43
23/11/2014,42
24/11/2014,32
25/11/2014,35
26/11/2014,35
27/11/2014,42
28/11/2014,37
29/11/2014,36
30/11/2014,30
01/12/2014,39
02/12/2014,44
03/12/2014,49
04/12/2014,43
05/12/2014,52
06/12/2014,53
07/12/2014,45
08/12/2014,38
09/12/2014,43
10/12/2014,50
11/12/2014,43
12/12/2014,52
13/12/2014,54
14/12/2014,54
15/12/2014,49
16/12/2014,44
17/12/2014,44
18/12/2014,47
19/12/2014,37
20/12/2014,54
21/12/2014,60
22/12/2014,36
23/12/2014,28
24/12/2014,43
25/12/2014,45
26/12/2014,35
27/12/2014,34
28/12/2014,32
01/01/2015,43
02/01/2015,42
03/01/2015,50
04/01/2015,56
05/01/2015,51
06/01/2015,47
07/01/2015,49
08/01/2015,33
09/01/2015,27
10/01/2015,38
11/01/2015,32
12/01/2015,25
13/01/2015,26
14/01/2015,34
15/01/2015,33
16/01/2015,47
17/01/2015,57
18/01/2015,56
19/01/2015,47
20/01/2015,41
21/01/2015,53
22/01/2015,49
23/01/2015,57
24/01/2015,60
25/01/2015,68
26/01/2015,60
27/01/2015,61
28/01/2015,59
29/01/2015,61
30/01/2015,46
31/01/2015,36
01/02/2015,40
02/02/2015,42
03/02/2015,39
04/02/2015,33
05/02/2015,25
06/02/2015,35
07/02/2015,35
08/02/2015,30
09/02/2015,33
10/02/2015,41
11/02/2015,50
12/02/2015,71
13/02/2015,76
14/02/2015,69
15/02/2015,58
16/02/2015,61
17/02/2015,51
18/02/2015,49
19/02/2015,39
20/02/2015,31
21/02/2015,30
22/02/2015,47
23/02/2015,48
24/02/2015,56
25/02/2015,66
26/02/2015,59
27/02/2015,65
28/02/2015,56
01/03/2015,61
02/03/2015,47
03/03/2015,63
04/03/2015,60
05/03/2015,46
06/03/2015,68
07/03/2015,65
08/03/2015,66
09/03/2015,48
10/03/2015,38
11/03/2015,50
12/03/2015,63
13/03/2015,53
14/03/2015,61
15/03/2015,59
16/03/2015,73
17/03/2015,82
18/03/2015,73
19/03/2015,66
20/03/2015,71
21/03/2015,70
22/03/2015,60
23/03/2015,57
24/03/2015,59
25/03/2015,55
26/03/2015,46
27/03/2015,37
28/03/2015,43
29/03/2015,44
30/03/2015,43
31/03/2015,46
01/04/2015,45
02/04/2015,36
03/04/2015,40
04/04/2015,52
05/04/2015,55
06/04/2015,57
07/04/2015,64
08/04/2015,55
09/04/2015,52
10/04/2015,44
11/04/2015,50
12/04/2015,49
13/04/2015,48
14/04/2015,56
15/04/2015,41
16/04/2015,36
17/04/2015,50
18/04/2015,58
19/04/2015,54
20/04/2015,66
21/04/2015,53
22/04/2015,48
23/04/2015,46
24/04/2015,47
25/04/2015,46
26/04/2015,38
27/04/2015,39
28/04/2015,43
29/04/2015,52
30/04/2015,49
01/05/2015,40
02/05/2015,32
03/05/2015,37
04/05/2015,36
05/05/2015,40
06/05/2015,52
07/05/2015,54
08/05/2015,52
09/05/2015,49
10/05/2015,50
11/05/2015,44
12/05/2015,58
13/05/2015,56
14/05/2015,50
15/05/2015,53
16/05/2015,53
17/05/2015,43
18/05/2015,44
19/05/2015,50
20/05/2015,50
21/05/2015,49
22/05/2015,52
23/05/2015,49
24/05/2015,57
25/05/2015,52
26/05/2015,52
27/05/2015,41
28/05/2015,44
29/05/2015,44
30/05/2015,36
31/05/2015,44
01/06/2015,47
02/06/2015,42
03/06/2015,52
04/06/2015,49
05/06/2015,49
06/06/2015,53
07/06/2015,46
08/06/2015,42
09/06/2015,48
10/06/2015,47
11/06/2015,51
12/06/2015,44
13/06/2015,41
14/06/2015,37
15/06/2015,35
16/06/2015,41
17/06/2015,45
18/06/2015,51
19/06/2015,51
20/06/2015,52
21/06/2015,49
22/06/2015,48
23/06/2015,54
24/06/2015,59
25/06/2015,60
26/06/2015,63
27/06/2015,60
28/06/2015,56
29/06/2015,63
30/06/2015,72
01/07/2015,67
02/07/2015,64
03/07/2015,67
04/07/2015,53
05/07/2015,44
06/07/2015,58
07/07/2015,67
08/07/2015,62
09/07/2015,59
10/07/2015,56
11/07/2015,59
12/07/2015,80
13/07/2015,70
14/07/2015,66
15/07/2015,59
16/07/2015,57
17/07/2015,57
18/07/2015,44
19/07/2015,38
20/07/2015,40
21/07/2015,45
22/07/2015,46
23/07/2015,57
24/07/2015,58
25/07/2015,51
26/07/2015,49
27/07/2015,56
28/07/2015,59
29/07/2015,53
30/07/2015,51
31/07/2015,53
01/08/2015,62
02/08/2015,53
03/08/2015,55
04/08/2015,39
05/08/2015,55
06/08/2015,53
07/08/2015,51
08/08/2015,45
09/08/2015,43
10/08/2015,45
11/08/2015,54
12/08/2015,47
13/08/2015,45
14/08/2015,48
15/08/2015,56
16/08/2015,51
17/08/2015,50
18/08/2015,60
20/08/2015,62
21/08/2015,52
22/08/2015,45
23/08/2015,44
24/08/2015,65
25/08/2015,74
26/08/2015,93
27/08/2015,68
28/08/2015,60
29/08/2015,58
30/08/2015,62
31/08/2015,68
01/09/2015,73
02/09/2015,84
03/09/2015,102
04/09/2015,70
05/09/2015,55
06/09/2015,56
07/09/2015,75
08/09/2015,102
09/09/2015,79
10/09/2015,40
11/09/2015,88
12/09/2015,149
13/09/2015,124
14/09/2015,160
15/09/2015,167
16/09/2015,92
17/09/2015,85
18/09/2015,85
19/09/2015,92
20/09/2015,67
21/09/2015,60
22/09/2015,60
23/09/2015,64
24/09/2015,78
25/09/2015,66
26/09/2015,80
27/09/2015,195
28/09/2015,98
29/09/2015,78
30/09/2015,98
01/10/2015,108
02/10/2015,92
03/10/2015,133
04/10/2015,228
05/10/2015,108
06/10/2015,88
07/10/2015,74
08/10/2015,76
09/10/2015,66
10/10/2015,76
11/10/2015,77
12/10/2015,86
13/10/2015,88
14/10/2015,72
15/10/2015,69
16/10/2015,70
17/10/2015,72
18/10/2015,102
19/10/2015,149
20/10/2015,147
21/10/2015,163
22/10/2015,118
23/10/2015,100
24/10/2015,117
25/10/2015,100
26/10/2015,70
27/10/2015,63
28/10/2015,59
29/10/2015,54
30/10/2015,48
31/10/2015,38
01/11/2015,42
02/11/2015,41
03/11/2015,39
04/11/2015,35
05/11/2015,44
06/11/2015,39
07/11/2015,35
08/11/2015,33
09/11/2015,37
10/11/2015,44
11/11/2015,50
12/11/2015,40
13/11/2015,40
14/11/2015,39
15/11/2015,35
16/11/2015,25
17/11/2015,27
18/11/2015,31
19/11/2015,47
20/11/2015,39
21/11/2015,37
22/11/2015,33
23/11/2015,43
24/11/2015,47
25/11/2015,48
26/11/2015,47
27/11/2015,42
28/11/2015,46
29/11/2015,43
30/11/2015,37
01/12/2015,46
02/12/2015,47
03/12/2015,50
04/12/2015,58
05/12/2015,58
06/12/2015,52
07/12/2015,32
08/12/2015,39
09/12/2015,53
10/12/2015,57
11/12/2015,38
12/12/2015,43
13/12/2015,33
14/12/2015,35
15/12/2015,36
16/12/2015,59
17/12/2015,56
18/12/2015,52
19/12/2015,56
20/12/2015,46
21/12/2015,49
22/12/2015,49
23/12/2015,48
24/12/2015,43
25/12/2015,40
26/12/2015,38
27/12/2015,34
28/12/2015,37
29/12/2015,35
30/12/2015,31
04/01/2016,48
05/01/2016,50
06/01/2016,52
07/01/2016,44
08/01/2016,41
09/01/2016,42
10/01/2016,52
11/01/2016,58
12/01/2016,55
13/01/2016,50
14/01/2016,48
15/01/2016,47
16/01/2016,50
17/01/2016,45
18/01/2016,41
19/01/2016,42
20/01/2016,40
21/01/2016,35
22/01/2016,37
23/01/2016,42
24/01/2016,37
25/01/2016,26
26/01/2016,26
27/01/2016,23
28/01/2016,31
29/01/2016,41
30/01/2016,38
31/01/2016,44
01/02/2016,30
02/02/2016,36
03/02/2016,33
04/02/2016,29
05/02/2016,30
06/02/2016,32
07/02/2016,26
08/02/2016,34
09/02/2016,42
10/02/2016,46
11/02/2016,36
12/02/2016,39
13/02/2016,34
14/02/2016,28
15/02/2016,30
16/02/2016,36
17/02/2016,35
18/02/2016,41
19/02/2016,37
20/02/2016,37
21/02/2016,46
22/02/2016,58
23/02/2016,58
24/02/2016,50
25/02/2016,35
26/02/2016,35
27/02/2016,37
28/02/2016,32
29/02/2016,25
01/03/2016,38
02/03/2016,43
03/03/2016,39
04/03/2016,53
05/03/2016,49
06/03/2016,45
07/03/2016,44
08/03/2016,56
09/03/2016,66
10/03/2016,66
11/03/2016,71
12/03/2016,60
13/03/2016,58
14/03/2016,57
15/03/2016,56
16/03/2016,63
17/03/2016,69
18/03/2016,64
19/03/2016,74
20/03/2016,65
21/03/2016,59
22/03/2016,52
23/03/2016,49
24/03/2016,59
25/03/2016,67
26/03/2016,47
27/03/2016,39
28/03/2016,34
29/03/2016,47
30/03/2016,58
31/03/2016,68
01/04/2016,82
02/04/2016,65
03/04/2016,52
04/04/2016,53
05/04/2016,60
06/04/2016,62
07/04/2016,70
08/04/2016,80
09/04/2016,85
10/04/2016,80
11/04/2016,58
12/04/2016,43
13/04/2016,48
14/04/2016,47
15/04/2016,57
16/04/2016,56
17/04/2016,54
18/04/2016,54
19/04/2016,56
20/04/2016,62
21/04/2016,81
22/04/2016,84
23/04/2016,99
24/04/2016,76
25/04/2016,63
26/04/2016,68
27/04/2016,67
28/04/2016,69
29/04/2016,73
30/04/2016,64
01/05/2016,63
02/05/2016,67
03/05/2016,64
04/05/2016,55
05/05/2016,53
06/05/2016,48
07/05/2016,51
08/05/2016,42
09/05/2016,53
10/05/2016,55
11/05/2016,54
12/05/2016,53
13/05/2016,43
14/05/2016,50
15/05/2016,37
16/05/2016,35
17/05/2016,55
18/05/2016,48
19/05/2016,48
20/05/2016,56
21/05/2016,50
22/05/2016,40
23/05/2016,49
24/05/2016,47
25/05/2016,44
26/05/2016,50
27/05/2016,53
28/05/2016,50
29/05/2016,43
30/05/2016,33
31/05/2016,41
01/06/2016,44
02/06/2016,50
03/06/2016,61
04/06/2016,46
05/06/2016,55
06/06/2016,57
07/06/2016,58
08/06/2016,51
09/06/2016,48
10/06/2016,47
11/06/2016,43
12/06/2016,40
13/06/2016,36
14/06/2016,50
15/06/2016,50
16/06/2016,41
17/06/2016,35
18/06/2016,26
19/06/2016,41
20/06/2016,33
21/06/2016,44
22/06/2016,37
23/06/2016,44
24/06/2016,37
25/06/2016,39
26/06/2016,38
27/06/2016,35
28/06/2016,46
29/06/2016,52
30/06/2016,61
01/07/2016,61
02/07/2016,62
03/07/2016,61
04/07/2016,59
05/07/2016,54
07/07/2016,37
08/07/2016,37
09/07/2016,29
10/07/2016,39
11/07/2016,45
12/07/2016,43
13/07/2016,53
14/07/2016,43
15/07/2016,44
16/07/2016,48
17/07/2016,40
18/07/2016,21
19/07/2016,26
20/07/2016,25
21/07/2016,34
22/07/2016,33
23/07/2016,31
24/07/2016,36
25/07/2016,38
26/07/2016,46
27/07/2016,46
28/07/2016,49
29/07/2016,48
30/07/2016,51
31/07/2016,52
01/08/2016,49
02/08/2016,53
03/08/2016,52
04/08/2016,50
05/08/2016,51
06/08/2016,51
07/08/2016,47
08/08/2016,47
09/08/2016,60
10/08/2016,58
11/08/2016,53
12/08/2016,46
13/08/2016,52
14/08/2016,41
15/08/2016,45
16/08/2016,58
17/08/2016,67
18/08/2016,55
19/08/2016,62
20/08/2016,69
21/08/2016,65
22/08/2016,55
23/08/2016,45
24/08/2016,38
25/08/2016,45
26/08/2016,40
27/08/2016,46
28/08/2016,58
29/08/2016,64
30/08/2016,81
31/08/2016,37
01/09/2016,42
02/09/2016,42
03/09/2016,44
04/09/2016,39
05/09/2016,34
06/09/2016,34
07/09/2016,34
08/09/2016,34
09/09/2016,38
10/09/2016,44
11/09/2016,52
12/09/2016,42
13/09/2016,38
14/09/2016,47
15/09/2016,46
16/09/2016,47
17/09/2016,40
18/09/2016,35
19/09/2016,25
20/09/2016,31
21/09/2016,33
22/09/2016,34
23/09/2016,36
24/09/2016,40
25/09/2016,43
26/09/2016,46
27/09/2016,47
28/09/2016,35
29/09/2016,32
30/09/2016,34
01/10/2016,35
02/10/2016,45
03/10/2016,34
04/10/2016,38
05/10/2016,35
06/10/2016,34
07/10/2016,36
08/10/2016,36
09/10/2016,38
10/10/2016,28
11/10/2016,27
12/10/2016,30
13/10/2016,29
14/10/2016,29
15/10/2016,30
16/10/2016,30
17/10/2016,25
18/10/2016,36
19/10/2016,42
20/10/2016,41
21/10/2016,41
22/10/2016,45
23/10/2016,35
24/10/2016,30
25/10/2016,30
26/10/2016,38
27/10/2016,45
28/10/2016,40
29/10/2016,37
30/10/2016,31
31/10/2016,33
01/11/2016,30
02/11/2016,40
03/11/2016,37
04/11/2016,34
05/11/2016,41
06/11/2016,37
07/11/2016,37
08/11/2016,42
09/11/2016,48
10/11/2016,44
11/11/2016,36
12/11/2016,35
13/11/2016,38
14/11/2016,30
15/11/2016,44
16/11/2016,42
17/11/2016,44
18/11/2016,44
19/11/2016,41
20/11/2016,34
21/11/2016,29
22/11/2016,35
23/11/2016,37
24/11/2016,50
25/11/2016,51
26/11/2016,49
27/11/2016,48
28/11/2016,31
29/11/2016,26
30/11/2016,28
01/12/2016,40
02/12/2016,31
03/12/2016,26
04/12/2016,33
05/12/2016,37
06/12/2016,46
07/12/2016,49
08/12/2016,52
09/12/2016,52
10/12/2016,50
11/12/2016,36
12/12/2016,31
13/12/2016,38
14/12/2016,46
15/12/2016,46
16/12/2016,54
17/12/2016,54
18/12/2016,58
19/12/2016,38
20/12/2016,25
21/12/2016,27
22/12/2016,35
23/12/2016,36
24/12/2016,35
25/12/2016,38
26/12/2016,32
27/12/2016,32
28/12/2016,33
29/12/2016,43
30/12/2016,51
31/12/2016,40
01/01/2017,32
02/01/2017,27
03/01/2017,36
04/01/2017,31
05/01/2017,32
06/01/2017,33
07/01/2017,33
08/01/2017,36
09/01/2017,56
10/01/2017,64
11/01/2017,64
12/01/2017,72
13/01/2017,61
14/01/2017,52
15/01/2017,38
16/01/2017,33
17/01/2017,43
18/01/2017,45
19/01/2017,46
20/01/2017,48
21/01/2017,40
22/01/2017,29
23/01/2017,27
24/01/2017,30
25/01/2017,33
26/01/2017,34
27/01/2017,35
28/01/2017,46
29/01/2017,47
30/01/2017,51
31/01/2017,38
01/02/2017,44
02/02/2017,51
03/02/2017,58
04/02/2017,51
05/02/2017,51
06/02/2017,46
07/02/2017,42
08/02/2017,43
09/02/2017,44
10/02/2017,52
11/02/2017,43
12/02/2017,37
13/02/2017,32
14/02/2017,29
15/02/2017,30
16/02/2017,32
17/02/2017,32
18/02/2017,42
19/02/2017,39
20/02/2017,37
21/02/2017,36
22/02/2017,37
23/02/2017,44
24/02/2017,42
25/02/2017,37
26/02/2017,35
27/02/2017,24
28/02/2017,28
01/03/2017,33
02/03/2017,31
03/03/2017,29
04/03/2017,33
05/03/2017,48
06/03/2017,38
07/03/2017,37
08/03/2017,58
09/03/2017,52
10/03/2017,53
11/03/2017,52
12/03/2017,56
13/03/2017,47
14/03/2017,46
15/03/2017,67
16/03/2017,52
17/03/2017,52
18/03/2017,47
19/03/2017,40
20/03/2017,30
21/03/2017,32
22/03/2017,40
23/03/2017,36
24/03/2017,43
25/03/2017,53
26/03/2017,42
27/03/2017,34
28/03/2017,32
29/03/2017,36
30/03/2017,33
31/03/2017,45
01/04/2017,50
02/04/2017,31
03/04/2017,27
04/04/2017,33
05/04/2017,29
06/04/2017,32
07/04/2017,34
08/04/2017,42
09/04/2017,42
10/04/2017,33
11/04/2017,43
12/04/2017,49
13/04/2017,47
14/04/2017,37
07/07/2017,38
08/07/2017,33
09/07/2017,32
10/07/2017,34
11/07/2017,33
12/07/2017,22
13/07/2017,22
14/07/2017,18
15/07/2017,22
16/07/2017,31
17/07/2017,25
18/07/2017,29
28/08/2017,16
29/08/2017,25
30/08/2017,25
31/08/2017,29
01/09/2017,28
02/09/2017,18
03/09/2017,21
04/09/2017,22
05/09/2017,33
06/09/2017,30
11/09/2017,23
12/09/2017,23
13/09/2017,41
14/09/2017,32
15/09/2017,26
16/09/2017,17
05/10/2017,35
06/10/2017,36
07/10/2017,34
08/10/2017,26
09/10/2017,23
10/10/2017,21
11/10/2017,24
12/10/2017,28
13/10/2017,22
14/10/2017,28
15/10/2017,34
16/10/2017,35
17/10/2017,46
18/10/2017,55
19/10/2017,50
20/10/2017,45
21/10/2017,40
22/10/2017,28
23/10/2017,26
24/10/2017,27
25/10/2017,31
26/10/2017,29
27/10/2017,34
28/10/2017,33
29/10/2017,27
12/12/2017,34
13/12/2017,40
14/12/2017,36
15/12/2017,41
16/12/2017,41
17/12/2017,28
18/12/2017,26
19/12/2017,26
20/12/2017,36
21/12/2017,36
22/12/2017,39
23/12/2017,39
24/12/2017,36
25/12/2017,25
26/12/2017,24
27/12/2017,28
28/12/2017,34
29/12/2017,31
30/12/2017,33
01/01/2018,13
02/01/2018,22
03/01/2018,22
04/01/2018,27
05/01/2018,24
06/01/2018,29
07/01/2018,31
08/01/2018,31
09/01/2018,29
10/01/2018,25
11/01/2018,20
12/01/2018,14
13/01/2018,21
14/01/2018,36
15/01/2018,31
16/01/2018,46
17/01/2018,46
18/01/2018,37
19/01/2018,35
20/01/2018,30
21/01/2018,38
22/01/2018,34
23/01/2018,35
24/01/2018,24
25/01/2018,25
26/01/2018,27
27/01/2018,37
28/01/2018,39
29/01/2018,27
30/01/2018,25
31/01/2018,33
01/02/2018,24
02/02/2018,26
03/02/2018,26
04/02/2018,30
05/02/2018,24
06/02/2018,26
07/02/2018,29
08/02/2018,37
09/02/2018,54
10/02/2018,49
11/02/2018,54
12/02/2018,37
13/02/2018,30
14/02/2018,21
15/02/2018,36
16/02/2018,39
17/02/2018,37
18/02/2018,43
19/02/2018,32
20/02/2018,29
21/02/2018,29
22/02/2018,34
23/02/2018,41
24/02/2018,34
25/02/2018,23
26/02/2018,24
27/02/2018,33
28/02/2018,46
01/03/2018,38
02/03/2018,47
03/03/2018,38
04/03/2018,39
05/03/2018,27
06/03/2018,31
07/03/2018,47
08/03/2018,41
09/03/2018,27
10/03/2018,18
11/03/2018,20
12/03/2018,28
13/03/2018,24
14/03/2018,41
15/03/2018,45
16/03/2018,34
17/03/2018,40
18/03/2018,29
19/03/2018,31
20/03/2018,41
21/03/2018,37
22/03/2018,28
23/03/2018,34
24/03/2018,25
25/03/2018,29
26/03/2018,28
27/03/2018,21
28/03/2018,36
29/03/2018,44
30/03/2018,46
31/03/2018,36
01/04/2018,39
02/04/2018,39
03/04/2018,40
04/04/2018,36
05/04/2018,54
06/04/2018,48
07/04/2018,49
08/04/2018,38
09/04/2018,24
10/04/2018,24
11/04/2018,25
12/04/2018,35
13/04/2018,39
14/04/2018,41
15/04/2018,34
16/04/2018,25
17/04/2018,26
18/04/2018,34
19/04/2018,33
20/04/2018,35
21/04/2018,28
22/04/2018,42
23/04/2018,31
24/04/2018,28
25/04/2018,33
26/04/2018,28
27/04/2018,30
28/04/2018,29
29/04/2018,31
30/04/2018,29
01/05/2018,37
02/05/2018,30
03/05/2018,30
04/05/2018,38
05/05/2018,32
06/05/2018,36
07/05/2018,32
08/05/2018,42
09/05/2018,37
10/05/2018,31
11/05/2018,28
12/05/2018,28
13/05/2018,28
14/05/2018,33
15/05/2018,30
16/05/2018,39
17/05/2018,39
18/05/2018,30
19/05/2018,39
20/05/2018,29
21/05/2018,25
22/05/2018,39
23/05/2018,36
24/05/2018,30
25/05/2018,31
26/05/2018,41
27/05/2018,30
28/05/2018,29
29/05/2018,32
30/05/2018,34
31/05/2018,29
01/06/2018,28
02/06/2018,40
03/06/2018,36
04/06/2018,40
05/06/2018,40
06/06/2018,43
07/06/2018,43
08/06/2018,43
09/06/2018,49
10/06/2018,38
11/06/2018,37
12/06/2018,47
13/06/2018,44
14/06/2018,32
15/06/2018,33
16/06/2018,22
17/06/2018,21
18/06/2018,25
19/06/2018,25
20/06/2018,27
21/06/2018,31
22/06/2018,36
23/06/2018,26
24/06/2018,23
25/06/2018,21
26/06/2018,27
27/06/2018,35
28/06/2018,32
29/06/2018,23
30/06/2018,26
01/07/2018,29
02/07/2018,25
03/07/2018,31
04/07/2018,37
05/07/2018,35
06/07/2018,37
07/07/2018,41
08/07/2018,42
09/07/2018,33
10/07/2018,30
11/07/2018,33
12/07/2018,43
13/07/2018,40
14/07/2018,38
15/07/2018,36
16/07/2018,32
17/07/2018,44
18/07/2018,50
19/07/2018,45
20/07/2018,33
21/07/2018,41
22/07/2018,42
23/07/2018,30
24/07/2018,39
25/07/2018,36
26/07/2018,33
27/07/2018,36
28/07/2018,42
29/07/2018,38
30/07/2018,29
31/07/2018,28
01/08/2018,23
02/08/2018,25
03/08/2018,34
04/08/2018,51
05/08/2018,44
06/08/2018,42
07/08/2018,47
08/08/2018,35
09/08/2018,31
10/08/2018,30
11/08/2018,30
12/08/2018,35
13/08/2018,42
14/08/2018,47
15/08/2018,46
16/08/2018,60
17/08/2018,81
18/08/2018,85
19/08/2018,68
20/08/2018,67
21/08/2018,67
22/08/2018,66
23/08/2018,54
24/08/2018,56
25/08/2018,56
26/08/2018,68
27/08/2018,68
28/08/2018,67
29/08/2018,58
30/08/2018,58
31/08/2018,62
01/09/2018,59
02/09/2018,58
03/09/2018,63
04/09/2018,58
05/09/2018,63
06/09/2018,70
07/09/2018,64
08/09/2018,64
09/09/2018,66
10/09/2018,71
11/09/2018,62
12/09/2018,62
13/09/2018,60
14/09/2018,67
15/09/2018,67
16/09/2018,64
17/09/2018,65
18/09/2018,67
19/09/2018,64
20/09/2018,58
21/09/2018,55
22/09/2018,58
23/09/2018,61
24/09/2018,65
25/09/2018,72
26/09/2018,72
27/09/2018,67
28/09/2018,65
29/09/2018,76
30/09/2018,80
01/10/2018,77
02/10/2018,75
03/10/2018,66
04/10/2018,68
05/10/2018,66
06/10/2018,71
07/10/2018,66
08/10/2018,60
09/10/2018,59
10/10/2018,58
11/10/2018,58
12/10/2018,54
13/10/2018,57
14/10/2018,52
15/10/2018,52
16/10/2018,61
17/10/2018,64
18/10/2018,54
19/10/2018,51
20/10/2018,54
21/10/2018,60
22/10/2018,66
23/10/2018,66
24/10/2018,61
25/10/2018,59
26/10/2018,58
27/10/2018,59
28/10/2018,62
29/10/2018,63
30/10/2018,60
31/10/2018,60
01/11/2018,69
02/11/2018,57
03/11/2018,55
04/11/2018,63
05/11/2018,55
06/11/2018,63
07/11/2018,53
08/11/2018,57
09/11/2018,57
10/11/2018,53
11/11/2018,55
12/11/2018,54
13/11/2018,54
14/11/2018,52
15/11/2018,54
16/11/2018,52
17/11/2018,62
18/11/2018,62
19/11/2018,54
20/11/2018,54
21/11/2018,51
22/11/2018,42
23/11/2018,56
24/11/2018,60
25/11/2018,56
26/11/2018,53
27/11/2018,54
28/11/2018,57
29/11/2018,55
30/11/2018,51
01/12/2018,53
02/12/2018,52
03/12/2018,55
04/12/2018,55
05/12/2018,51
06/12/2018,51
07/12/2018,51
08/12/2018,45
09/12/2018,54
10/12/2018,53
11/12/2018,51
12/12/2018,50
13/12/2018,51
14/12/2018,50
15/12/2018,53
16/12/2018,51
17/12/2018,44
18/12/2018,49
19/12/2018,57
20/12/2018,61
21/12/2018,58
22/12/2018,56
23/12/2018,58
24/12/2018,56
25/12/2018,57
26/12/2018,55
27/12/2018,53
28/12/2018,56
29/12/2018,57
30/12/2018,57
01/01/2019,13
02/01/2019,22
03/01/2019,22
04/01/2019,27
05/01/2019,24
06/01/2019,29
07/01/2019,31
08/01/2019,31
09/01/2019,29
10/01/2019,25
11/01/2019,20
12/01/2019,14
13/01/2019,21
14/01/2019,36
15/01/2019,31
16/01/2019,46
17/01/2019,46
18/01/2019,37
19/01/2019,35
20/01/2019,30
21/01/2019,38
22/01/2019,34
23/01/2019,35
24/01/2019,24
25/01/2019,25
26/01/2019,27
27/01/2019,37
28/01/2019,39
29/01/2019,27
30/01/2019,25
31/01/2019,33
01/02/2019,24
02/02/2019,26
03/02/2019,26
04/02/2019,30
05/02/2019,24
06/02/2019,26
07/02/2019,29
08/02/2019,37
09/02/2019,54
10/02/2019,49
11/02/2019,54
12/02/2019,37
13/02/2019,30
14/02/2019,21
15/02/2019,36
16/02/2019,39
17/02/2019,37
18/02/2019,43
19/02/2019,32
20/02/2019,29
21/02/2019,29
22/02/2019,34
23/02/2019,41
24/02/2019,34
25/02/2019,23
26/02/2019,24
27/02/2019,33
28/02/2019,46
01/03/2019,38
02/03/2019,47
03/03/2019,38
04/03/2019,39
05/03/2019,27
06/03/2019,31
07/03/2019,47
08/03/2019,41
09/03/2019,27
10/03/2019,18
11/03/2019,20
12/03/2019,28
13/03/2019,24
14/03/2019,41
15/03/2019,45
16/03/2019,34
17/03/2019,40
18/03/2019,29
19/03/2019,31
20/03/2019,41
21/03/2019,37
22/03/2019,28
23/03/2019,34
24/03/2019,25
25/03/2019,29
26/03/2019,28
27/03/2019,21
28/03/2019,36
29/03/2019,44
30/03/2019,46
31/03/2019,36
01/04/2019,39
02/04/2019,39
03/04/2019,40
04/04/2019,36
05/04/2019,54
06/04/2019,48
07/04/2019,49
08/04/2019,38
09/04/2019,24
10/04/2019,24
11/04/2019,25
12/04/2019,35
13/04/2019,39
14/04/2019,41
15/04/2019,34
16/04/2019,25
17/04/2019,26
18/04/2019,34
19/04/2019,33
20/04/2019,35
21/04/2019,28
22/04/2019,42
23/04/2019,31
24/04/2019,28
25/04/2019,33
26/04/2019,28
27/04/2019,30
28/04/2019,29
29/04/2019,31
30/04/2019,29
01/05/2019,37
02/05/2019,30
03/05/2019,30
04/05/2019,38
05/05/2019,32
06/05/2019,36
07/05/2019,32
08/05/2019,42
09/05/2019,37
10/05/2019,31
11/05/2019,28
12/05/2019,28
13/05/2019,28
14/05/2019,33
15/05/2019,30
16/05/2019,39
17/05/2019,39
18/05/2019,30
19/05/2019,39
20/05/2019,29
21/05/2019,25
22/05/2019,39
23/05/2019,36
24/05/2019,30
25/05/2019,31
26/05/2019,41
27/05/2019,30
28/05/2019,29
29/05/2019,32
30/05/2019,34
31/05/2019,29
01/06/2019,28
02/06/2019,40
03/06/2019,36
04/06/2019,40
05/06/2019,40
06/06/2019,43
07/06/2019,43
08/06/2019,43
09/06/2019,49
10/06/2019,38
11/06/2019,37
12/06/2019,47
13/06/2019,44
14/06/2019,32
15/06/2019,33
16/06/2019,22
17/06/2019,21
18/06/2019,25
19/06/2019,25
20/06/2019,27
21/06/2019,31
22/06/2019,36
23/06/2019,26
24/06/2019,23
25/06/2019,21
26/06/2019,27
27/06/2019,35
28/06/2019,30
29/06/2019,64
30/06/2019,62
01/07/2019,63
02/07/2019,64
03/07/2019,64
04/07/2019,69
05/07/2019,70
06/07/2019,65
07/07/2019,61
08/07/2019,60
09/07/2019,55
10/07/2019,59
11/07/2019,62
12/07/2019,67
13/07/2019,64
14/07/2019,65
15/07/2019,63
16/07/2019,62
17/07/2019,67
18/07/2019,67
19/07/2019,66
20/07/2019,63
21/07/2019,64
22/07/2019,64
23/07/2019,59
24/07/2019,60
25/07/2019,61
26/07/2019,63
27/07/2019,68
28/07/2019,70
29/07/2019,70
30/07/2019,70
31/07/2019,75
01/08/2019,83
02/08/2019,73
03/08/2019,75
04/08/2019,72
05/08/2019,74
06/08/2019,74
07/08/2019,80
08/08/2019,82
09/08/2019,81
10/08/2019,77
11/08/2019,77
12/08/2019,68
13/08/2019,64
14/08/2019,73
15/08/2019,73
16/08/2019,62
17/08/2019,77
18/08/2019,81
19/08/2019,72
20/08/2019,83
21/08/2019,82
22/08/2019,72
23/08/2019,82
24/08/2019,75
25/08/2019,71
26/08/2019,69
27/08/2019,69
28/08/2019,65
29/08/2019,58
30/08/2019,61
31/08/2019,59
01/09/2019,67
02/09/2019,75
03/09/2019,82
04/09/2019,81
05/09/2019,83
06/09/2019,99
07/09/2019,98
08/09/2019,95
09/09/2019,107
10/09/2019,148
11/09/2019,143
12/09/2019,140
13/09/2019,157
14/09/2019,152
15/09/2019,91
16/09/2019,152
17/09/2019,155
18/09/2019,188
19/09/2019,158
20/09/2019,155
21/09/2019,148
22/09/2019,158
23/09/2019,146
24/09/2019,102
25/09/2019,79
26/09/2019,61
27/09/2019,65
28/09/2019,69
29/09/2019,60
30/09/2019,54
01/10/2019,58
02/10/2019,69
03/10/2019,79
04/10/2019,76
05/10/2019,63
06/10/2019,58
07/10/2019,63
08/10/2019,60
09/10/2019,55
10/10/2019,56
11/10/2019,64
12/10/2019,63
13/10/2019,62
14/10/2019,71
15/10/2019,67
16/10/2019,64
17/10/2019,74
18/10/2019,59
19/10/2019,57
20/10/2019,57
21/10/2019,56
22/10/2019,54
23/10/2019,54
24/10/2019,63
25/10/2019,67
26/10/2019,59
27/10/2019,53
28/10/2019,52
29/10/2019,51
30/10/2019,53
31/10/2019,58
01/11/2019,56
02/11/2019,60
03/11/2019,66
04/11/2019,62
05/11/2019,60
06/11/2019,66
07/11/2019,69
08/11/2019,62
09/11/2019,54
10/11/2019,61
11/11/2019,57
12/11/2019,60
13/11/2019,74
14/11/2019,74
15/11/2019,63
16/11/2019,60
17/11/2019,56
18/11/2019,60
19/11/2019,62
20/11/2019,63
21/11/2019,60
22/11/2019,57
23/11/2019,54
24/11/2019,54
25/11/2019,57
26/11/2019,55
27/11/2019,58
28/11/2019,59
29/11/2019,52
30/11/2019,53
01/12/2019,52
02/12/2019,43
03/12/2019,46
04/12/2019,48
05/12/2019,55
06/12/2019,58
07/12/2019,53
08/12/2019,51
09/12/2019,43
10/12/2019,50
11/12/2019,54
12/12/2019,55
13/12/2019,53
14/12/2019,51
15/12/2019,52
16/12/2019,52
17/12/2019,52
18/12/2019,52
19/12/2019,52
20/12/2019,52
21/12/2019,52
22/12/2019,52
23/12/2019,52
24/12/2019,52
25/12/2019,52
26/12/2019,52
27/12/2019,52
28/12/2019,52
29/12/2019,52
01/01/2020,52
02/01/2020,52
03/01/2020,52
04/01/2020,52
05/01/2020,52
06/01/2020,52
07/01/2020,52
08/01/2020,52
09/01/2020,52
10/01/2020,52
11/01/2020,52
12/01/2020,52
13/01/2020,52
14/01/2020,52
15/01/2020,52
16/01/2020,52
17/01/2020,52
18/01/2020,64
26/01/2020,75
27/01/2020,62
28/01/2020,62
29/01/2020,58
30/01/2020,44
31/01/2020,53
01/02/2020,55
02/02/2020,50
03/02/2020,58
04/02/2020,62
05/02/2020,62
06/02/2020,59
07/02/2020,63
08/02/2020,66
09/02/2020,65
10/02/2020,54
11/02/2020,50
12/02/2020,39
13/02/2020,49
14/02/2020,56
15/02/2020,52
16/02/2020,52
17/02/2020,55
18/02/2020,50
19/02/2020,44
20/02/2020,57
21/02/2020,49
22/02/2020,47
23/02/2020,43
24/02/2020,40
25/02/2020,51
26/02/2020,53
27/02/2020,55
28/02/2020,48
29/02/2020,53
01/03/2020,59
02/03/2020,58
03/03/2020,61
04/03/2020,64
05/03/2020,62
06/03/2020,59
07/03/2020,55
08/03/2020,57
09/03/2020,60
10/03/2020,60
11/03/2020,57
12/03/2020,59
13/03/2020,63
14/03/2020,62
15/03/2020,48
16/03/2020,42
17/03/2020,50
18/03/2020,56
19/03/2020,54
20/03/2020,60
21/03/2020,60
22/03/2020,57
23/03/2020,57
24/03/2020,51
25/03/2020,53
26/03/2020,46
27/03/2020,50
28/03/2020,56
29/03/2020,55
01/04/2020,59
02/04/2020,61
03/04/2020,52
04/04/2020,50
05/04/2020,44
06/04/2020,44
07/04/2020,46
08/04/2020,52
09/04/2020,58
10/04/2020,57
11/04/2020,57
12/04/2020,65
13/04/2020,57
14/04/2020,53
15/04/2020,55
16/04/2020,55
17/04/2020,57
18/04/2020,57
19/04/2020,59
20/04/2020,61
21/04/2020,56
22/04/2020,57
23/04/2020,43
24/04/2020,33
25/04/2020,34
26/04/2020,37
27/04/2020,31
28/04/2020,43
29/04/2020,38
30/04/2020,44
01/05/2020,42
02/05/2020,49
03/05/2020,43
04/05/2020,50
05/05/2020,52
06/05/2020,53
07/05/2020,58
08/05/2020,67
09/05/2020,61
10/05/2020,61
11/05/2020,55
12/05/2020,54
13/05/2020,48
14/05/2020,50
15/05/2020,53
16/05/2020,55
17/05/2020,51
18/05/2020,55
19/05/2020,60
20/05/2020,58
21/05/2020,53
22/05/2020,56
23/05/2020,60
24/05/2020,65
25/05/2020,60
26/05/2020,60
27/05/2020,62
28/05/2020,62
29/05/2020,62
30/05/2020,60
31/05/2020,58
01/06/2020,57
02/06/2020,60
03/06/2020,56
04/06/2020,55
05/06/2020,53
06/06/2020,55
07/06/2020,56
08/06/2020,59
09/06/2020,61
10/06/2020,58
11/06/2020,60
12/06/2020,55
13/06/2020,52
14/06/2020,55
15/06/2020,57
16/06/2020,63
17/06/2020,64
18/06/2020,57
19/06/2020,53
20/06/2020,56
21/06/2020,54
22/06/2020,58
23/06/2020,62
24/06/2020,61
25/06/2020,67
26/06/2020,68
27/06/2020,81
28/06/2020,84
29/06/2020,72
30/06/2020,66
01/07/2020,67
02/07/2020,63
03/07/2020,58
04/07/2020,60
05/07/2020,55
06/07/2020,54
07/07/2020,54
08/07/2020,53
09/07/2020,63
10/07/2020,54
11/07/2020,60
12/07/2020,59
13/07/2020,50
14/07/2020,49
15/07/2020,55
16/07/2020,56
17/07/2020,53
18/07/2020,57
19/07/2020,49
20/07/2020,59
21/07/2020,57
22/07/2020,52
23/07/2020,51
24/07/2020,58
25/07/2020,56
26/07/2020,52
27/07/2020,55
28/07/2020,53
29/07/2020,57
30/07/2020,69
31/07/2020,64
01/08/2020,52
02/08/2020,49
03/08/2020,56
04/08/2020,60
05/08/2020,55
06/08/2020,58
07/08/2020,64
08/08/2020,62
09/08/2020,57
10/08/2020,58
11/08/2020,60
12/08/2020,65
13/08/2020,55
14/08/2020,58
15/08/2020,61
16/08/2020,66
17/08/2020,55
18/08/2020,60
19/08/2020,61
20/08/2020,70
21/08/2020,66
22/08/2020,65
23/08/2020,70
24/08/2020,56
25/08/2020,52
26/08/2020,51
27/08/2020,52
28/08/2020,60
29/08/2020,64
30/08/2020,67
31/08/2020,61
01/09/2020,55
02/09/2020,57
03/09/2020,53
04/09/2020,55
05/09/2020,47
06/09/2020,52
07/09/2020,58
08/09/2020,60
09/09/2020,61
10/09/2020,52
11/09/2020,51
12/09/2020,53
14/09/2020,54
15/09/2020,53
16/09/2020,57
17/09/2020,60
18/09/2020,67
19/09/2020,51
20/09/2020,50
21/09/2020,41
22/09/2020,51
23/09/2020,51
24/09/2020,50
25/09/2020,54
26/09/2020,46
27/09/2020,41
28/09/2020,53
29/09/2020,56
30/09/2020,53
01/10/2020,54
02/10/2020,46
03/10/2020,45
04/10/2020,61
05/10/2020,65
06/10/2020,63
07/10/2020,69
08/10/2020,48
09/10/2020,47
10/10/2020,54
11/10/2020,48
12/10/2020,43
13/10/2020,46
14/10/2020,57
15/10/2020,58
16/10/2020,63
17/10/2020,57
18/10/2020,59
19/10/2020,55
20/10/2020,65
21/10/2020,61
22/10/2020,53
23/10/2020,50
24/10/2020,51
25/10/2020,59
26/10/2020,48
27/10/2020,53
28/10/2020,55
29/10/2020,56
30/10/2020,59
31/10/2020,60
01/11/2020,52
02/11/2020,44
03/11/2020,50
04/11/2020,51
05/11/2020,53
06/11/2020,61
07/11/2020,56
08/11/2020,53
09/11/2020,51
10/11/2020,52
11/11/2020,58
12/11/2020,56
13/11/2020,58
14/11/2020,57
15/11/2020,58
16/11/2020,41
17/11/2020,50
18/11/2020,48
19/11/2020,51
20/11/2020,48
21/11/2020,59
22/11/2020,41
23/11/2020,34
24/11/2020,48
25/11/2020,46
26/11/2020,56
27/11/2020,55
28/11/2020,58
29/11/2020,50
30/11/2020,62
01/12/2020,63
02/12/2020,51
03/12/2020,52
04/12/2020,44
05/12/2020,46
06/12/2020,50
07/12/2020,54
08/12/2020,59
09/12/2020,65
10/12/2020,57
11/12/2020,56
12/12/2020,61
13/12/2020,52
14/12/2020,47
15/12/2020,54
16/12/2020,51
17/12/2020,49
18/12/2020,52
19/12/2020,49
20/12/2020,46
21/12/2020,47
22/12/2020,56
23/12/2020,61
24/12/2020,59
25/12/2020,57
26/12/2020,51
27/12/2020,40
28/12/2020,48
29/12/2020,54
30/12/2020,56
31/12/2020,65
01/01/2021,58
02/01/2021,43
03/01/2021,43
04/01/2021,27
05/01/2021,45
06/01/2021,44
07/01/2021,45
08/01/2021,45
09/01/2021,31
10/01/2021,31
11/01/2021,39
12/01/2021,44
13/01/2021,44
14/01/2021,50
15/01/2021,52
16/01/2021,58
17/01/2021,58
18/01/2021,54
19/01/2021,55
20/01/2021,54
21/01/2021,62
22/01/2021,61
23/01/2021,66
24/01/2021,55
25/01/2021,60
26/01/2021,60
27/01/2021,66
28/01/2021,57
29/01/2021,53
30/01/2021,65
31/01/2021,59
01/02/2021,59
02/02/2021,35
03/02/2021,55
04/02/2021,64
05/02/2021,56
06/02/2021,51
07/02/2021,54
08/02/2021,60
09/02/2021,62
10/02/2021,62
11/02/2021,65
12/02/2021,56
13/02/2021,53
14/02/2021,57
15/02/2021,59
16/02/2021,69
17/02/2021,69
18/02/2021,69
19/02/2021,61
20/02/2021,52
21/02/2021,50
22/02/2021,54
23/02/2021,62
24/02/2021,73
25/02/2021,74
26/02/2021,63
27/02/2021,58
28/02/2021,57
01/03/2021,70
02/03/2021,93
03/03/2021,74
04/03/2021,66
05/03/2021,55
06/03/2021,58
07/03/2021,54
08/03/2021,55
09/03/2021,63
10/03/2021,71
11/03/2021,66
12/03/2021,55
13/03/2021,55
14/03/2021,59
15/03/2021,63
16/03/2021,60
17/03/2021,65
18/03/2021,61
19/03/2021,71
20/03/2021,78
21/03/2021,77
22/03/2021,70
23/03/2021,63
24/03/2021,48
25/03/2021,41
26/03/2021,41
29/03/2021,53
30/03/2021,61
31/03/2021,56
01/04/2021,57
02/04/2021,58
03/04/2021,62
04/04/2021,56
05/04/2021,54
06/04/2021,56
07/04/2021,59
08/04/2021,53
09/04/2021,63
10/04/2021,64
11/04/2021,66
12/04/2021,62
13/04/2021,63
14/04/2021,59
15/04/2021,65
16/04/2021,66
17/04/2021,65
18/04/2021,52
19/04/2021,56
20/04/2021,58
21/04/2021,56
22/04/2021,57
23/04/2021,52
24/04/2021,51
25/04/2021,51
26/04/2021,56
27/04/2021,64
28/04/2021,65
29/04/2021,62
30/04/2021,63
01/05/2021,51
02/05/2021,49
03/05/2021,49
04/05/2021,51
05/05/2021,56
06/05/2021,52
07/05/2021,55
19/05/2021,58
20/05/2021,65
21/05/2021,70
22/05/2021,67
23/05/2021,71
24/05/2021,78
25/05/2021,70
26/05/2021,59
27/05/2021,55
28/05/2021,55
29/05/2021,56
30/05/2021,58
31/05/2021,53
01/06/2021,53
02/06/2021,57
03/06/2021,54
04/06/2021,54
05/06/2021,53
06/06/2021,60
07/06/2021,62
08/06/2021,66
09/06/2021,69
10/06/2021,63
11/06/2021,54
12/06/2021,63
13/06/2021,61
14/06/2021,59
15/06/2021,53
16/06/2021,49
17/06/2021,44
18/06/2021,65
19/06/2021,65
20/06/2021,70
21/06/2021,58
22/06/2021,58
23/06/2021,50
24/06/2021,58
25/06/2021,56
26/06/2021,53
27/06/2021,54
28/06/2021,61
29/06/2021,52
30/06/2021,45
01/07/2021,58
02/07/2021,59
03/07/2021,54
04/07/2021,59
05/07/2021,61
06/07/2021,58
07/07/2021,54
08/07/2021,61
09/07/2021,59
10/07/2021,55
11/07/2021,42
12/07/2021,33
13/07/2021,35
14/07/2021,47
15/07/2021,51
16/07/2021,55
17/07/2021,62
18/07/2021,65
19/07/2021,59
20/07/2021,56
21/07/2021,55
22/07/2021,57
23/07/2021,54
24/07/2021,56
25/07/2021,60
26/07/2021,65
27/07/2021,62
28/07/2021,63
29/07/2021,62
30/07/2021,65
31/07/2021,69
01/08/2021,55
02/08/2021,54
03/08/2021,59
04/08/2021,57
05/08/2021,57
06/08/2021,55
07/08/2021,58
08/08/2021,57
09/08/2021,52
10/08/2021,42
11/08/2021,50
12/08/2021,55
13/08/2021,58
14/08/2021,57
15/08/2021,62
16/08/2021,46
17/08/2021,37
18/08/2021,39
19/08/2021,32
20/08/2021,40
21/08/2021,42
22/08/2021,47
09/09/2021,60
10/09/2021,60
11/09/2021,60
12/09/2021,66
13/09/2021,54
14/09/2021,53
15/09/2021,66
16/09/2021,58
17/09/2021,53
18/09/2021,50
19/09/2021,50
20/09/2021,33
21/09/2021,49
22/09/2021,60
23/09/2021,49
24/09/2021,59
25/09/2021,64
26/09/2021,68
27/09/2021,51
28/09/2021,47
29/09/2021,50
30/09/2021,48
01/10/2021,50
02/10/2021,47
03/10/2021,58
04/10/2021,70
05/10/2021,64
06/10/2021,50
07/10/2021,45
08/10/2021,53
09/10/2021,67
10/10/2021,66
11/10/2021,63
12/10/2021,59
13/10/2021,54
14/10/2021,65
15/10/2021,60
16/10/2021,58
17/10/2021,62
18/10/2021,56
19/10/2021,56
20/10/2021,59
21/10/2021,43
22/10/2021,53
23/10/2021,53
24/10/2021,51
25/10/2021,50
26/10/2021,54
27/10/2021,50
28/10/2021,50
29/10/2021,57
30/10/2021,60
31/10/2021,58
01/11/2021,54
02/11/2021,51
03/11/2021,52
04/11/2021,65
05/11/2021,56
06/11/2021,55
07/11/2021,55
08/11/2021,46
09/11/2021,53
10/11/2021,55
11/11/2021,48
12/11/2021,48
13/11/2021,32
14/11/2021,46
15/11/2021,59
16/11/2021,65
17/11/2021,60
18/11/2021,53
19/11/2021,55
20/11/2021,49
21/11/2021,52
22/11/2021,51
23/11/2021,52
24/11/2021,56
25/11/2021,55
26/11/2021,59
27/11/2021,58
28/11/2021,57
29/11/2021,48
30/11/2021,45
01/12/2021,54
02/12/2021,57
03/12/2021,54
04/12/2021,55
05/12/2021,55
06/12/2021,58
07/12/2021,59
08/12/2021,55
09/12/2021,65
10/12/2021,61
11/12/2021,59
12/12/2021,55
13/12/2021,62
14/12/2021,57
15/12/2021,57
16/12/2021,56
27/12/2021,56
28/12/2021,63
29/12/2021,65
30/12/2021,59
31/12/2021,38
01/01/2022,46
02/01/2022,51
03/01/2022,46
04/01/2022,54
05/01/2022,54
06/01/2022,55
07/01/2022,65
08/01/2022,62
09/01/2022,52
10/01/2022,58
11/01/2022,61
12/01/2022,56
13/01/2022,54
14/01/2022,52
15/01/2022,53
16/01/2022,57
17/01/2022,59
18/01/2022,56
19/01/2022,65
20/01/2022,57
21/01/2022,66
22/01/2022,63
27/01/2022,73
28/01/2022,68
29/01/2022,65
30/01/2022,64
31/01/2022,68
01/02/2022,73
02/02/2022,68
03/02/2022,62
04/02/2022,53
05/02/2022,51
06/02/2022,56
07/02/2022,55
08/02/2022,45
09/02/2022,66
10/02/2022,59
11/02/2022,57
12/02/2022,54
13/02/2022,54
14/02/2022,50
15/02/2022,44
16/02/2022,52
17/02/2022,48
18/02/2022,52
19/02/2022,66
20/02/2022,79
21/02/2022,63
22/02/2022,57
23/02/2022,60
24/02/2022,56
25/02/2022,53
26/02/2022,45
27/02/2022,54
28/02/2022,52
01/03/2022,54
02/03/2022,49
03/03/2022,52
04/03/2022,41
05/03/2022,50
06/03/2022,40
07/03/2022,52
08/03/2022,41
09/03/2022,50
10/03/2022,48
11/03/2022,48
12/03/2022,58
13/03/2022,68
14/03/2022,74
15/03/2022,67
16/03/2022,55
17/03/2022,52
18/03/2022,49
19/03/2022,45
20/03/2022,56
21/03/2022,57
22/03/2022,62
23/03/2022,64
24/03/2022,63
25/03/2022,69
26/03/2022,72
27/03/2022,64
28/03/2022,55
29/03/2022,49
30/03/2022,51
31/03/2022,42
01/04/2022,47
02/04/2022,56
03/04/2022,53
04/04/2022,52
05/04/2022,59
06/04/2022,54
07/04/2022,49
08/04/2022,53
09/04/2022,56
10/04/2022,61
11/04/2022,62
12/04/2022,58
13/04/2022,61
14/04/2022,64
15/04/2022,62
16/04/2022,62
17/04/2022,63
18/04/2022,63
19/04/2022,61
20/04/2022,58
21/04/2022,60
22/04/2022,55
23/04/2022,51
24/04/2022,47
25/04/2022,55
26/04/2022,56
27/04/2022,68
28/04/2022,63
29/04/2022,60
30/04/2022,57
01/05/2022,61
02/05/2022,69
03/05/2022,46
04/05/2022,49
05/05/2022,51
06/05/2022,49
07/05/2022,45
08/05/2022,48
09/05/2022,52
10/05/2022,54
11/05/2022,52
12/05/2022,63
13/05/2022,60
14/05/2022,66
15/05/2022,65
16/05/2022,61
17/05/2022,43
18/05/2022,63
19/05/2022,63
20/05/2022,77
21/05/2022,59
22/05/2022,54
23/05/2022,55
24/05/2022,63
25/05/2022,53
26/05/2022,42
27/05/2022,53
28/05/2022,54
29/05/2022,55
30/05/2022,55
31/05/2022,53
01/06/2022,53
02/06/2022,50
03/06/2022,51
04/06/2022,51
05/06/2022,52
06/06/2022,53
07/06/2022,58
08/06/2022,64
09/06/2022,48
10/06/2022,51
11/06/2022,53
12/06/2022,40
13/06/2022,48
14/06/2022,51
15/06/2022,55
16/06/2022,50
17/06/2022,55
18/06/2022,54
19/06/2022,70
20/06/2022,46
21/06/2022,55
22/06/2022,57
23/06/2022,48
24/06/2022,52
25/06/2022,52
26/06/2022,54
27/06/2022,51
28/06/2022,56
29/06/2022,54
30/06/2022,50
01/07/2022,50
02/07/2022,55
03/07/2022,64
04/07/2022,68
05/07/2022,67
06/07/2022,71
07/07/2022,62
08/07/2022,62
09/07/2022,58
10/07/2022,55
11/07/2022,59
12/07/2022,57
13/07/2022,49
14/07/2022,57
15/07/2022,68
16/07/2022,64
17/07/2022,61
18/07/2022,68
19/07/2022,72
20/07/2022,59
21/07/2022,62
22/07/2022,68
23/07/2022,53
24/07/2022,50
25/07/2022,48
26/07/2022,49
27/07/2022,52
28/07/2022,51
29/07/2022,48
30/07/2022,45
31/07/2022,53
01/08/2022,54
02/08/2022,57
03/08/2022,54
04/08/2022,55
05/08/2022,57
06/08/2022,64
07/08/2022,64
08/08/2022,66
09/08/2022,59
10/08/2022,64
11/08/2022,70
12/08/2022,67
13/08/2022,57
14/08/2022,54
15/08/2022,61
16/08/2022,68
17/08/2022,60
18/08/2022,61
19/08/2022,59
20/08/2022,59
21/08/2022,57
22/08/2022,61
23/08/2022,53
24/08/2022,53
25/08/2022,65
26/08/2022,54
27/08/2022,55
28/08/2022,55
29/08/2022,54
30/08/2022,52
31/08/2022,67
01/09/2022,61
02/09/2022,61
03/09/2022,58
04/09/2022,62
05/09/2022,74
06/09/2022,68
07/09/2022,63
08/09/2022,66
09/09/2022,64
10/09/2022,66
11/09/2022,67
12/09/2022,62
13/09/2022,60
14/09/2022,58
15/09/2022,64
16/09/2022,70
17/09/2022,66
18/09/2022,64
19/09/2022,59
20/09/2022,65
21/09/2022,62
22/09/2022,63
23/09/2022,58
24/09/2022,66
25/09/2022,58
26/09/2022,57
27/09/2022,63
28/09/2022,60
29/09/2022,60
30/09/2022,64
01/10/2022,63
02/10/2022,57
03/10/2022,52
04/10/2022,55
05/10/2022,61
06/10/2022,64
07/10/2022,61
08/10/2022,55
09/10/2022,65
10/10/2022,60
11/10/2022,69
12/10/2022,65
13/10/2022,62
14/10/2022,61
15/10/2022,55
16/10/2022,61
17/10/2022,68
18/10/2022,66
19/10/2022,70
20/10/2022,71
21/10/2022,68
22/10/2022,62
23/10/2022,59
24/10/2022,63
25/10/2022,63
26/10/2022,49
27/10/2022,53
28/10/2022,61
29/10/2022,65
30/10/2022,62
31/10/2022,62
01/11/2022,61
02/11/2022,60
03/11/2022,61
04/11/2022,66
05/11/2022,66
06/11/2022,65
07/11/2022,64
08/11/2022,61
09/11/2022,55
10/11/2022,60
11/11/2022,56
12/11/2022,58
13/11/2022,64
14/11/2022,62
15/11/2022,63
16/11/2022,68
17/11/2022,64
18/11/2022,60
19/11/2022,66
20/11/2022,58
21/11/2022,59
10/02/2023,84
11/02/2023,71
12/02/2023,55
13/02/2023,52
14/02/2023,59
15/02/2023,55
16/02/2023,57
17/02/2023,55
18/02/2023,52
19/02/2023,51
20/02/2023,46
21/02/2023,51
22/02/2023,60
23/02/2023,59
24/02/2023,67
25/02/2023,71
26/02/2023,71
27/02/2023,71
28/02/2023,88
01/03/2023,74
02/03/2023,60
03/03/2023,51
04/03/2023,47
05/03/2023,50
06/03/2023,55
07/03/2023,64
08/03/2023,62
09/03/2023,59
10/03/2023,57
11/03/2023,71
12/03/2023,61
13/03/2023,56
14/03/2023,64
15/03/2023,64
16/03/2023,62
17/03/2023,65
18/03/2023,62
19/03/2023,62
20/03/2023,70
21/03/2023,66
22/03/2023,70
23/03/2023,66
24/03/2023,67
25/03/2023,63
26/03/2023,64
27/03/2023,59
28/03/2023,68
29/03/2023,73
30/03/2023,75
31/03/2023,72
01/04/2023,75
02/04/2023,74
03/04/2023,63
04/04/2023,67
05/04/2023,62
06/04/2023,63
07/04/2023,66
08/04/2023,70
09/04/2023,65
10/04/2023,70
11/04/2023,99
12/04/2023,87
13/04/2023,83
14/04/2023,95
15/04/2023,142
16/04/2023,110
17/04/2023,111
18/04/2023,74
19/04/2023,74
20/04/2023,81
21/04/2023,72
22/04/2023,66
23/04/2023,65
24/04/2023,57
25/04/2023,56
26/04/2023,53
27/04/2023,55
28/04/2023,49
29/04/2023,53
30/04/2023,55
01/05/2023,55
02/05/2023,55
03/05/2023,57
04/05/2023,56
05/05/2023,63
06/05/2023,56
07/05/2023,42
08/05/2023,45
09/05/2023,39
10/05/2023,55
11/05/2023,68
12/05/2023,67
13/05/2023,64
14/05/2023,65
15/05/2023,61
16/05/2023,69
17/05/2023,63
18/05/2023,66
19/05/2023,61
20/05/2023,54
21/05/2023,48
22/05/2023,46
23/05/2023,55
24/05/2023,57
25/05/2023,63
26/05/2023,64
27/05/2023,61
28/05/2023,57
29/05/2023,57
30/05/2023,62
31/05/2023,61
01/06/2023,69
02/06/2023,68
03/06/2023,66
04/06/2023,70
05/06/2023,58
06/06/2023,57
07/06/2023,63
08/06/2023,70
09/06/2023,69
10/06/2023,62
11/06/2023,63
12/06/2023,62
13/06/2023,59
14/06/2023,84
15/06/2023,148
16/06/2023,76
17/06/2023,68
18/06/2023,66
19/06/2023,76
20/06/2023,71
21/06/2023,71
22/06/2023,72
23/06/2023,69
24/06/2023,70
25/06/2023,63
26/06/2023,57
27/06/2023,54
28/06/2023,51
29/06/2023,52
30/06/2023,54
01/07/2023,52
02/07/2023,55
03/07/2023,59
04/07/2023,66
05/07/2023,59
06/07/2023,59
07/07/2023,58
08/07/2023,54
09/07/2023,58
10/07/2023,57
11/07/2023,50
12/07/2023,52
13/07/2023,59
14/07/2023,61
15/07/2023,54
16/07/2023,60
17/07/2023,65
18/07/2023,62
19/07/2023,57
20/07/2023,50
21/07/2023,55
22/07/2023,58
23/07/2023,60
24/07/2023,64
25/07/2023,58
26/07/2023,60
27/07/2023,60
28/07/2023,67
29/07/2023,77
30/07/2023,71
31/07/2023,66
01/08/2023,63
02/08/2023,61
03/08/2023,55
04/08/2023,58
05/08/2023,58
06/08/2023,59
07/08/2023,64
08/08/2023,72
09/08/2023,65
10/08/2023,58
11/08/2023,61
12/08/2023,68
13/08/2023,62
14/08/2023,59
15/08/2023,46
16/08/2023,64
17/08/2023,62
18/08/2023,60
19/08/2023,57
20/08/2023,55
21/08/2023,52
22/08/2023,56
23/08/2023,71
24/08/2023,78
25/08/2023,74
26/08/2023,69
27/08/2023,60
28/08/2023,62
29/08/2023,52
30/08/2023,56
31/08/2023,61
01/09/2023,62
02/09/2023,79
03/09/2023,102
04/09/2023,107
05/09/2023,84
06/09/2023,65
07/09/2023,69
08/09/2023,99
09/09/2023,68
10/09/2023,49
11/09/2023,71
12/09/2023,88
13/09/2023,87
14/09/2023,70
15/09/2023,67
16/09/2023,87
17/09/2023,90
18/09/2023,73
19/09/2023,66
20/09/2023,64
21/09/2023,65
22/09/2023,56
23/09/2023,60
24/09/2023,61
25/09/2023,66
26/09/2023,75
27/09/2023,96
28/09/2023,95
29/09/2023,142
30/09/2023,128
01/10/2023,117
02/10/2023,161
03/10/2023,143
04/10/2023,92
05/10/2023,94
06/10/2023,91
07/10/2023,93
08/10/2023,144
09/10/2023,149
10/10/2023,147
11/10/2023,74
12/10/2023,66
13/10/2023,78
14/10/2023,88
15/10/2023,80
16/10/2023,65
17/10/2023,75
18/10/2023,111
19/10/2023,94
20/10/2023,81
21/10/2023,64
22/10/2023,60
23/10/2023,57
24/10/2023,56
25/10/2023,56
26/10/2023,57
27/10/2023,61
28/10/2023,75
29/10/2023,67
30/10/2023,58
31/10/2023,62
01/11/2023,62
02/11/2023,60
03/11/2023,65
04/11/2023,71
05/11/2023,66
06/11/2023,64
07/11/2023,59
08/11/2023,60
09/11/2023,65
10/11/2023,62
11/11/2023,57
12/11/2023,66
13/11/2023,65
14/11/2023,62
15/11/2023,59
16/11/2023,58
17/11/2023,64
18/11/2023,58
19/11/2023,57
20/11/2023,58
21/11/2023,57
22/11/2023,58
23/11/2023,57
24/11/2023,54
25/11/2023,57
26/11/2023,55
27/11/2023,42
28/11/2023,52
29/11/2023,48
30/11/2023,55
01/12/2023,56
02/12/2023,47
03/12/2023,54
04/12/2023,56
05/12/2023,58
06/12/2023,61
07/12/2023,55
08/12/2023,50
09/12/2023,55
10/12/2023,77
11/12/2023,77
12/12/2023,75
13/12/2023,68
14/12/2023,61
15/12/2023,57
16/12/2023,52
17/12/2023,72
18/12/2023,70
19/12/2023,71
20/12/2023,65
21/12/2023,62
22/12/2023,57
23/12/2023,60
24/12/2023,61
25/12/2023,76
26/12/2023,68
27/12/2023,68
28/12/2023,53
29/12/2023,52
30/12/2023,55
31/12/2023,53
01/01/2024,62
02/01/2024,62
03/01/2024,63
04/01/2024,58
05/01/2024,62
06/01/2024,57
07/01/2024,58
08/01/2024,48
09/01/2024,54
10/01/2024,48
11/01/2024,56
12/01/2024,55
13/01/2024,55
14/01/2024,61
15/01/2024,63
16/01/2024,56
17/01/2024,56
18/01/2024,53
19/01/2024,56
20/01/2024,60
21/01/2024,67
22/01/2024,73
23/01/2024,77
24/01/2024,62
25/01/2024,58
26/01/2024,49
27/01/2024,50
28/01/2024,48
29/01/2024,52
30/01/2024,57
31/01/2024,57
01/02/2024,69
02/02/2024,64
03/02/2024,64
04/02/2024,67
05/02/2024,63
06/02/2024,70
07/02/2024,71
08/02/2024,65
09/02/2024,65
10/02/2024,67
11/02/2024,61
12/02/2024,58
13/02/2024,55
14/02/2024,46
15/02/2024,57
16/02/2024,61
17/02/2024,67
18/02/2024,64
19/02/2024,62
20/02/2024,66
21/02/2024,63
22/02/2024,63
23/02/2024,66
24/02/2024,75
25/02/2024,69
26/02/2024,59
27/02/2024,61
28/02/2024,53
29/02/2024,60
01/03/2024,70
02/03/2024,68
03/03/2024,60
04/03/2024,56
05/03/2024,69
06/03/2024,62
07/03/2024,65
08/03/2024,62
09/03/2024,61
10/03/2024,66
11/03/2024,73
12/03/2024,72
13/03/2024,78
14/03/2024,78
15/03/2024,68
16/03/2024,68
17/03/2024,65
18/03/2024,61
19/03/2024,63
20/03/2024,63
21/03/2024,64
22/03/2024,67
23/03/2024,77
24/03/2024,75
25/03/2024,72
26/03/2024,75
27/03/2024,71
28/03/2024,66
29/03/2024,59
30/03/2024,62
31/03/2024,59
01/04/2024,65
02/04/2024,72
03/04/2024,75
04/04/2024,77
05/04/2024,71
06/04/2024,79
07/04/2024,91
08/04/2024,98
09/04/2024,100
10/04/2024,120
11/04/2024,87
12/04/2024,66
13/04/2024,74
14/04/2024,83
15/04/2024,76
16/04/2024,68
17/04/2024,68
18/04/2024,88
19/04/2024,77
20/04/2024,74
21/04/2024,73
22/04/2024,67
23/04/2024,72
24/04/2024,72
25/04/2024,73
26/04/2024,75
27/04/2024,78
28/04/2024,76
29/04/2024,76
30/04/2024,85
01/05/2024,91
02/05/2024,78
03/05/2024,83
04/05/2024,77
05/05/2024,72
06/05/2024,88
07/05/2024,86
08/05/2024,83
09/05/2024,83
10/05/2024,66
11/05/2024,134
12/05/2024,56
13/05/2024,55
14/05/2024,61
15/05/2024,65
16/05/2024,58
17/05/2024,53
18/05/2024,63
19/05/2024,61
20/05/2024,56
21/05/2024,52
22/05/2024,53
23/05/2024,61
24/05/2024,52
25/05/2024,61
26/05/2024,55
27/05/2024,54
28/05/2024,58
29/05/2024,57
30/05/2024,56
31/05/2024,59
01/06/2024,53
02/06/2024,55
03/06/2024,57
04/06/2024,54
05/06/2024,69
06/06/2024,66
07/06/2024,83
08/06/2024,62
09/06/2024,53
10/06/2024,57
11/06/2024,73
12/06/2024,69
13/06/2024,68
14/06/2024,70
15/06/2024,61
16/06/2024,54
17/06/2024,53
18/06/2024,46
19/06/2024,57
20/06/2024,63
21/06/2024,58
22/06/2024,57
23/06/2024,66
24/06/2024,68
25/06/2024,65
26/06/2024,61
27/06/2024,53
28/06/2024,59
29/06/2024,58
30/06/2024,56
01/07/2024,60
02/07/2024,67
03/07/2024,67
04/07/2024,70
06/07/2024,61
07/07/2024,60
08/07/2024,49
09/07/2024,54
10/07/2024,55
11/07/2024,53
12/07/2024,56
13/07/2024,67
14/07/2024,67
15/07/2024,72
16/07/2024,75
17/07/2024,70
18/07/2024,72
19/07/2024,60
20/07/2024,62
21/07/2024,63
22/07/2024,65
23/07/2024,67
24/07/2024,63
25/07/2024,62
26/07/2024,66
27/07/2024,66
28/07/2024,65
29/07/2024,61
30/07/2024,62
31/07/2024,59
01/08/2024,58
02/08/2024,66
03/08/2024,57
04/08/2024,51
05/08/2024,47
06/08/2024,57
07/08/2024,61
08/08/2024,60
09/08/2024,65
10/08/2024,55
11/08/2024,53
12/08/2024,50
13/08/2024,63
14/08/2024,59
15/08/2024,59
16/08/2024,59
17/08/2024,60
18/08/2024,62
19/08/2024,62
20/08/2024,66
21/08/2024,50
22/08/2024,65
23/08/2024,59
24/08/2024,50
25/08/2024,52
26/08/2024,54
27/08/2024,51
28/08/2024,57
29/08/2024,57
30/08/2024,68
31/08/2024,72
01/09/2024,71
02/09/2024,78
03/09/2024,66
04/09/2024,62
05/09/2024,65
06/09/2024,64
07/09/2024,69
08/09/2024,59
09/09/2024,63
10/09/2024,58
11/09/2024,56
12/09/2024,55
13/09/2024,55
14/09/2024,54
15/09/2024,51
16/09/2024,53
17/09/2024,51
18/09/2024,43
19/09/2024,48
20/09/2024,51
21/09/2024,53
22/09/2024,58
23/09/2024,66
24/09/2024,55
25/09/2024,60
26/09/2024,59
27/09/2024,61
28/09/2024,58
29/09/2024,56
30/09/2024,58
01/10/2024,61
02/10/2024,60
03/10/2024,56
04/10/2024,54
05/10/2024,53
06/10/2024,53
07/10/2024,58
08/10/2024,58
09/10/2024,60
10/10/2024,66
11/10/2024,57
12/10/2024,60
13/10/2024,64
14/10/2024,48
15/10/2024,52
16/10/2024,52
17/10/2024,53
18/10/2024,52
19/10/2024,54
20/10/2024,50
21/10/2024,54
22/10/2024,63
23/10/2024,61
24/10/2024,53
25/10/2024,54
26/10/2024,46
27/10/2024,48
28/10/2024,47
29/10/2024,53
30/10/2024,57
31/10/2024,67
01/11/2024,56
02/11/2024,48
03/11/2024,51
04/11/2024,49
05/11/2024,47
06/11/2024,68
07/11/2024,63
08/11/2024,58
09/11/2024,45
10/11/2024,51
11/11/2024,50
12/11/2024,52
13/11/2024,52
14/11/2024,52
15/11/2024,53
16/11/2024,58
17/11/2024,55
18/11/2024,43
19/11/2024,49
20/11/2024,48
21/11/2024,42
22/11/2024,50
23/11/2024,52
24/11/2024,52
25/11/2024,46
26/11/2024,53
27/11/2024,50
28/11/2024,46
29/11/2024,53
30/11/2024,54
01/12/2024,50
02/12/2024,51
03/12/2024,51
04/12/2024,52
05/12/2024,52
06/12/2024,54
07/12/2024,59
08/12/2024,54
09/12/2024,45
10/12/2024,38
11/12/2024,51
12/12/2024,50
13/12/2024,58
14/12/2024,51
15/12/2024,55
16/12/2024,64
17/12/2024,60
18/12/2024,46
19/12/2024,50
20/12/2024,53
21/12/2024,57
22/12/2024,55
23/12/2024,48
24/12/2024,50
25/12/2024,56
26/12/2024,57
27/12/2024,69
28/12/2024,61
29/12/2024,56