date,aqi
2014-01-01, 29
2014-01-02, 27
2014-01-03, 30
2014-01-04, 23
2014-01-05, 26
2014-01-06, 23
2014-01-07, 33
2014-01-08, 29
2014-01-09, 29
2014-01-10, 22
2014-01-11, 28
2014-01-12, 22
2014-01-13, 24
2014-01-14, 28
2014-01-15, 29
2014-01-16, 36
2014-01-17, 38
2014-01-18, 36
2014-01-19, 30
2014-01-20, 35
2014-01-21, 42
2014-01-22, 46
2014-01-23, 47
2014-01-24, 52
2014-01-25, 53
2014-01-26, 51
2014-01-27, 49
2014-01-28, 39
2014-01-29, 30
2014-01-30, 32
2014-01-31, 28
2014-02-01, 43
2014-02-02, 49
2014-02-03, 54
2014-02-04, 59
2014-02-05, 59
2014-02-06, 61
2014-02-07, 60
2014-02-08, 59
2014-02-09, 61
2014-02-10, 64
2014-02-11, 62
2014-02-12, 50
2014-02-13, 41
2014-02-14, 35
2014-02-15, 34
2014-02-16, 35
2014-02-17, 33
2014-02-18, 40
2014-02-19, 48
2014-02-20, 44
2014-02-21, 30
2014-02-22, 29
2014-02-23, 35
2014-02-24, 43
2014-02-25, 60
2014-02-26, 61
2014-02-27, 54
2014-02-28, 42
2014-03-01, 43
2014-03-02, 60
2014-03-03, 68
2014-03-04, 85
2014-03-05, 75
2014-03-06, 69
2014-03-07, 69
2014-03-08, 77
2014-03-09, 94
2014-03-10, 102
2014-03-11, 75
2014-03-12, 81
2014-03-13, 125
2014-03-14, 142
2014-03-15, 85
2014-03-16, 37
2014-03-17, 20
2014-03-18, 29
2014-03-19, 40
2014-03-20, 39
2014-03-21, 51
2014-03-22, 50
2014-03-23, 46
2014-03-24, 36
2014-03-25, 34
2014-03-26, 50
2014-03-27, 53
2014-03-28, 53
2014-03-29, 50
2014-03-30, 42
2014-03-31, 46
2014-04-01, 53
2014-04-02, 55
2014-04-03, 55
2014-04-04, 51
2014-04-05, 39
2014-04-06, 32
2014-04-07, 40
2014-04-08, 45
2014-04-09, 35
2014-04-10, 45
2014-04-11, 53
2014-04-12, 45
2014-04-13, 40
2014-04-14, 47
2014-04-15, 46
2014-04-16, 45
2014-04-17, 47
2014-04-18, 48
2014-04-19, 51
2014-04-20, 51
2014-04-21, 49
2014-04-22, 45
2014-04-23, 49
2014-04-24, 42
2014-04-25, 47
2014-04-26, 50
2014-04-27, 45
2014-04-28, 46
2014-04-29, 55
2014-04-30, 52
2014-05-01, 46
2014-05-02, 47
2014-05-03, 50
2014-05-04, 48
2014-05-05, 36
2014-05-06, 29
2014-05-07, 42
2014-05-08, 31
2014-05-09, 36
2014-05-10, 40
2014-05-11, 42
2014-05-12, 43
2014-05-13, 47
2014-05-14, 43
2014-05-15, 49
2014-05-16, 38
2014-05-17, 35
2014-05-18, 28
2014-05-19, 39
2014-05-20, 31
2014-05-21, 34
2014-05-22, 40
2014-05-23, 39
2014-05-24, 41
2014-05-25, 41
2014-05-26, 43
2014-05-27, 35
2014-05-28, 37
2014-05-29, 41
2014-05-30, 36
2014-05-31, 34
2014-06-01, 34
2014-06-02, 41
2014-06-03, 37
2014-06-04, 38
2014-06-05, 34
2014-06-06, 31
2014-06-07, 32
2014-06-08, 33
2014-06-09, 39
2014-06-10, 40
2014-06-11, 43
2014-06-12, 45
2014-06-13, 38
2014-06-14, 34
2014-06-15, 37
2014-06-16, 43
2014-06-17, 43
2014-06-18, 46
2014-06-19, 64
2014-06-20, 63
2014-06-21, 49
2014-06-22, 71
2014-06-23, 86
2014-06-24, 88
2014-06-25, 76
2014-06-26, 49
2014-06-27, 64
2014-06-28, 69
2014-06-29, 63
2014-06-30, 51
2014-07-01, 42
2014-07-02, 37
2014-07-03, 41
2014-07-04, 35
2014-07-05, 27
2014-07-06, 28
2014-07-07, 34
2014-07-08, 45
2014-07-09, 53
2014-07-10, 44
2014-07-11, 37
2014-07-12, 44
2014-07-13, 48
2014-07-14, 49
2014-07-15, 51
2014-07-16, 52
2014-07-17, 60
2014-07-18, 52
2014-07-19, 45
2014-07-20, 57
2014-07-21, 61
2014-07-22, 54
2014-07-23, 52
2014-07-24, 54
2014-07-25, 59
2014-07-26, 64
2014-07-27, 65
2014-07-28, 72
2014-07-29, 73
2014-07-30, 43
2014-07-31, 42
2014-08-01, 45
2014-08-02, 42
2014-08-03, 37
2014-08-04, 49
2014-08-05, 45
2014-08-06, 32
2014-08-07, 29
2014-08-08, 31
2014-08-09, 38
2014-08-10, 38
2014-08-11, 34
2014-08-12, 30
2014-08-13, 30
2014-08-14, 33
2014-08-15, 33
2014-08-16, 36
2014-08-17, 40
2014-08-18, 38
2014-08-19, 34
2014-08-20, 36
2014-08-21, 41
2014-08-22, 43
2014-08-23, 45
2014-08-24, 37
2014-08-25, 37
2014-08-26, 35
2014-08-27, 35
2014-08-28, 34
2014-08-29, 46
2014-08-30, 41
2014-08-31, 44
2014-09-01, 51
2014-09-02, 55
2014-09-03, 54
2014-09-04, 60
2014-09-05, 56
2014-09-06, 44
2014-09-07, 47
2014-09-08, 46
2014-09-09, 56
2014-09-10, 54
2014-09-11, 58
2014-09-12, 57
2014-09-13, 67
2014-09-14, 74
2014-09-15, 49
2014-09-16, 49
2014-09-17, 69
2014-09-18, 73
2014-09-19, 65
2014-09-20, 59
2014-09-21, 35
2014-09-22, 47
2014-09-23, 61
2014-09-24, 60
2014-09-25, 53
2014-09-26, 46
2014-09-27, 55
2014-09-28, 58
2014-09-29, 69
2014-09-30, 70
2014-10-01, 67
2014-10-02, 71
2014-10-03, 67
2014-10-04, 63
2014-10-05, 37
2014-10-06, 34
2014-10-07, 61
2014-10-08, 70
2014-10-09, 88
2014-10-10, 103
2014-10-11, 66
2014-10-12, 71
2014-10-13, 63
2014-10-14, 56
2014-10-15, 60
2014-10-16, 49
2014-10-17, 43
2014-10-18, 39
2014-10-19, 50
2014-10-20, 69
2014-10-21, 62
2014-10-22, 43
2014-10-23, 41
2014-10-24, 45
2014-10-25, 49
2014-10-26, 56
2014-10-27, 46
2014-10-28, 39
2014-10-29, 45
2014-10-30, 53
2014-10-31, 53
2014-11-01, 41
2014-11-02, 45
2014-11-03, 62
2014-11-04, 68
2014-11-05, 64
2014-11-06, 54
2014-11-07, 38
2014-11-08, 41
2014-11-09, 37
2014-11-10, 42
2014-11-11, 50
2014-11-12, 47
2014-11-13, 39
2014-11-14, 35
2014-11-15, 37
2014-11-16, 38
2014-11-17, 36
2014-11-18, 31
2014-11-19, 35
2014-11-20, 37
2014-11-21, 42
2014-11-22, 43
2014-11-23, 37
2014-11-24, 31
2014-11-25, 33
2014-11-26, 41
2014-11-27, 38
2014-11-28, 40
2014-11-29, 39
2014-11-30, 37
2014-12-01, 41
2014-12-02, 50
2014-12-03, 49
2014-12-04, 45
2014-12-05, 51
2014-12-06, 50
2014-12-07, 45
2014-12-08, 38
2014-12-09, 41
2014-12-10, 44
2014-12-11, 46
2014-12-12, 45
2014-12-13, 50
2014-12-14, 48
2014-12-15, 43
2014-12-16, 35
2014-12-17, 36
2014-12-18, 35
2014-12-19, 33
2014-12-20, 49
2014-12-21, 40
2014-12-22, 31
2014-12-23, 27
2014-12-24, 33
2014-12-25, 30
2014-12-26, 33
2014-12-27, 32
2014-12-28, 34
2015-01-01, 41
2015-01-02, 42
2015-01-04, 53
2015-01-05, 52
2015-01-06, 50
2015-01-07, 52
2015-01-08, 35
2015-01-09, 28
2015-01-10, 36
2015-01-11, 32
2015-01-12, 30
2015-01-13, 32
2015-01-14, 34
2015-01-15, 31
2015-01-16, 38
2015-01-17, 53
2015-01-18, 56
2015-01-19, 49
2015-01-20, 43
2015-01-21, 47
2015-01-22, 49
2015-01-23, 52
2015-01-24, 51
2015-01-25, 54
2015-01-26, 58
2015-01-27, 53
2015-01-28, 51
2015-01-29, 48
2015-01-30, 30
2015-01-31, 40
2015-02-01, 44
2015-02-02, 40
2015-02-03, 38
2015-02-04, 34
2015-02-05, 29
2015-02-06, 39
2015-02-07, 40
2015-02-08, 38
2015-02-09, 46
2015-02-10, 50
2015-02-11, 52
2015-02-12, 61
2015-02-13, 61
2015-02-14, 59
2015-02-15, 55
2015-02-16, 54
2015-02-17, 52
2015-02-18, 42
2015-02-19, 36
2015-02-20, 31
2015-02-21, 34
2015-02-22, 42
2015-02-23, 49
2015-02-24, 45
2015-02-25, 53
2015-02-26, 54
2015-02-27, 51
2015-02-28, 37
2015-03-01, 48
2015-03-02, 46
2015-03-03, 47
2015-03-04, 57
2015-03-05, 52
2015-03-06, 63
2015-03-07, 56
2015-03-08, 43
2015-03-09, 39
2015-03-10, 39
2015-03-11, 48
2015-03-12, 52
2015-03-13, 52
2015-03-14, 63
2015-03-15, 59
2015-03-16, 65
2015-03-17, 72
2015-03-18, 70
2015-03-19, 68
2015-03-20, 67
2015-03-21, 71
2015-03-22, 62
2015-03-23, 59
2015-03-24, 59
2015-03-25, 52
2015-03-26, 40
2015-03-27, 37
2015-03-28, 38
2015-03-29, 37
2015-03-30, 32
2015-03-31, 31
2015-04-01, 33
2015-04-02, 32
2015-04-03, 42
2015-04-04, 47
2015-04-05, 42
2015-04-06, 42
2015-04-07, 44
2015-04-08, 41
2015-04-09, 39
2015-04-10, 35
2015-04-11, 35
2015-04-12, 33
2015-04-13, 36
2015-04-14, 48
2015-04-15, 39
2015-04-16, 32
2015-04-17, 39
2015-04-18, 43
2015-04-19, 52
2015-04-20, 53
2015-04-21, 52
2015-04-22, 44
2015-04-23, 36
2015-04-24, 40
2015-04-25, 34
2015-04-26, 34
2015-04-27, 37
2015-04-28, 43
2015-04-29, 41
2015-04-30, 42
2015-05-01, 53
2015-05-02, 37
2015-05-03, 38
2015-05-04, 37
2015-05-05, 38
2015-05-06, 53
2015-05-07, 52
2015-05-08, 49
2015-05-09, 45
2015-05-10, 37
2015-05-11, 43
2015-05-12, 51
2015-05-13, 42
2015-05-15, 44
2015-05-16, 45
2015-05-17, 40
2015-05-18, 35
2015-05-19, 39
2015-05-20, 42
2015-05-21, 40
2015-05-22, 48
2015-05-23, 44
2015-05-24, 42
2015-05-25, 45
2015-05-26, 45
2015-05-27, 42
2015-05-28, 42
2015-05-29, 40
2015-05-30, 42
2015-05-31, 41
2015-06-01, 45
2015-06-02, 46
2015-06-03, 47
2015-06-04, 46
2015-06-05, 48
2015-06-06, 51
2015-06-07, 44
2015-06-08, 38
2015-06-09, 45
2015-06-10, 43
2015-06-11, 43
2015-06-12, 35
2015-06-13, 34
2015-06-14, 31
2015-06-15, 29
2015-06-16, 34
2015-06-17, 39
2015-06-18, 47
2015-06-19, 50
2015-06-20, 48
2015-06-21, 43
2015-06-22, 48
2015-06-23, 53
2015-06-24, 56
2015-06-25, 56
2015-06-26, 56
2015-06-27, 57
2015-06-28, 55
2015-06-29, 58
2015-06-30, 58
2015-07-01, 64
2015-07-02, 63
2015-07-03, 66
2015-07-04, 57
2015-07-05, 46
2015-07-06, 51
2015-07-07, 61
2015-07-08, 59
2015-07-09, 52
2015-07-10, 52
2015-07-11, 57
2015-07-12, 62
2015-07-13, 57
2015-07-14, 57
2015-07-15, 49
2015-07-16, 52
2015-07-17, 48
2015-07-18, 36
2015-07-19, 47
2015-07-20, 43
2015-07-21, 42
2015-07-22, 40
2015-07-23, 51
2015-07-24, 39
2015-07-25, 39
2015-07-26, 41
2015-07-27, 44
2015-07-28, 53
2015-07-29, 43
2015-07-30, 32
2015-08-02, 46
2015-08-03, 38
2015-08-04, 30
2015-08-05, 32
2015-08-06, 34
2015-08-07, 35
2015-08-08, 32
2015-08-09, 28
2015-08-10, 36
2015-08-11, 41
2015-08-12, 32
2015-08-13, 32
2015-08-14, 47
2015-08-15, 45
2015-08-16, 43
2015-08-17, 40
2015-08-18, 43
2015-08-20, 54
2015-08-21, 50
2015-08-22, 39
2015-08-23, 39
2015-08-24, 59
2015-08-25, 75
2015-08-26, 81
2015-08-27, 61
2015-08-28, 50
2015-08-29, 54
2015-08-30, 62
2015-08-31, 65
2015-09-01, 67
2015-09-02, 80
2015-09-03, 90
2015-09-04, 64
2015-09-05, 52
2015-09-06, 51
2015-09-07, 94
2015-09-08, 106
2015-09-09, 75
2015-09-10, 46
2015-09-11, 95
2015-09-12, 125
2015-09-13, 141
2015-09-14, 162
2015-09-15, 152
2015-09-16, 82
2015-09-17, 104
2015-09-18, 73
2015-09-19, 80
2015-09-20, 60
2015-09-21, 50
2015-09-22, 66
2015-09-23, 71
2015-09-24, 72
2015-09-25, 66
2015-09-26, 78
2015-09-27, 138
2015-09-28, 111
2015-09-29, 88
2015-09-30, 113
2015-10-01, 109
2015-10-02, 108
2015-10-03, 139
2015-10-04, 180
2015-10-05, 90
2015-10-06, 84
2015-10-07, 86
2015-10-08, 72
2015-10-09, 59
2015-10-10, 71
2015-10-11, 80
2015-10-12, 79
2015-10-13, 77
2015-10-14, 84
2015-10-15, 67
2015-10-16, 63
2015-10-17, 77
2015-10-18, 103
2015-10-19, 175
2015-10-20, 128
2015-10-21, 141
2015-10-22, 100
2015-10-23, 85
2015-10-24, 120
2015-10-25, 97
2015-10-26, 69
2015-10-27, 69
2015-10-28, 59
2015-10-29, 39
2015-10-30, 34
2015-10-31, 25
2015-11-01, 27
2015-11-02, 25
2015-11-03, 26
2015-11-04, 29
2015-11-05, 41
2015-11-06, 37
2015-11-07, 32
2015-11-08, 28
2015-11-09, 29
2015-11-10, 35
2015-11-11, 34
2015-11-12, 30
2015-11-13, 32
2015-11-14, 36
2015-11-15, 28
2015-11-16, 23
2015-11-17, 20
2015-11-18, 22
2015-11-19, 30
2015-11-20, 29
2015-11-21, 25
2015-11-22, 26
2015-11-23, 30
2015-11-24, 33
2015-11-25, 37
2015-11-26, 19
2015-11-27, 21
2015-11-28, 28
2015-11-29, 21
2015-11-30, 20
2015-12-01, 24
2015-12-02, 24
2015-12-03, 26
2015-12-04, 31
2015-12-05, 28
2015-12-06, 31
2015-12-07, 21
2015-12-08, 23
2015-12-09, 22
2015-12-10, 23
2015-12-11, 21
2015-12-12, 26
2015-12-13, 19
2015-12-14, 19
2015-12-15, 21
2015-12-16, 32
2015-12-17, 36
2015-12-18, 38
2015-12-19, 40
2015-12-20, 37
2015-12-21, 34
2015-12-22, 42
2015-12-23, 44
2015-12-24, 42
2015-12-25, 27
2015-12-26, 27
2015-12-27, 27
2015-12-28, 21
2015-12-29, 21
2015-12-30, 28
2016-01-04, 37
2016-01-05, 27
2016-01-06, 23
2016-01-07, 25
2016-01-08, 25
2016-01-09, 29
2016-01-10, 27
2016-01-11, 33
2016-01-12, 38
2016-01-13, 32
2016-01-14, 23
2016-01-15, 26
2016-01-16, 24
2016-01-17, 28
2016-01-18, 32
2016-01-19, 30
2016-01-20, 33
2016-01-21, 26
2016-01-22, 27
2016-01-23, 32
2016-01-24, 29
2016-01-25, 26
2016-01-26, 25
2016-01-27, 24
2016-01-28, 25
2016-01-29, 25
2016-01-30, 23
2016-01-31, 27
2016-02-01, 26
2016-02-02, 31
2016-02-03, 32
2016-02-04, 24
2016-02-05, 18
2016-02-06, 17
2016-02-07, 24
2016-02-08, 33
2016-02-09, 38
2016-02-10, 36
2016-02-11, 27
2016-02-12, 24
2016-02-13, 18
2016-02-14, 21
2016-02-15, 21
2016-02-16, 26
2016-02-17, 32
2016-02-18, 35
2016-02-19, 29
2016-02-20, 28
2016-02-21, 32
2016-02-22, 35
2016-02-23, 35
2016-02-24, 46
2016-02-25, 30
2016-02-26, 31
2016-02-27, 30
2016-02-28, 30
2016-02-29, 30
2016-03-01, 31
2016-03-02, 33
2016-03-03, 29
2016-03-04, 35
2016-03-05, 36
2016-03-06, 27
2016-03-07, 27
2016-03-08, 27
2016-03-09, 33
2016-03-10, 41
2016-03-11, 46
2016-03-12, 40
2016-03-13, 40
2016-03-14, 51
2016-03-15, 42
2016-03-16, 53
2016-03-17, 63
2016-03-18, 62
2016-03-19, 63
2016-03-20, 65
2016-03-21, 69
2016-03-22, 38
2016-03-23, 54
2016-03-24, 57
2016-03-25, 56
2016-03-26, 40
2016-03-27, 40
2016-03-28, 38
2016-03-29, 42
2016-03-30, 51
2016-03-31, 60
2016-04-01, 54
2016-04-02, 49
2016-04-03, 47
2016-04-04, 49
2016-04-05, 46
2016-04-06, 54
2016-04-07, 62
2016-04-08, 63
2016-04-09, 65
2016-04-10, 63
2016-04-11, 60
2016-04-12, 49
2016-04-13, 48
2016-04-14, 49
2016-04-15, 42
2016-04-16, 41
2016-04-17, 42
2016-04-18, 37
2016-04-19, 43
2016-04-20, 73
2016-04-21, 79
2016-04-22, 72
2016-04-23, 77
2016-04-24, 57
2016-04-25, 44
2016-04-26, 49
2016-04-27, 49
2016-04-28, 55
2016-04-29, 53
2016-04-30, 45
2016-05-01, 45
2016-05-02, 52
2016-05-03, 42
2016-05-04, 47
2016-05-05, 42
2016-05-06, 40
2016-05-07, 39
2016-05-08, 35
2016-05-09, 41
2016-05-10, 42
2016-05-11, 33
2016-05-12, 37
2016-05-13, 40
2016-05-14, 39
2016-05-15, 34
2016-05-16, 32
2016-05-17, 40
2016-05-18, 40
2016-05-19, 35
2016-05-20, 40
2016-05-21, 35
2016-05-22, 31
2016-05-23, 32
2016-05-24, 29
2016-05-25, 31
2016-05-26, 37
2016-05-27, 31
2016-05-28, 30
2016-05-29, 31
2016-05-30, 36
2016-05-31, 34
2016-06-01, 31
2016-06-02, 44
2016-06-03, 42
2016-06-04, 35
2016-06-05, 43
2016-06-06, 55
2016-06-07, 52
2016-06-08, 43
2016-06-09, 45
2016-06-10, 55
2016-06-11, 54
2016-06-12, 47
2016-06-13, 41
2016-06-14, 41
2016-06-15, 41
2016-06-16, 33
2016-06-17, 32
2016-06-18, 30
2016-06-19, 44
2016-06-20, 47
2016-06-21, 45
2016-06-22, 46
2016-06-23, 44
2016-06-24, 43
2016-06-25, 43
2016-06-26, 35
2016-06-27, 38
2016-06-28, 42
2016-06-29, 50
2016-06-30, 55
2016-07-01, 54
2016-07-02, 55
2016-07-03, 52
2016-07-04, 47
2016-07-05, 42
2016-07-07, 34
2016-07-08, 30
2016-07-09, 34
2016-07-10, 32
2016-07-11, 33
2016-07-12, 32
2016-07-13, 36
2016-07-14, 38
2016-07-15, 40
2016-07-16, 37
2016-07-17, 37
2016-07-18, 24
2016-07-19, 30
2016-07-20, 28
2016-07-21, 32
2016-07-22, 29
2016-07-23, 29
2016-07-24, 27
2016-07-25, 24
2016-07-26, 37
2016-07-27, 34
2016-07-28, 37
2016-07-29, 36
2016-07-30, 39
2016-07-31, 35
2016-08-01, 37
2016-08-02, 33
2016-08-03, 34
2016-08-04, 31
2016-08-05, 35
2016-08-06, 34
2016-08-07, 35
2016-08-08, 39
2016-08-09, 40
2016-08-10, 43
2016-08-11, 47
2016-08-12, 35
2016-08-13, 36
2016-08-14, 32
2016-08-15, 41
2016-08-16, 44
2016-08-17, 45
2016-08-18, 35
2016-08-19, 38
2016-08-20, 49
2016-08-21, 42
2016-08-22, 48
2016-08-23, 41
2016-08-24, 34
2016-08-25, 42
2016-08-26, 35
2016-08-27, 33
2016-08-28, 48
2016-08-29, 59
2016-08-30, 54
2016-08-31, 29
2016-09-01, 29
2016-09-02, 34
2016-09-03, 36
2016-09-04, 41
2016-09-05, 37
2016-09-06, 34
2016-09-07, 29
2016-09-08, 27
2016-09-09, 24
2016-09-10, 37
2016-09-11, 42
2016-09-12, 44
2016-09-13, 32
2016-09-15, 40
2016-09-16, 37
2016-09-17, 44
2016-09-18, 45
2016-09-19, 34
2016-09-20, 37
2016-09-21, 37
2016-09-22, 42
2016-09-23, 45
2016-09-24, 55
2016-09-25, 54
2016-09-26, 57
2016-09-27, 50
2016-09-28, 41
2016-09-29, 38
2016-09-30, 39
2016-10-01, 42
2016-10-02, 44
2016-10-03, 46
2016-10-04, 51
2016-10-05, 51
2016-10-06, 45
2016-10-07, 40
2016-10-08, 39
2016-10-09, 41
2016-10-10, 46
2016-10-11, 45
2016-10-12, 43
2016-10-13, 42
2016-10-14, 43
2016-10-15, 44
2016-10-16, 42
2016-10-17, 37
2016-10-18, 35
2016-10-19, 30
2016-10-20, 35
2016-10-21, 32
2016-10-22, 39
2016-10-23, 50
2016-10-24, 38
2016-10-25, 33
2016-10-26, 40
2016-10-27, 48
2016-10-28, 33
2016-10-29, 30
2016-10-30, 30
2016-10-31, 25
2016-11-01, 31
2016-11-02, 47
2016-11-03, 33
2016-11-04, 37
2016-11-05, 42
2016-11-06, 43
2016-11-07, 38
2016-11-08, 35
2016-11-09, 33
2016-11-10, 32
2016-11-11, 32
2016-11-12, 26
2016-11-13, 33
2016-11-14, 30
2016-11-15, 31
2016-11-16, 34
2016-11-17, 39
2016-11-18, 41
2016-11-19, 43
2016-11-20, 24
2016-11-21, 33
2016-11-22, 12
2016-11-23, 36
2016-11-24, 37
2016-11-25, 47
2016-11-26, 40
2016-11-27, 38
2016-11-28, 30
2016-11-29, 29
2016-11-30, 29
2016-12-01, 36
2016-12-02, 33
2016-12-03, 30
2016-12-04, 31
2016-12-05, 32
2016-12-06, 45
2016-12-07, 42
2016-12-08, 46
2016-12-09, 45
2016-12-10, 39
2016-12-11, 30
2016-12-12, 26
2016-12-13, 39
2016-12-14, 38
2016-12-15, 43
2016-12-16, 53
2016-12-17, 50
2016-12-18, 38
2016-12-19, 34
2016-12-20, 26
2016-12-21, 26
2016-12-22, 30
2016-12-23, 28
2016-12-24, 25
2016-12-25, 22
2016-12-26, 25
2016-12-27, 23
2016-12-28, 26
2016-12-29, 34
2016-12-30, 36
2016-12-31, 33
2017-01-01, 27
2017-01-02, 21
2017-01-03, 22
2017-01-04, 21
2017-01-05, 23
2017-01-06, 26
2017-01-07, 29
2017-01-08, 29
2017-01-09, 35
2017-01-10, 45
2017-01-11, 42
2017-01-12, 41
2017-01-13, 48
2017-01-14, 33
2017-01-15, 27
2017-01-16, 24
2017-01-17, 28
2017-01-18, 25
2017-01-19, 30
2017-01-20, 26
2017-01-21, 23
2017-01-23, 32
2017-01-24, 30
2017-01-25, 27
2017-01-26, 29
2017-01-27, 30
2017-01-28, 37
2017-01-29, 41
2017-01-30, 38
2017-01-31, 32
2017-02-01, 33
2017-02-02, 37
2017-02-03, 41
2017-02-04, 39
2017-02-05, 41
2017-02-06, 37
2017-02-07, 39
2017-02-08, 50
2017-02-09, 56
2017-02-10, 50
2017-02-11, 48
2017-02-12, 44
2017-02-13, 40
2017-02-14, 31
2017-02-15, 27
2017-02-16, 22
2017-02-17, 39
2017-02-18, 40
2017-02-19, 32
2017-02-20, 34
2017-02-21, 26
2017-02-22, 38
2017-02-23, 34
2017-02-24, 34
2017-02-25, 30
2017-02-26, 32
2017-02-27, 28
2017-02-28, 27
2017-03-01, 32
2017-03-02, 28
2017-03-04, 31
2017-03-05, 36
2017-03-06, 42
2017-03-07, 36
2017-03-08, 33
2017-03-09, 34
2017-03-10, 34
2017-03-11, 40
2017-03-12, 46
2017-03-13, 40
2017-03-14, 45
2017-03-15, 54
2017-03-16, 56
2017-03-17, 50
2017-03-18, 46
2017-03-19, 39
2017-03-20, 33
2017-03-21, 39
2017-03-22, 39
2017-03-23, 36
2017-03-24, 34
2017-03-25, 40
2017-03-26, 35
2017-03-27, 31
2017-03-28, 29
2017-03-29, 28
2017-03-30, 33
2017-03-31, 37
2017-04-01, 44
2017-04-02, 38
2017-04-03, 32
2017-04-04, 36
2017-04-05, 40
2017-04-06, 46
2017-04-07, 44
2017-04-08, 40
2017-04-09, 36
2017-04-10, 30
2017-04-11, 33
2017-04-12, 37
2017-04-13, 38
2017-04-14, 32
2017-07-07, 22
2017-07-08, 20
2017-07-09, 21
2017-07-10, 20
2017-07-11, 22
2017-07-12, 17
2017-07-13, 16
2017-07-14, 14
2017-07-15, 14
2017-07-16, 22
2017-07-17, 22
2017-07-18, 24
2017-08-28, 19
2017-08-29, 24
2017-08-30, 18
2017-08-31, 25
2017-09-01, 30
2017-09-02, 21
2017-09-03, 27
2017-09-04, 18
2017-09-05, 25
2017-09-06, 23
2017-09-11, 19
2017-09-12, 19
2017-09-13, 28
2017-09-14, 32
2017-09-15, 21
2017-09-16, 14
2017-10-05, 28
2017-10-06, 25
2017-10-07, 27
2017-10-08, 26
2017-10-09, 28
2017-10-10, 21
2017-10-11, 29
2017-10-12, 25
2017-10-13, 13
2017-10-14, 34
2017-10-15, 31
2017-10-16, 31
2017-10-17, 26
2017-10-18, 27
2017-10-19, 44
2017-10-20, 42
2017-10-21, 41
2017-10-22, 34
2017-10-23, 33
2017-10-24, 26
2017-10-25, 29
2017-10-26, 29
2017-10-27, 21
2017-10-28, 29
2017-10-29, 22
2017-12-12, 19
2017-12-13, 44
2017-12-14, 34
2017-12-15, 32
2017-12-16, 25
2017-12-17, 20
2017-12-18, 25
2017-12-19, 31
2017-12-20, 19
2017-12-21, 31
2017-12-22, 29
2017-12-23, 44
2017-12-24, 24
2017-12-25, 21
2017-12-26, 23
2017-12-27, 25
2017-12-28, 22
2017-12-29, 16
2017-12-30, 14
2018-01-01, 11
2018-01-02, 12
2018-01-03, 11
2018-01-04, 11
2018-01-05, 16
2018-01-06, 24
2018-01-07, 25
2018-01-08, 28
2018-01-09, 27
2018-01-10, 22
2018-01-11, 11
2018-01-12, 8
2018-01-13, 10
2018-01-14, 15
2018-01-15, 20
2018-01-16, 22
2018-01-17, 23
2018-01-18, 22
2018-01-19, 25
2018-01-20, 21
2018-01-21, 21
2018-01-22, 26
2018-01-23, 21
2018-01-24, 15
2018-01-25, 17
2018-01-26, 15
2018-01-27, 23
2018-01-28, 24
2018-01-29, 26
2018-01-30, 24
2018-01-31, 24
2018-02-01, 15
2018-02-02, 15
2018-02-03, 15
2018-02-04, 23
2018-02-05, 30
2018-02-06, 31
2018-02-07, 33
2018-02-08, 32
2018-02-09, 41
2018-02-10, 31
2018-02-11, 35
2018-02-12, 36
2018-02-13, 23
2018-02-14, 21
2018-02-15, 28
2018-02-16, 38
2018-02-17, 34
2018-02-18, 23
2018-02-19, 26
2018-02-20, 20
2018-02-21, 15
2018-02-22, 20
2018-02-23, 20
2018-02-24, 27
2018-02-25, 17
2018-02-26, 20
2018-02-27, 18
2018-02-28, 28
2018-03-01, 32
2018-03-02, 41
2018-03-03, 26
2018-03-04, 29
2018-03-05, 23
2018-03-06, 23
2018-03-07, 25
2018-03-08, 22
2018-03-09, 18
2018-03-10, 15
2018-03-11, 20
2018-03-12, 19
2018-03-14, 27
2018-03-15, 30
2018-03-16, 31
2018-03-17, 32
2018-03-18, 22
2018-03-19, 27
2018-03-20, 31
2018-03-21, 31
2018-03-22, 23
2018-03-23, 23
2018-03-24, 21
2018-03-25, 28
2018-03-26, 20
2018-03-27, 16
2018-03-28, 22
2018-03-29, 33
2018-03-30, 44
2018-03-31, 34
2018-04-01, 27
2018-04-02, 24
2018-04-03, 30
2018-04-04, 29
2018-04-05, 39
2018-04-06, 45
2018-04-07, 30
2018-04-08, 22
2018-04-09, 19
2018-04-10, 19
2018-04-11, 20
2018-04-12, 22
2018-04-13, 21
2018-04-14, 20
2018-04-15, 21
2018-04-16, 18
2018-04-17, 18
2018-04-18, 18
2018-04-19, 18
2018-04-20, 13
2018-04-21, 15
2018-04-22, 15
2018-04-23, 25
2018-04-24, 20
2018-04-25, 33
2018-04-26, 28
2018-04-27, 21
2018-04-28, 23
2018-04-29, 25
2018-04-30, 25
2018-05-01, 23
2018-05-02, 22
2018-05-03, 21
2018-05-05, 12
2018-05-07, 29
2018-05-08, 29
2018-05-09, 28
2018-05-10, 28
2018-05-11, 23
2018-05-12, 20
2018-05-13, 21
2018-05-14, 31
2018-05-15, 20
2018-05-16, 23
2018-05-17, 22
2018-05-18, 31
2018-05-19, 25
2018-05-20, 23
2018-05-21, 25
2018-05-22, 39
2018-05-23, 25
2018-05-24, 24
2018-05-25, 24
2018-05-26, 24
2018-05-27, 19
2018-05-28, 23
2018-05-29, 25
2018-05-30, 19
2018-05-31, 23
2018-06-01, 31
2018-06-02, 35
2018-06-03, 41
2018-06-04, 36
2018-06-05, 31
2018-06-06, 31
2018-06-07, 27
2018-06-08, 28
2018-06-09, 32
2018-06-10, 31
2018-06-11, 35
2018-06-12, 39
2018-06-13, 32
2018-06-14, 23
2018-06-15, 25
2018-06-16, 18
2018-06-17, 21
2018-06-18, 21
2018-06-19, 18
2018-06-20, 21
2018-06-21, 24
2018-06-22, 23
2018-06-23, 15
2018-06-24, 25
2018-06-25, 22
2018-06-26, 20
2018-06-27, 24
2018-06-28, 20
2018-06-29, 13
2018-06-30, 23
2018-07-01, 21
2018-07-02, 19
2018-07-03, 23
2018-07-04, 25
2018-07-05, 28
2018-07-06, 28
2018-07-07, 33
2018-07-08, 30
2018-07-09, 25
2018-07-10, 22
2018-07-11, 22
2018-07-12, 28
2018-07-13, 26
2018-07-14, 31
2018-07-15, 32
2018-07-16, 26
2018-07-17, 31
2018-07-18, 40
2018-07-19, 36
2018-07-20, 23
2018-07-21, 26
2018-07-22, 33
2018-07-23, 24
2018-07-24, 31
2018-07-25, 24
2018-07-26, 21
2018-07-27, 30
2018-07-28, 30
2018-07-29, 27
2018-07-30, 20
2018-07-31, 24
2018-08-01, 22
2018-08-02, 21
2018-08-03, 27
2018-08-04, 32
2018-08-05, 31
2018-08-06, 31
2018-08-07, 25
2018-08-08, 22
2018-08-09, 25
2018-08-10, 26
2018-08-11, 27
2018-08-12, 27
2018-08-13, 32
2018-08-14, 27
2018-08-15, 32
2018-08-16, 53
2018-08-17, 74
2018-08-18, 69
2018-08-19, 62
2018-08-20, 62
2018-08-21, 70
2018-08-22, 64
2018-08-23, 53
2018-08-24, 55
2018-08-25, 64
2018-08-26, 65
2018-08-27, 60
2018-08-28, 61
2018-08-29, 57
2018-08-30, 52
2018-08-31, 48
2018-09-01, 54
2018-09-02, 53
2018-09-03, 52
2018-09-04, 51
2018-09-05, 51
2018-09-06, 51
2018-09-07, 42
2018-09-08, 41
2018-09-09, 49
2018-09-10, 52
2018-09-11, 57
2018-09-12, 54
2018-09-13, 50
2018-09-14, 57
2018-09-15, 59
2018-09-16, 60
2018-09-17, 62
2018-09-18, 60
2018-09-19, 57
2018-09-20, 50
2018-09-21, 44
2018-09-22, 51
2018-09-23, 55
2018-09-24, 55
2018-09-25, 60
2018-09-26, 64
2018-09-27, 61
2018-09-28, 59
2018-09-29, 63
2018-09-30, 66
2018-10-01, 66
2018-10-02, 61
2018-10-03, 58
2018-10-04, 60
2018-10-05, 59
2018-10-06, 63
2018-10-07, 57
2018-10-08, 45
2018-10-09, 32
2018-10-10, 43
2018-10-11, 32
2018-10-12, 30
2018-10-13, 38
2018-10-14, 40
2018-10-15, 43
2018-10-16, 55
2018-10-17, 53
2018-10-18, 49
2018-10-19, 38
2018-10-20, 53
2018-10-21, 53
2018-10-22, 49
2018-10-23, 55
2018-10-24, 52
2018-10-25, 48
2018-10-26, 41
2018-10-27, 42
2018-10-28, 42
2018-10-29, 42
2018-10-30, 47
2018-10-31, 36
2018-11-01, 41
2018-11-02, 46
2018-11-03, 35
2018-11-04, 32
2018-11-05, 48
2018-11-06, 38
2018-11-07, 38
2018-11-08, 45
2018-11-09, 54
2018-11-10, 41
2018-11-11, 37
2018-11-12, 35
2018-11-13, 33
2018-11-14, 35
2018-11-15, 35
2018-11-16, 46
2018-11-17, 55
2018-11-18, 55
2018-11-19, 51
2018-11-20, 54
2018-11-21, 52
2018-11-22, 43
2018-11-23, 46
2018-11-24, 50
2018-11-25, 42
2018-11-26, 53
2018-11-27, 51
2018-11-28, 48
2018-11-29, 39
2018-11-30, 44
2018-12-01, 36
2018-12-02, 33
2018-12-03, 36
2018-12-04, 52
2018-12-05, 33
2018-12-06, 29
2018-12-07, 46
2018-12-08, 32
2018-12-09, 44
2018-12-10, 42
2018-12-11, 32
2018-12-12, 31
2018-12-13, 32
2018-12-14, 33
2018-12-15, 40
2018-12-16, 38
2018-12-17, 36
2018-12-18, 40
2018-12-19, 47
2018-12-20, 56
2018-12-21, 60
2018-12-22, 52
2018-12-23, 53
2018-12-24, 54
2018-12-25, 60
2018-12-26, 57
2018-12-27, 53
2018-12-28, 55
2018-12-29, 59
2018-12-30, 63
2019-01-01, 
2019-01-02, 
2019-01-03, 
2019-01-04, 
2019-01-05, 
2019-01-06, 
2019-01-07, 
2019-01-08, 
2019-01-09, 
2019-01-10, 
2019-01-11, 
2019-01-12, 
2019-01-13, 
2019-01-14, 
2019-01-15, 
2019-01-16, 
2019-01-17, 
2019-01-18, 
2019-01-19, 
2019-01-20, 
2019-01-21, 
2019-01-22, 
2019-01-23, 
2019-01-24, 
2019-01-25, 
2019-01-26, 
2019-01-27, 
2019-01-28, 
2019-01-29, 
2019-01-30, 
2019-01-31, 
2019-02-01, 
2019-02-02, 
2019-02-03, 
2019-02-04, 
2019-02-05, 
2019-02-06, 
2019-02-07, 
2019-02-08, 
2019-02-09, 
2019-02-10, 
2019-02-11, 
2019-02-12, 
2019-02-13, 
2019-02-14, 
2019-02-15, 
2019-02-16, 
2019-02-17, 
2019-02-18, 
2019-02-19, 
2019-02-20, 
2019-02-21, 
2019-02-22, 
2019-02-23, 
2019-02-24, 
2019-02-25, 
2019-02-26, 
2019-02-27, 
2019-02-28, 
2019-03-01, 
2019-03-02, 
2019-03-03, 
2019-03-04, 
2019-03-05, 
2019-03-06, 
2019-03-07, 
2019-03-08, 
2019-03-09, 
2019-03-10, 
2019-03-11, 
2019-03-12, 
2019-03-13, 
2019-03-14, 
2019-03-15, 
2019-03-16, 
2019-03-17, 
2019-03-18, 
2019-03-19, 
2019-03-20, 
2019-03-21, 
2019-03-22, 
2019-03-23, 
2019-03-24, 
2019-03-25, 
2019-03-26, 
2019-03-27, 
2019-03-28, 
2019-03-29, 
2019-03-30, 
2019-03-31, 
2019-04-01, 
2019-04-02, 
2019-04-03, 
2019-04-04, 
2019-04-05, 
2019-04-06, 
2019-04-07, 
2019-04-08, 
2019-04-09, 
2019-04-10, 
2019-04-11, 
2019-04-12, 
2019-04-13, 
2019-04-14, 
2019-04-15, 
2019-04-16, 
2019-04-17, 
2019-04-18, 
2019-04-19, 
2019-04-20, 
2019-04-21, 
2019-04-22, 
2019-04-23, 
2019-04-24, 
2019-04-25, 
2019-04-26, 
2019-04-27, 
2019-04-28, 
2019-04-29, 
2019-04-30, 
2019-05-01, 
2019-05-02, 
2019-05-03, 
2019-05-04, 
2019-05-05, 
2019-05-06, 
2019-05-07, 
2019-05-08, 
2019-05-09, 
2019-05-10, 
2019-05-11, 
2019-05-12, 
2019-05-13, 
2019-05-14, 
2019-05-15, 
2019-05-16, 
2019-05-17, 
2019-05-18, 
2019-05-19, 
2019-05-20, 
2019-05-21, 
2019-05-22, 
2019-05-23, 
2019-05-24, 
2019-05-25, 
2019-05-26, 
2019-05-27, 
2019-05-28, 
2019-05-29, 
2019-05-30, 
2019-05-31, 
2019-06-01, 
2019-06-02, 
2019-06-03, 
2019-06-04, 
2019-06-05, 
2019-06-06, 
2019-06-07, 
2019-06-08, 
2019-06-09, 
2019-06-10, 
2019-06-11, 
2019-06-12, 
2019-06-13, 
2019-06-14, 
2019-06-15, 
2019-06-16, 
2019-06-17, 
2019-06-18, 
2019-06-19, 
2019-06-20, 
2019-06-21, 
2019-06-22, 
2019-06-23, 
2019-06-24, 
2019-06-25, 
2019-06-26, 
2019-06-27, 
2019-06-28, 21
2019-06-29, 58
2019-06-30, 57
2019-07-01, 58
2019-07-02, 58
2019-07-03, 60
2019-07-04, 64
2019-07-05, 62
2019-07-06, 61
2019-07-07, 53
2019-07-08, 47
2019-07-09, 48
2019-07-10, 52
2019-07-11, 56
2019-07-12, 57
2019-07-13, 57
2019-07-14, 57
2019-07-15, 60
2019-07-16, 60
2019-07-17, 59
2019-07-19, 59
2019-07-20, 57
2019-07-21, 60
2019-07-22, 61
2019-07-23, 54
2019-07-24, 52
2019-07-25, 58
2019-07-26, 60
2019-07-27, 61
2019-07-28, 62
2019-07-29, 63
2019-07-30, 62
2019-07-31, 71
2019-08-01, 70
2019-08-02, 65
2019-08-03, 68
2019-08-04, 66
2019-08-05, 70
2019-08-06, 70
2019-08-07, 69
2019-08-08, 67
2019-08-09, 67
2019-08-10, 75
2019-08-11, 70
2019-08-12, 64
2019-08-13, 63
2019-08-14, 68
2019-08-15, 64
2019-08-16, 61
2019-08-17, 72
2019-08-18, 76
2019-08-19, 72
2019-08-20, 72
2019-08-21, 71
2019-08-22, 67
2019-08-23, 71
2019-08-24, 63
2019-08-25, 66
2019-08-26, 64
2019-08-27, 76
2019-08-28, 59
2019-08-29, 57
2019-08-30, 56
2019-08-31, 59
2019-09-01, 64
2019-09-02, 71
2019-09-03, 77
2019-09-04, 70
2019-09-05, 68
2019-09-06, 82
2019-09-07, 85
2019-09-08, 85
2019-09-09, 94
2019-09-10, 115
2019-09-11, 129
2019-09-12, 100
2019-09-13, 115
2019-09-14, 133
2019-09-15, 110
2019-09-16, 132
2019-09-17, 169
2019-09-18, 172
2019-09-19, 134
2019-09-20, 111
2019-09-21, 120
2019-09-22, 130
2019-09-23, 149
2019-09-24, 106
2019-09-25, 66
2019-09-26, 55
2019-09-27, 62
2019-09-28, 60
2019-09-29, 55
2019-09-30, 54
2019-10-01, 56
2019-10-02, 62
2019-10-03, 68
2019-10-04, 68
2019-10-05, 58
2019-10-06, 58
2019-10-07, 59
2019-10-08, 55
2019-10-09, 52
2019-10-10, 55
2019-10-11, 63
2019-10-12, 58
2019-10-13, 61
2019-10-14, 66
2019-10-15, 60
2019-10-16, 58
2019-10-17, 64
2019-10-18, 52
2019-10-19, 52
2019-10-20, 52
2019-10-21, 48
2019-10-22, 42
2019-10-23, 46
2019-10-24, 57
2019-10-25, 58
2019-10-26, 56
2019-10-27, 46
2019-10-28, 30
2019-10-29, 33
2019-10-30, 47
2019-10-31, 56
2019-11-01, 48
2019-11-02, 57
2019-11-03, 56
2019-11-04, 56
2019-11-05, 54
2019-11-06, 55
2019-11-07, 59
2019-11-08, 57
2019-11-09, 46
2019-11-10, 54
2019-11-11, 59
2019-11-12, 59
2019-11-13, 66
2019-11-14, 66
2019-11-15, 57
2019-11-16, 51
2019-11-17, 42
2019-11-18, 54
2019-11-19, 55
2019-11-20, 47
2019-11-21, 40
2019-11-22, 37
2019-11-23, 30
2019-11-24, 35
2019-11-25, 50
2019-11-26, 39
2019-11-27, 24
2019-11-28, 32
2019-11-29, 34
2019-11-30, 35
2019-12-01, 34
2019-12-02, 27
2019-12-03, 39
2019-12-04, 43
2019-12-05, 47
2019-12-06, 51
2019-12-07, 48
2019-12-08, 40
2019-12-09, 30
2019-12-10, 45
2019-12-11, 36
2019-12-12, 44
2019-12-13, 48
2019-12-14, 40
2019-12-15, 35
2019-12-16, 32
2019-12-17, 35
2019-12-18, 37
2019-12-19, 37
2019-12-20, 37
2019-12-21, 37
2019-12-22, 37
2019-12-23, 37
2019-12-24, 37
2019-12-25, 37
2019-12-26, 37
2019-12-27, 37
2019-12-28, 37
2019-12-29, 37
2020-01-01, 37
2020-01-02, 37
2020-01-03, 37
2020-01-04, 37
2020-01-05, 37
2020-01-06, 37
2020-01-07, 37
2020-01-08, 37
2020-01-09, 37
2020-01-10, 37
2020-01-11, 37
2020-01-12, 37
2020-01-13, 37
2020-01-14, 37
2020-01-15, 37
2020-01-16, 37
2020-01-17, 37
2020-01-18, 49
2020-01-26, 67
2020-01-27, 55
2020-01-28, 57
2020-01-29, 44
2020-01-30, 24
2020-01-31, 35
2020-02-01, 33
2020-02-02, 31
2020-02-03, 45
2020-02-04, 53
2020-02-05, 53
2020-02-06, 45
2020-02-07, 47
2020-02-08, 55
2020-02-09, 58
2020-02-10, 51
2020-02-11, 35
2020-02-12, 27
2020-02-13, 37
2020-02-14, 42
2020-02-15, 48
2020-02-16, 52
2020-02-17, 50
2020-02-18, 27
2020-02-19, 34
2020-02-20, 42
2020-02-21, 40
2020-02-22, 31
2020-02-23, 35
2020-02-24, 34
2020-02-25, 35
2020-02-26, 41
2020-02-27, 33
2020-02-28, 30
2020-02-29, 33
2020-03-01, 50
2020-03-02, 54
2020-03-03, 49
2020-03-04, 45
2020-03-05, 52
2020-03-06, 50
2020-03-07, 53
2020-03-08, 52
2020-03-09, 53
2020-03-10, 55
2020-03-11, 56
2020-03-12, 55
2020-03-13, 57
2020-03-14, 48
2020-03-15, 35
2020-03-16, 41
2020-03-17, 36
2020-03-18, 49
2020-03-19, 45
2020-03-20, 54
2020-03-21, 53
2020-03-22, 46
2020-03-23, 37
2020-03-24, 37
2020-03-25, 34
2020-03-26, 41
2020-03-27, 45
2020-03-28, 53
2020-03-29, 56
2020-04-01, 54
2020-04-02, 51
2020-04-03, 35
2020-04-04, 40
2020-04-05, 36
2020-04-06, 28
2020-04-07, 30
2020-04-08, 41
2020-04-09, 51
2020-04-10, 50
2020-04-11, 50
2020-04-12, 52
2020-04-13, 46
2020-04-14, 45
2020-04-15, 49
2020-04-16, 48
2020-04-17, 52
2020-04-18, 57
2020-04-19, 58
2020-04-20, 55
2020-04-21, 57
2020-04-22, 51
2020-04-23, 29
2020-04-24, 27
2020-04-25, 23
2020-04-26, 24
2020-04-27, 28
2020-04-28, 27
2020-04-29, 27
2020-04-30, 22
2020-05-01, 27
2020-05-02, 38
2020-05-03, 32
2020-05-04, 38
2020-05-05, 52
2020-05-06, 47
2020-05-07, 52
2020-05-08, 49
2020-05-09, 48
2020-05-10, 52
2020-05-11, 38
2020-05-12, 37
2020-05-13, 31
2020-05-14, 34
2020-05-15, 51
2020-05-16, 53
2020-05-17, 40
2020-05-18, 45
2020-05-19, 52
2020-05-20, 53
2020-05-21, 54
2020-05-22, 52
2020-05-23, 55
2020-05-24, 58
2020-05-25, 57
2020-05-26, 56
2020-05-27, 51
2020-05-28, 55
2020-05-29, 53
2020-05-30, 55
2020-05-31, 51
2020-06-01, 49
2020-06-02, 47
2020-06-03, 52
2020-06-04, 53
2020-06-05, 48
2020-06-06, 48
2020-06-07, 52
2020-06-08, 50
2020-06-09, 57
2020-06-10, 57
2020-06-11, 55
2020-06-12, 53
2020-06-13, 38
2020-06-14, 43
2020-06-15, 48
2020-06-16, 56
2020-06-17, 52
2020-06-18, 54
2020-06-19, 46
2020-06-20, 53
2020-06-21, 47
2020-06-22, 33
2020-06-23, 36
2020-06-24, 35
2020-06-25, 39
2020-06-26, 45
2020-06-27, 55
2020-06-28, 59
2020-06-29, 54
2020-06-30, 60
2020-07-01, 57
2020-07-02, 53
2020-07-03, 53
2020-07-04, 54
2020-07-05, 54
2020-07-06, 52
2020-07-07, 47
2020-07-08, 49
2020-07-09, 45
2020-07-10, 46
2020-07-11, 45
2020-07-12, 55
2020-07-13, 40
2020-07-14, 36
2020-07-15, 37
2020-07-16, 42
2020-07-17, 41
2020-07-18, 57
2020-07-19, 45
2020-07-20, 43
2020-07-21, 48
2020-07-22, 46
2020-07-23, 37
2020-07-24, 43
2020-07-25, 47
2020-07-26, 43
2020-07-27, 49
2020-07-28, 52
2020-07-29, 54
2020-07-30, 67
2020-07-31, 62
2020-08-01, 50
2020-08-02, 52
2020-08-03, 56
2020-08-04, 54
2020-08-05, 39
2020-08-06, 52
2020-08-07, 59
2020-08-08, 57
2020-08-09, 57
2020-08-10, 53
2020-08-11, 58
2020-08-12, 59
2020-08-13, 48
2020-08-14, 51
2020-08-15, 61
2020-08-16, 59
2020-08-17, 48
2020-08-18, 54
2020-08-19, 54
2020-08-20, 55
2020-08-21, 55
2020-08-22, 57
2020-08-23, 68
2020-08-24, 49
2020-08-25, 53
2020-08-26, 51
2020-08-27, 45
2020-08-28, 55
2020-08-29, 59
2020-08-30, 58
2020-08-31, 54
2020-09-01, 53
2020-09-02, 50
2020-09-03, 50
2020-09-04, 49
2020-09-05, 35
2020-09-06, 45
2020-09-07, 55
2020-09-08, 57
2020-09-09, 52
2020-09-10, 51
2020-09-11, 48
2020-09-12, 57
2020-09-14, 41
2020-09-15, 48
2020-09-16, 52
2020-09-17, 55
2020-09-18, 60
2020-09-19, 49
2020-09-20, 42
2020-09-21, 41
2020-09-22, 40
2020-09-23, 51
2020-09-24, 47
2020-09-25, 48
2020-09-26, 48
2020-09-27, 48
2020-09-28, 49
2020-09-29, 52
2020-09-30, 45
2020-10-01, 44
2020-10-02, 32
2020-10-03, 34
2020-10-04, 45
2020-10-05, 57
2020-10-06, 56
2020-10-07, 55
2020-10-08, 50
2020-10-09, 45
2020-10-10, 46
2020-10-11, 42
2020-10-12, 55
2020-10-13, 36
2020-10-14, 56
2020-10-15, 54
2020-10-16, 52
2020-10-17, 55
2020-10-18, 53
2020-10-19, 53
2020-10-20, 51
2020-10-21, 43
2020-10-22, 42
2020-10-23, 48
2020-10-24, 55
2020-10-25, 52
2020-10-26, 49
2020-10-27, 55
2020-10-28, 57
2020-10-29, 58
2020-10-30, 55
2020-10-31, 54
2020-11-01, 50
2020-11-02, 46
2020-11-03, 46
2020-11-04, 38
2020-11-05, 37
2020-11-06, 58
2020-11-07, 51
2020-11-08, 53
2020-11-09, 40
2020-11-10, 54
2020-11-11, 46
2020-11-12, 52
2020-11-13, 50
2020-11-14, 38
2020-11-15, 40
2020-11-16, 31
2020-11-17, 40
2020-11-18, 33
2020-11-19, 38
2020-11-20, 34
2020-11-21, 38
2020-11-22, 31
2020-11-23, 33
2020-11-24, 23
2020-11-25, 30
2020-11-26, 40
2020-11-27, 44
2020-11-28, 31
2020-11-29, 29
2020-11-30, 41
2020-12-01, 46
2020-12-02, 53
2020-12-03, 51
2020-12-04, 39
2020-12-05, 47
2020-12-06, 37
2020-12-07, 45
2020-12-08, 53
2020-12-09, 50
2020-12-10, 49
2020-12-11, 48
2020-12-12, 54
2020-12-13, 42
2020-12-14, 46
2020-12-15, 36
2020-12-16, 47
2020-12-17, 39
2020-12-18, 48
2020-12-19, 38
2020-12-20, 38
2020-12-21, 50
2020-12-22, 59
2020-12-23, 54
2020-12-24, 60
2020-12-25, 52
2020-12-26, 35
2020-12-27, 26
2020-12-28, 36
2020-12-29, 44
2020-12-30, 50
2020-12-31, 53
2021-01-01, 37
2021-01-02, 27
2021-01-03, 34
2021-01-04, 35
2021-01-05, 49
2021-01-06, 37
2021-01-07, 32
2021-01-08, 26
2021-01-09, 25
2021-01-10, 28
2021-01-11, 33
2021-01-12, 35
2021-01-13, 38
2021-01-14, 53
2021-01-15, 44
2021-01-16, 47
2021-01-17, 48
2021-01-18, 50
2021-01-19, 48
2021-01-20, 45
2021-01-21, 56
2021-01-22, 60
2021-01-23, 51
2021-01-24, 34
2021-01-25, 44
2021-01-26, 52
2021-01-27, 55
2021-01-28, 47
2021-01-29, 37
2021-01-30, 41
2021-01-31, 53
2021-02-01, 61
2021-02-02, 47
2021-02-03, 46
2021-02-04, 54
2021-02-05, 48
2021-02-06, 56
2021-02-07, 40
2021-02-08, 52
2021-02-09, 50
2021-02-10, 56
2021-02-11, 47
2021-02-12, 37
2021-02-13, 32
2021-02-14, 43
2021-02-15, 58
2021-02-16, 65
2021-02-17, 64
2021-02-18, 62
2021-02-19, 53
2021-02-20, 40
2021-02-21, 46
2021-02-22, 51
2021-02-23, 57
2021-02-24, 68
2021-02-25, 73
2021-02-26, 74
2021-02-27, 63
2021-02-28, 62
2021-03-01, 72
2021-03-02, 89
2021-03-03, 70
2021-03-04, 58
2021-03-05, 46
2021-03-06, 52
2021-03-07, 42
2021-03-08, 38
2021-03-09, 57
2021-03-10, 68
2021-03-11, 64
2021-03-12, 54
2021-03-13, 58
2021-03-14, 55
2021-03-15, 52
2021-03-16, 57
2021-03-17, 56
2021-03-18, 52
2021-03-19, 59
2021-03-20, 63
2021-03-21, 66
2021-03-22, 62
2021-03-23, 52
2021-03-24, 36
2021-03-25, 34
2021-03-26, 33
2021-03-29, 44
2021-03-30, 40
2021-03-31, 38
2021-04-01, 52
2021-04-02, 54
2021-04-03, 54
2021-04-04, 51
2021-04-05, 55
2021-04-06, 44
2021-04-07, 44
2021-04-08, 45
2021-04-09, 49
2021-04-10, 52
2021-04-11, 60
2021-04-12, 61
2021-04-13, 54
2021-04-14, 49
2021-04-15, 57
2021-04-16, 57
2021-04-17, 55
2021-04-18, 39
2021-04-19, 44
2021-04-20, 52
2021-04-21, 54
2021-04-22, 48
2021-04-23, 29
2021-04-24, 45
2021-04-25, 48
2021-04-26, 48
2021-04-27, 58
2021-04-28, 58
2021-04-29, 54
2021-04-30, 56
2021-05-01, 38
2021-05-02, 24
2021-05-03, 33
2021-05-04, 37
2021-05-05, 37
2021-05-06, 32
2021-05-07, 52
2021-05-19, 40
2021-05-20, 50
2021-05-21, 57
2021-05-22, 47
2021-05-23, 58
2021-05-24, 65
2021-05-25, 61
2021-05-26, 59
2021-05-27, 56
2021-05-28, 47
2021-05-29, 52
2021-05-30, 50
2021-05-31, 49
2021-06-01, 43
2021-06-02, 53
2021-06-03, 53
2021-06-04, 49
2021-06-05, 52
2021-06-06, 58
2021-06-07, 53
2021-06-08, 56
2021-06-09, 59
2021-06-10, 53
2021-06-11, 54
2021-06-12, 59
2021-06-13, 56
2021-06-14, 56
2021-06-15, 39
2021-06-16, 38
2021-06-17, 36
2021-06-18, 47
2021-06-19, 58
2021-06-20, 54
2021-06-21, 53
2021-06-22, 52
2021-06-23, 45
2021-06-24, 57
2021-06-25, 53
2021-06-26, 39
2021-06-27, 46
2021-06-28, 55
2021-06-29, 53
2021-06-30, 41
2021-07-01, 53
2021-07-02, 54
2021-07-03, 53
2021-07-04, 54
2021-07-05, 46
2021-07-06, 49
2021-07-07, 43
2021-07-08, 58
2021-07-09, 62
2021-07-10, 56
2021-07-11, 44
2021-07-12, 24
2021-07-13, 28
2021-07-14, 37
2021-07-15, 47
2021-07-16, 58
2021-07-17, 62
2021-07-18, 57
2021-07-19, 60
2021-07-20, 55
2021-07-21, 55
2021-07-22, 55
2021-07-23, 51
2021-07-24, 39
2021-07-25, 57
2021-07-26, 59
2021-07-27, 54
2021-07-28, 55
2021-07-29, 55
2021-07-30, 60
2021-07-31, 64
2021-08-01, 50
2021-08-02, 43
2021-08-03, 44
2021-08-04, 43
2021-08-05, 43
2021-08-06, 45
2021-08-07, 54
2021-08-08, 55
2021-08-09, 51
2021-08-10, 40
2021-08-11, 46
2021-08-12, 52
2021-08-13, 48
2021-08-14, 45
2021-08-15, 46
2021-08-16, 26
2021-08-17, 25
2021-08-18, 29
2021-08-19, 24
2021-08-20, 38
2021-08-21, 41
2021-08-22, 53
2021-09-09, 53
2021-09-10, 41
2021-09-11, 48
2021-09-12, 59
2021-09-13, 45
2021-09-14, 39
2021-09-15, 54
2021-09-16, 50
2021-09-17, 37
2021-09-18, 34
2021-09-19, 33
2021-09-20, 24
2021-09-21, 33
2021-09-22, 37
2021-09-23, 40
2021-09-24, 50
2021-09-25, 49
2021-09-26, 54
2021-09-27, 34
2021-09-28, 28
2021-09-29, 29
2021-09-30, 28
2021-10-01, 32
2021-10-02, 38
2021-10-03, 45
2021-10-04, 62
2021-10-05, 63
2021-10-06, 56
2021-10-07, 51
2021-10-08, 55
2021-10-09, 55
2021-10-10, 59
2021-10-11, 55
2021-10-12, 43
2021-10-13, 47
2021-10-14, 57
2021-10-15, 53
2021-10-16, 54
2021-10-17, 54
2021-10-18, 54
2021-10-19, 48
2021-10-20, 45
2021-10-21, 31
2021-10-22, 49
2021-10-23, 51
2021-10-24, 43
2021-10-25, 44
2021-10-26, 47
2021-10-27, 49
2021-10-28, 43
2021-10-29, 54
2021-10-30, 57
2021-10-31, 47
2021-11-01, 42
2021-11-02, 32
2021-11-03, 37
2021-11-04, 48
2021-11-05, 38
2021-11-06, 42
2021-11-07, 43
2021-11-08, 30
2021-11-09, 32
2021-11-10, 28
2021-11-11, 31
2021-11-12, 38
2021-11-13, 51
2021-11-14, 43
2021-11-15, 55
2021-11-16, 57
2021-11-17, 51
2021-11-18, 44
2021-11-19, 48
2021-11-20, 35
2021-11-21, 37
2021-11-22, 39
2021-11-23, 35
2021-11-24, 46
2021-11-25, 40
2021-11-26, 51
2021-11-27, 51
2021-11-28, 42
2021-11-29, 36
2021-11-30, 38
2021-12-01, 45
2021-12-02, 59
2021-12-03, 41
2021-12-04, 39
2021-12-05, 50
2021-12-06, 47
2021-12-07, 45
2021-12-08, 44
2021-12-09, 48
2021-12-10, 55
2021-12-11, 44
2021-12-12, 38
2021-12-13, 47
2021-12-14, 46
2021-12-15, 49
2021-12-16, 42
2021-12-27, 50
2021-12-28, 53
2021-12-29, 56
2021-12-30, 40
2021-12-31, 19
2022-01-01, 18
2022-01-02, 19
2022-01-03, 27
2022-01-04, 32
2022-01-05, 30
2022-01-06, 26
2022-01-07, 41
2022-01-08, 36
2022-01-09, 26
2022-01-10, 39
2022-01-11, 52
2022-01-12, 48
2022-01-13, 48
2022-01-14, 57
2022-01-15, 46
2022-01-16, 44
2022-01-17, 45
2022-01-18, 44
2022-01-19, 51
2022-01-20, 53
2022-01-21, 46
2022-01-22, 37
2022-01-27, 55
2022-01-28, 56
2022-01-29, 59
2022-01-30, 60
2022-01-31, 64
2022-02-01, 65
2022-02-02, 63
2022-02-03, 61
2022-02-04, 54
2022-02-05, 58
2022-02-06, 66
2022-02-07, 68
2022-02-08, 40
2022-02-09, 40
2022-02-10, 50
2022-02-11, 60
2022-02-12, 56
2022-02-13, 67
2022-02-14, 49
2022-02-15, 37
2022-02-16, 51
2022-02-17, 47
2022-02-18, 38
2022-02-19, 57
2022-02-20, 66
2022-02-21, 61
2022-02-22, 54
2022-02-23, 55
2022-02-24, 49
2022-02-25, 39
2022-02-26, 45
2022-02-27, 47
2022-02-28, 49
2022-03-01, 54
2022-03-02, 53
2022-03-03, 52
2022-03-04, 51
2022-03-05, 49
2022-03-06, 53
2022-03-07, 57
2022-03-08, 53
2022-03-09, 54
2022-03-10, 55
2022-03-11, 55
2022-03-12, 62
2022-03-13, 76
2022-03-14, 84
2022-03-15, 72
2022-03-16, 60
2022-03-17, 61
2022-03-18, 57
2022-03-19, 58
2022-03-20, 65
2022-03-21, 71
2022-03-22, 77
2022-03-23, 76
2022-03-24, 71
2022-03-25, 76
2022-03-26, 80
2022-03-27, 97
2022-03-28, 81
2022-03-29, 75
2022-03-30, 67
2022-03-31, 65
2022-04-01, 70
2022-04-02, 77
2022-04-03, 73
2022-04-04, 73
2022-04-05, 74
2022-04-06, 74
2022-04-07, 70
2022-04-08, 64
2022-04-09, 68
2022-04-10, 71
2022-04-11, 81
2022-04-12, 77
2022-04-13, 82
2022-04-14, 85
2022-04-15, 84
2022-04-16, 89
2022-04-17, 89
2022-04-18, 94
2022-04-19, 92
2022-04-20, 82
2022-04-21, 60
2022-04-22, 56
2022-04-23, 57
2022-04-24, 58
2022-04-25, 47
2022-04-26, 60
2022-04-27, 70
2022-04-28, 60
2022-04-29, 64
2022-04-30, 67
2022-05-01, 75
2022-05-02, 68
2022-05-03, 59
2022-05-04, 56
2022-05-05, 58
2022-05-06, 58
2022-05-07, 60
2022-05-08, 62
2022-05-09, 58
2022-05-10, 60
2022-05-11, 61
2022-05-12, 65
2022-05-13, 65
2022-05-14, 68
2022-05-15, 72
2022-05-16, 68
2022-05-17, 51
2022-05-18, 64
2022-05-19, 71
2022-05-20, 73
2022-05-21, 71
2022-05-22, 69
2022-05-23, 66
2022-05-24, 66
2022-05-25, 62
2022-05-26, 57
2022-05-27, 73
2022-05-28, 68
2022-05-29, 70
2022-05-30, 73
2022-05-31, 72
2022-06-01, 72
2022-06-02, 73
2022-06-03, 70
2022-06-04, 63
2022-06-05, 61
2022-06-06, 63
2022-06-07, 70
2022-06-08, 83
2022-06-09, 67
2022-06-10, 63
2022-06-11, 71
2022-06-12, 63
2022-06-13, 66
2022-06-14, 61
2022-06-15, 66
2022-06-16, 65
2022-06-17, 75
2022-06-18, 65
2022-06-19, 60
2022-06-20, 63
2022-06-21, 54
2022-06-22, 56
2022-06-23, 55
2022-06-24, 51
2022-06-25, 54
2022-06-26, 55
2022-06-27, 56
2022-06-28, 60
2022-06-29, 58
2022-06-30, 56
2022-07-01, 56
2022-07-02, 61
2022-07-03, 78
2022-07-04, 80
2022-07-05, 74
2022-07-06, 72
2022-07-07, 61
2022-07-08, 71
2022-07-09, 71
2022-07-10, 69
2022-07-11, 72
2022-07-12, 64
2022-07-13, 65
2022-07-14, 79
2022-07-15, 77
2022-07-16, 67
2022-07-17, 63
2022-07-18, 70
2022-07-19, 71
2022-07-20, 65
2022-07-21, 64
2022-07-22, 66
2022-07-23, 59
2022-07-24, 59
2022-07-25, 55
2022-07-26, 56
2022-07-27, 58
2022-07-28, 61
2022-07-29, 61
2022-07-30, 56
2022-07-31, 62
2022-08-01, 64
2022-08-02, 59
2022-08-03, 42
2022-08-04, 45
2022-08-05, 45
2022-08-06, 57
2022-08-07, 61
2022-08-08, 62
2022-08-09, 66
2022-08-10, 71
2022-08-11, 74
2022-08-12, 73
2022-08-13, 65
2022-08-14, 66
2022-08-15, 62
2022-08-16, 66
2022-08-17, 66
2022-08-18, 64
2022-08-19, 58
2022-08-20, 58
2022-08-21, 52
2022-08-22, 53
2022-08-23, 51
2022-08-24, 52
2022-08-25, 59
2022-08-26, 48
2022-08-27, 51
2022-08-28, 53
2022-08-29, 49
2022-08-30, 46
2022-08-31, 54
2022-09-01, 59
2022-09-02, 58
2022-09-03, 54
2022-09-04, 56
2022-09-05, 58
2022-09-06, 63
2022-09-07, 61
2022-09-08, 60
2022-09-09, 61
2022-09-10, 60
2022-09-11, 63
2022-09-12, 62
2022-09-13, 64
2022-09-14, 55
2022-09-15, 62
2022-09-16, 70
2022-09-17, 68
2022-09-18, 63
2022-09-19, 52
2022-09-20, 54
2022-09-21, 56
2022-09-22, 54
2022-09-23, 54
2022-09-24, 57
2022-09-25, 52
2022-09-26, 51
2022-09-27, 59
2022-09-28, 55
2022-09-29, 58
2022-09-30, 58
2022-10-01, 61
2022-10-02, 53
2022-10-03, 57
2022-10-04, 52
2022-10-05, 49
2022-10-06, 52
2022-10-07, 53
2022-10-08, 48
2022-10-09, 55
2022-10-10, 55
2022-10-11, 63
2022-10-12, 67
2022-10-13, 60
2022-10-14, 59
2022-10-15, 60
2022-10-16, 54
2022-10-17, 60
2022-10-18, 66
2022-10-19, 71
2022-10-20, 70
2022-10-21, 69
2022-10-22, 60
2022-10-23, 58
2022-10-24, 57
2022-10-25, 55
2022-10-26, 59
2022-10-27, 57
2022-10-28, 58
2022-10-29, 61
2022-10-30, 61
2022-10-31, 56
2022-11-01, 62
2022-11-02, 62
2022-11-03, 62
2022-11-04, 66
2022-11-05, 63
2022-11-06, 64
2022-11-07, 62
2022-11-08, 60
2022-11-09, 56
2022-11-10, 61
2022-11-11, 63
2022-11-12, 63
2022-11-13, 65
2022-11-14, 62
2022-11-15, 59
2022-11-16, 67
2022-11-17, 62
2022-11-18, 61
2022-11-19, 67
2022-11-20, 57
2022-11-21, 65
2023-02-10, 54
2023-02-11, 54
2023-02-12, 52
2023-02-13, 52
2023-02-14, 54
2023-02-15, 43
2023-02-16, 44
2023-02-17, 51
2023-02-18, 49
2023-02-19, 50
2023-02-20, 45
2023-02-21, 46
2023-02-22, 52
2023-02-23, 55
2023-02-24, 58
2023-02-25, 60
2023-02-26, 57
2023-02-27, 54
2023-02-28, 53
2023-03-01, 52
2023-03-02, 48
2023-03-03, 56
2023-03-04, 55
2023-03-05, 56
2023-03-06, 57
2023-03-07, 64
2023-03-08, 61
2023-03-09, 56
2023-03-10, 54
2023-03-11, 55
2023-03-12, 57
2023-03-13, 61
2023-03-14, 61
2023-03-15, 59
2023-03-16, 60
2023-03-17, 58
2023-03-18, 59
2023-03-19, 59
2023-03-20, 64
2023-03-21, 61
2023-03-22, 70
2023-03-23, 68
2023-03-24, 63
2023-03-25, 59
2023-03-26, 49
2023-03-27, 57
2023-03-28, 56
2023-03-29, 58
2023-03-30, 62
2023-03-31, 66
2023-04-01, 70
2023-04-02, 71
2023-04-03, 71
2023-04-04, 63
2023-04-05, 68
2023-04-06, 72
2023-04-07, 70
2023-04-08, 64
2023-04-09, 62
2023-04-10, 72
2023-04-11, 85
2023-04-12, 112
2023-04-13, 91
2023-04-14, 83
2023-04-15, 87
2023-04-16, 89
2023-04-17, 83
2023-04-18, 86
2023-04-19, 92
2023-04-20, 130
2023-04-21, 109
2023-04-22, 81
2023-04-23, 93
2023-04-24, 76
2023-04-25, 71
2023-04-26, 67
2023-04-27, 67
2023-04-28, 65
2023-04-29, 67
2023-04-30, 71
2023-05-01, 71
2023-05-02, 67
2023-05-03, 69
2023-05-04, 66
2023-05-05, 77
2023-05-06, 76
2023-05-07, 66
2023-05-08, 64
2023-05-09, 64
2023-05-10, 69
2023-05-11, 78
2023-05-12, 83
2023-05-13, 62
2023-05-14, 60
2023-05-15, 59
2023-05-16, 58
2023-05-17, 58
2023-05-18, 65
2023-05-19, 59
2023-05-20, 50
2023-05-21, 49
2023-05-22, 52
2023-05-23, 61
2023-05-24, 58
2023-05-25, 60
2023-05-26, 60
2023-05-27, 61
2023-05-28, 68
2023-05-29, 56
2023-05-30, 60
2023-05-31, 64
2023-06-01, 53
2023-06-02, 56
2023-06-03, 58
2023-06-04, 62
2023-06-05, 54
2023-06-06, 52
2023-06-07, 56
2023-06-08, 61
2023-06-09, 61
2023-06-10, 57
2023-06-11, 54
2023-06-12, 49
2023-06-13, 47
2023-06-14, 57
2023-06-15, 54
2023-06-16, 59
2023-06-17, 61
2023-06-18, 61
2023-06-19, 60
2023-06-20, 67
2023-06-21, 70
2023-06-22, 66
2023-06-23, 59
2023-06-24, 70
2023-06-25, 62
2023-06-26, 58
2023-06-27, 53
2023-06-28, 57
2023-06-29, 56
2023-06-30, 50
2023-07-01, 35
2023-07-02, 40
2023-07-03, 54
2023-07-04, 59
2023-07-05, 51
2023-07-06, 52
2023-07-07, 56
2023-07-08, 60
2023-07-09, 62
2023-07-10, 54
2023-07-11, 43
2023-07-12, 46
2023-07-13, 54
2023-07-14, 53
2023-07-15, 50
2023-07-16, 65
2023-07-17, 62
2023-07-18, 56
2023-07-19, 55
2023-07-20, 53
2023-07-21, 57
2023-07-22, 55
2023-07-23, 62
2023-07-24, 61
2023-07-25, 60
2023-07-26, 63
2023-07-27, 63
2023-07-28, 66
2023-07-29, 68
2023-07-30, 73
2023-07-31, 63
2023-08-01, 60
2023-08-02, 57
2023-08-03, 51
2023-08-04, 52
2023-08-05, 54
2023-08-06, 60
2023-08-07, 64
2023-08-08, 67
2023-08-09, 59
2023-08-10, 54
2023-08-11, 57
2023-08-12, 58
2023-08-13, 58
2023-08-14, 59
2023-08-15, 38
2023-08-16, 54
2023-08-17, 56
2023-08-18, 55
2023-08-19, 64
2023-08-20, 49
2023-08-21, 49
2023-08-22, 58
2023-08-23, 66
2023-08-24, 66
2023-08-25, 66
2023-08-26, 59
2023-08-27, 62
2023-08-28, 63
2023-08-29, 53
2023-08-30, 54
2023-08-31, 59
2023-09-01, 65
2023-09-02, 81
2023-09-03, 84
2023-09-04, 84
2023-09-05, 81
2023-09-06, 65
2023-09-07, 55
2023-09-08, 68
2023-09-09, 66
2023-09-10, 52
2023-09-11, 58
2023-09-12, 74
2023-09-13, 74
2023-09-14, 64
2023-09-15, 70
2023-09-16, 74
2023-09-17, 76
2023-09-18, 74
2023-09-19, 62
2023-09-20, 55
2023-09-21, 62
2023-09-22, 58
2023-09-23, 59
2023-09-24, 66
2023-09-25, 61
2023-09-26, 63
2023-09-27, 80
2023-09-28, 78
2023-09-29, 87
2023-09-30, 89
2023-10-01, 101
2023-10-02, 156
2023-10-03, 132
2023-10-04, 75
2023-10-05, 90
2023-10-06, 91
2023-10-07, 91
2023-10-08, 130
2023-10-09, 87
2023-10-10, 81
2023-10-11, 66
2023-10-12, 69
2023-10-13, 77
2023-10-14, 83
2023-10-15, 75
2023-10-16, 68
2023-10-17, 83
2023-10-18, 88
2023-10-19, 79
2023-10-20, 60
2023-10-21, 52
2023-10-22, 44
2023-10-23, 43
2023-10-24, 50
2023-10-25, 47
2023-10-26, 52
2023-10-27, 58
2023-10-28, 70
2023-10-29, 59
2023-10-30, 58
2023-10-31, 65
2023-11-01, 68
2023-11-02, 48
2023-11-03, 60
2023-11-04, 63
2023-11-05, 62
2023-11-06, 56
2023-11-07, 42
2023-11-08, 43
2023-11-09, 52
2023-11-10, 51
2023-11-11, 50
2023-11-12, 38
2023-11-13, 41
2023-11-14, 44
2023-11-15, 41
2023-11-16, 38
2023-11-17, 54
2023-11-18, 41
2023-11-19, 36
2023-11-20, 33
2023-11-21, 41
2023-11-22, 37
2023-11-23, 37
2023-11-24, 31
2023-11-25, 44
2023-11-26, 45
2023-11-27, 43
2023-11-28, 27
2023-11-29, 22
2023-11-30, 33
2023-12-01, 43
2023-12-02, 32
2023-12-03, 55
2023-12-04, 46
2023-12-05, 43
2023-12-06, 49
2023-12-07, 38
2023-12-08, 38
2023-12-09, 47
2023-12-10, 51
2023-12-11, 56
2023-12-12, 45
2023-12-13, 50
2023-12-14, 44
2023-12-15, 35
2023-12-16, 36
2023-12-17, 35
2023-12-18, 34
2023-12-19, 37
2023-12-20, 43
2023-12-21, 44
2023-12-22, 51
2023-12-23, 49
2023-12-24, 31
2023-12-25, 22
2023-12-26, 25
2023-12-27, 35
2023-12-28, 34
2023-12-29, 30
2023-12-30, 29
2023-12-31, 47
2024-01-01, 52
2024-01-02, 52
2024-01-03, 42
2024-01-04, 46
2024-01-05, 36
2024-01-06, 36
2024-01-07, 41
2024-01-08, 35
2024-01-09, 53
2024-01-10, 50
2024-01-11, 53
2024-01-12, 50
2024-01-13, 53
2024-01-14, 73
2024-01-15, 57
2024-01-16, 28
2024-01-17, 29
2024-01-18, 37
2024-01-19, 33
2024-01-20, 51
2024-01-21, 59
2024-01-22, 59
2024-01-23, 54
2024-01-24, 32
2024-01-25, 23
2024-01-26, 24
2024-01-27, 30
2024-01-28, 37
2024-01-29, 45
2024-01-30, 48
2024-01-31, 52
2024-02-01, 55
2024-02-02, 57
2024-02-03, 55
2024-02-04, 56
2024-02-05, 61
2024-02-06, 57
2024-02-07, 55
2024-02-08, 52
2024-02-09, 52
2024-02-10, 58
2024-02-11, 56
2024-02-12, 54
2024-02-13, 51
2024-02-14, 45
2024-02-15, 41
2024-02-16, 55
2024-02-17, 53
2024-02-18, 49
2024-02-19, 52
2024-02-20, 56
2024-02-21, 54
2024-02-22, 55
2024-02-23, 57
2024-02-24, 52
2024-02-25, 49
2024-02-26, 53
2024-02-27, 52
2024-02-28, 50
2024-02-29, 52
2024-03-01, 55
2024-03-02, 46
2024-03-03, 49
2024-03-04, 48
2024-03-05, 57
2024-03-06, 56
2024-03-07, 59
2024-03-08, 55
2024-03-09, 52
2024-03-10, 58
2024-03-11, 62
2024-03-12, 65
2024-03-13, 67
2024-03-14, 64
2024-03-15, 65
2024-03-16, 60
2024-03-17, 61
2024-03-18, 60
2024-03-19, 58
2024-03-20, 55
2024-03-21, 60
2024-03-22, 57
2024-03-23, 61
2024-03-24, 70
2024-03-25, 73
2024-03-26, 66
2024-03-27, 57
2024-03-28, 60
2024-03-29, 62
2024-03-30, 67
2024-03-31, 60
2024-04-01, 58
2024-04-02, 63
2024-04-03, 61
2024-04-04, 57
2024-04-05, 57
2024-04-06, 76
2024-04-07, 87
2024-04-08, 89
2024-04-09, 78
2024-04-10, 69
2024-04-11, 53
2024-04-12, 55
2024-04-13, 55
2024-04-14, 58
2024-04-15, 45
2024-04-16, 32
2024-04-17, 29
2024-04-18, 47
2024-04-19, 61
2024-04-20, 59
2024-04-21, 57
2024-04-22, 57
2024-04-23, 62
2024-04-24, 63
2024-04-25, 55
2024-04-26, 53
2024-04-27, 57
2024-04-28, 55
2024-04-29, 52
2024-04-30, 60
2024-05-01, 59
2024-05-02, 53
2024-05-03, 48
2024-05-04, 39
2024-05-05, 40
2024-05-06, 54
2024-05-07, 42
2024-05-08, 47
2024-05-09, 56
2024-05-10, 53
2024-05-11, 54
2024-05-12, 44
2024-05-13, 44
2024-05-14, 53
2024-05-15, 45
2024-05-16, 31
2024-05-17, 33
2024-05-18, 52
2024-05-19, 57
2024-05-20, 53
2024-05-21, 39
2024-05-22, 36
2024-05-23, 38
2024-05-24, 46
2024-05-25, 49
2024-05-26, 46
2024-05-27, 35
2024-05-28, 50
2024-05-29, 43
2024-05-30, 53
2024-05-31, 52
2024-06-01, 51
2024-06-02, 51
2024-06-03, 52
2024-06-04, 43
2024-06-05, 52
2024-06-06, 55
2024-06-07, 62
2024-06-08, 65
2024-06-09, 52
2024-06-10, 55
2024-06-11, 61
2024-06-12, 56
2024-06-13, 60
2024-06-14, 62
2024-06-15, 57
2024-06-16, 58
2024-06-17, 48
2024-06-18, 28
2024-06-19, 47
2024-06-20, 58
2024-06-21, 60
2024-06-22, 35
2024-06-23, 35
2024-06-24, 58
2024-06-25, 55
2024-06-26, 56
2024-06-27, 33
2024-06-28, 37
2024-06-29, 46
2024-06-30, 43
2024-07-01, 44
2024-07-02, 61
2024-07-03, 60
2024-07-04, 58
2024-07-06, 58
2024-07-07, 54
2024-07-08, 33
2024-07-09, 39
2024-07-10, 45
2024-07-11, 47
2024-07-12, 52
2024-07-13, 58
2024-07-14, 55
2024-07-15, 63
2024-07-16, 64
2024-07-17, 63
2024-07-18, 66
2024-07-19, 62
2024-07-20, 61
2024-07-21, 65
2024-07-22, 65
2024-07-23, 66
2024-07-24, 71
2024-07-25, 67
2024-07-26, 62
2024-07-27, 69
2024-07-28, 69
2024-07-29, 66
2024-07-30, 61
2024-07-31, 59
2024-08-01, 52
2024-08-02, 56
2024-08-03, 50
2024-08-04, 48
2024-08-05, 46
2024-08-06, 53
2024-08-07, 60
2024-08-08, 57
2024-08-09, 56
2024-08-10, 49
2024-08-11, 47
2024-08-12, 46
2024-08-13, 55
2024-08-14, 59
2024-08-15, 57
2024-08-16, 52
2024-08-17, 50
2024-08-18, 54
2024-08-19, 56
2024-08-20, 52
2024-08-21, 41
2024-08-22, 56
2024-08-23, 57
2024-08-24, 41
2024-08-25, 36
2024-08-26, 50
2024-08-27, 41
2024-08-28, 34
2024-08-29, 52
2024-08-30, 64
2024-08-31, 68
2024-09-01, 71
2024-09-02, 72
2024-09-03, 65
2024-09-04, 61
2024-09-05, 62
2024-09-06, 63
2024-09-07, 67
2024-09-08, 59
2024-09-09, 57
2024-09-10, 52
2024-09-11, 39
2024-09-12, 52
2024-09-13, 41
2024-09-14, 49
2024-09-15, 41
2024-09-16, 44
2024-09-17, 37
2024-09-18, 39
2024-09-19, 43
2024-09-20, 41
2024-09-21, 43
2024-09-22, 53
2024-09-23, 54
2024-09-24, 52
2024-09-25, 57
2024-09-26, 52
2024-09-27, 55
2024-09-28, 55
2024-09-29, 53
2024-09-30, 53
2024-10-01, 55
2024-10-02, 47
2024-10-03, 51
2024-10-04, 48
2024-10-05, 40
2024-10-06, 36
2024-10-07, 42
2024-10-08, 53
2024-10-09, 56
2024-10-10, 59
2024-10-11, 52
2024-10-12, 59
2024-10-13, 46
2024-10-14, 44
2024-10-15, 34
2024-10-16, 35
2024-10-17, 55
2024-10-18, 52
2024-10-19, 51
2024-10-20, 50
2024-10-21, 61
2024-10-22, 63
2024-10-23, 59
2024-10-24, 59
2024-10-25, 59
2024-10-26, 45
2024-10-27, 39
2024-10-28, 52
2024-10-29, 47
2024-10-30, 56
2024-10-31, 64
2024-11-01, 58
2024-11-02, 50
2024-11-03, 52
2024-11-04, 51
2024-11-05, 52
2024-11-06, 47
2024-11-07, 54
2024-11-08, 50
2024-11-09, 40
2024-11-10, 36
2024-11-11, 38
2024-11-12, 44
2024-11-13, 53
2024-11-14, 47
2024-11-15, 49
2024-11-16, 43
2024-11-17, 40
2024-11-18, 30
2024-11-19, 28
2024-11-20, 25
2024-11-21, 28
2024-11-22, 29
2024-11-23, 28
2024-11-24, 35
2024-11-25, 27
2024-11-26, 35
2024-11-27, 29
2024-11-28, 19
2024-11-29, 19
2024-11-30, 36
2024-12-01, 48
2024-12-02, 35
2024-12-03, 28
2024-12-04, 35
2024-12-05, 29
2024-12-06, 46
2024-12-07, 56
2024-12-08, 53
2024-12-09, 27
2024-12-10, 21
2024-12-11, 47
2024-12-12, 44
2024-12-13, 58
2024-12-14, 54
2024-12-15, 58
2024-12-16, 54
2024-12-17, 35
2024-12-18, 25
2024-12-19, 31
2024-12-20, 42
2024-12-21, 44
2024-12-22, 36
2024-12-23, 41
2024-12-24, 45
2024-12-25, 44
2024-12-26, 50
2024-12-27, 57
2024-12-28, 54
2024-12-29, 44
