date,overall_aqi
01/01/2014,45.45
02/01/2014,143.24
03/01/2014,71.29
05/01/2014,86.0
06/01/2014,126.34
07/01/2014,109.45
08/01/2014,71.29
09/01/2014,62.38
10/01/2014,49.07
11/01/2014,49.07
12/01/2014,46.3
13/01/2014,39.81
14/01/2014,38.89
15/01/2014,49.07
16/01/2014,58.92
23/01/2014,15.09
26/01/2014,45.45
27/01/2014,56.44
28/01/2014,51.49
29/01/2014,54.96
30/01/2014,159.45
31/01/2014,51.0
02/02/2014,76.0
03/02/2014,126.34
04/02/2014,109.45
05/02/2014,69.31
06/02/2014,64.36
07/02/2014,59.91
08/02/2014,57.43
09/02/2014,56.0
10/02/2014,58.92
11/02/2014,57.43
12/02/2014,50.0
13/02/2014,59.41
14/02/2014,47.22
15/02/2014,34.09
16/02/2014,109.45
17/02/2014,63.37
18/02/2014,64.36
19/02/2014,57.43
20/02/2014,52.48
21/02/2014,47.22
22/02/2014,49.07
23/02/2014,58.42
24/02/2014,57.93
25/02/2014,58.92
26/02/2014,66.84
27/02/2014,61.89
28/02/2014,61.39
01/03/2014,60.9
02/03/2014,63.37
03/03/2014,76.0
04/03/2014,63.37
05/03/2014,66.0
06/03/2014,68.82
07/03/2014,64.86
08/03/2014,45.45
09/03/2014,61.89
10/03/2014,62.88
11/03/2014,66.0
12/03/2014,58.92
13/03/2014,61.39
14/03/2014,76.0
15/03/2014,143.24
18/03/2014,86.0
19/03/2014,109.45
20/03/2014,76.0
21/03/2014,53.47
22/03/2014,86.0
23/03/2014,76.0
24/03/2014,109.45
25/03/2014,126.34
26/03/2014,126.34
27/03/2014,86.0
28/03/2014,66.0
29/03/2014,56.44
30/03/2014,56.94
31/03/2014,56.0
01/04/2014,51.99
02/04/2014,56.0
03/04/2014,76.0
04/04/2014,48.15
05/04/2014,34.09
06/04/2014,34.09
07/04/2014,66.0
08/04/2014,47.22
09/04/2014,66.0
10/04/2014,60.4
13/04/2014,34.09
15/04/2014,45.45
19/04/2014,34.09
20/04/2014,54.96
23/04/2014,29.63
24/04/2014,48.15
25/04/2014,46.3
26/04/2014,43.52
27/04/2014,50.0
05/05/2014,22.73
06/05/2014,56.0
07/05/2014,34.26
08/05/2014,31.48
11/05/2014,12.04
12/05/2014,25.93
13/05/2014,11.11
14/05/2014,33.33
15/05/2014,25.93
16/05/2014,38.89
18/05/2014,18.52
19/05/2014,27.78
20/05/2014,24.07
21/05/2014,27.78
22/05/2014,26.85
23/05/2014,30.56
25/05/2014,23.15
26/05/2014,37.04
27/05/2014,26.85
28/05/2014,19.44
29/05/2014,76.0
30/05/2014,24.07
01/06/2014,86.0
02/06/2014,66.0
03/06/2014,56.0
04/06/2014,45.45
05/06/2014,45.45
06/06/2014,18.52
08/06/2014,45.45
09/06/2014,15.74
10/06/2014,15.74
11/06/2014,18.52
12/06/2014,66.0
13/06/2014,24.07
15/06/2014,45.45
16/06/2014,56.0
17/06/2014,45.45
18/06/2014,56.0
19/06/2014,45.45
20/06/2014,36.11
22/06/2014,56.0
23/06/2014,45.45
24/06/2014,45.45
25/06/2014,45.45
26/06/2014,22.22
27/06/2014,27.78
29/06/2014,34.09
30/06/2014,23.15
01/07/2014,22.73
02/07/2014,25.93
03/07/2014,27.78
04/07/2014,26.85
06/07/2014,11.36
07/07/2014,30.56
08/07/2014,23.15
09/07/2014,21.3
10/07/2014,16.67
13/07/2014,22.73
14/07/2014,34.09
15/07/2014,22.73
16/07/2014,22.73
17/07/2014,45.45
18/07/2014,22.73
19/07/2014,17.59
20/07/2014,45.45
21/07/2014,34.09
22/07/2014,45.45
23/07/2014,34.09
24/07/2014,34.09
25/07/2014,23.15
27/07/2014,45.45
28/07/2014,45.45
29/07/2014,45.45
30/07/2014,76.0
31/07/2014,19.44
12/08/2014,22.73
13/08/2014,22.73
14/08/2014,34.09
15/08/2014,27.78
17/08/2014,34.09
18/08/2014,17.59
19/08/2014,34.09
20/08/2014,18.52
21/08/2014,45.45
22/08/2014,45.45
23/08/2014,17.59
24/08/2014,56.0
25/08/2014,45.45
26/08/2014,45.45
27/08/2014,56.0
28/08/2014,34.09
29/08/2014,19.44
31/08/2014,22.73
01/09/2014,45.45
02/09/2014,45.45
03/09/2014,22.73
04/09/2014,56.0
05/09/2014,25.93
07/09/2014,34.09
08/09/2014,34.09
09/09/2014,34.09
10/09/2014,45.45
11/09/2014,45.45
12/09/2014,45.45
13/09/2014,18.52
14/09/2014,9.26
15/09/2014,56.0
16/09/2014,34.09
17/09/2014,45.45
18/09/2014,45.45
19/09/2014,21.3
21/09/2014,34.09
22/09/2014,34.09
23/09/2014,66.0
24/09/2014,14.81
28/09/2014,22.73
29/09/2014,66.0
30/09/2014,56.0
01/10/2014,45.45
02/10/2014,45.45
03/10/2014,24.07
17/10/2014,45.45
18/10/2014,34.09
19/10/2014,36.11
20/10/2014,34.09
21/10/2014,34.09
22/10/2014,27.78
23/10/2014,34.09
24/10/2014,34.09
25/10/2014,45.45
26/10/2014,34.09
27/10/2014,28.7
28/10/2014,22.73
29/10/2014,34.09
30/10/2014,45.45
31/10/2014,45.45
01/11/2014,26.85
02/11/2014,34.09
03/11/2014,66.0
04/11/2014,45.45
05/11/2014,45.45
06/11/2014,34.26
07/11/2014,30.56
08/11/2014,23.15
09/11/2014,76.0
10/11/2014,56.0
11/11/2014,45.45
12/11/2014,56.0
13/11/2014,56.0
14/11/2014,45.45
15/11/2014,36.11
16/11/2014,35.19
17/11/2014,45.45
18/11/2014,45.45
19/11/2014,76.0
20/11/2014,76.0
21/11/2014,96.0
22/11/2014,86.0
23/11/2014,66.0
24/11/2014,86.0
25/11/2014,76.0
26/11/2014,86.0
27/11/2014,96.0
28/11/2014,76.0
29/11/2014,56.44
30/11/2014,66.0
01/12/2014,66.0
02/12/2014,126.34
03/12/2014,109.45
04/12/2014,86.0
05/12/2014,96.0
06/12/2014,86.0
07/12/2014,66.0
08/12/2014,66.0
09/12/2014,66.0
10/12/2014,66.0
11/12/2014,66.0
12/12/2014,66.0
13/12/2014,66.0
14/12/2014,76.0
15/12/2014,66.0
16/12/2014,56.0
17/12/2014,56.0
18/12/2014,56.0
19/12/2014,66.0
20/12/2014,56.0
21/12/2014,66.0
22/12/2014,66.0
23/12/2014,76.0
24/12/2014,76.0
25/12/2014,76.0
26/12/2014,66.0
27/12/2014,66.0
28/12/2014,23.15
31/12/2014,45.45
01/01/2015,37.04
05/01/2015,193.24
06/01/2015,109.45
07/01/2015,76.0
08/01/2015,86.0
09/01/2015,27.78
11/01/2015,109.45
12/01/2015,66.0
13/01/2015,45.45
14/01/2015,76.0
15/01/2015,66.0
16/01/2015,57.43
17/01/2015,86.0
18/01/2015,76.0
19/01/2015,96.0
20/01/2015,126.34
21/01/2015,96.0
22/01/2015,96.0
23/01/2015,63.37
25/01/2015,193.24
26/01/2015,193.24
27/01/2015,204.32
28/01/2015,193.24
29/01/2015,96.0
30/01/2015,76.0
31/01/2015,56.44
01/02/2015,76.0
02/02/2015,86.0
03/02/2015,76.0
04/02/2015,76.0
05/02/2015,96.0
06/02/2015,109.45
07/02/2015,96.0
08/02/2015,109.45
09/02/2015,96.0
10/02/2015,159.45
11/02/2015,96.0
12/02/2015,96.0
13/02/2015,109.45
14/02/2015,109.45
15/02/2015,109.45
16/02/2015,96.0
17/02/2015,86.0
18/02/2015,76.0
19/02/2015,86.0
20/02/2015,86.0
21/02/2015,66.0
22/02/2015,76.0
23/02/2015,86.0
24/02/2015,96.0
25/02/2015,109.45
26/02/2015,118.5
27/02/2015,132.5
28/02/2015,109.45
01/03/2015,76.0
02/03/2015,109.45
03/03/2015,96.73
04/03/2015,86.0
05/03/2015,96.73
06/03/2015,96.73
07/03/2015,83.67
08/03/2015,96.73
09/03/2015,115.0
10/03/2015,96.0
11/03/2015,96.0
12/03/2015,96.0
13/03/2015,58.92
15/03/2015,96.73
16/03/2015,122.0
17/03/2015,108.0
18/03/2015,109.45
19/03/2015,143.24
20/03/2015,96.0
21/03/2015,86.0
22/03/2015,109.45
23/03/2015,66.0
24/03/2015,66.0
25/03/2015,76.0
26/03/2015,66.0
27/03/2015,56.0
28/03/2015,76.0
29/03/2015,86.0
30/03/2015,101.0
31/03/2015,56.0
01/04/2015,66.0
02/04/2015,80.4
03/04/2015,118.5
04/04/2015,139.5
05/04/2015,93.47
06/04/2015,77.13
07/04/2015,76.0
08/04/2015,76.0
09/04/2015,86.0
10/04/2015,76.0
11/04/2015,76.0
12/04/2015,66.0
13/04/2015,76.0
14/04/2015,104.5
15/04/2015,169.05
16/04/2015,156.16
17/04/2015,80.4
18/04/2015,93.47
19/04/2015,76.0
20/04/2015,108.0
21/04/2015,66.0
22/04/2015,86.0
23/04/2015,66.0
24/04/2015,76.0
25/04/2015,66.0
26/04/2015,66.0
27/04/2015,66.0
28/04/2015,66.0
29/04/2015,66.0
30/04/2015,66.0
01/05/2015,56.0
02/05/2015,56.0
03/05/2015,56.0
04/05/2015,50.0
05/05/2015,56.0
06/05/2015,56.0
07/05/2015,56.0
08/05/2015,56.0
09/05/2015,49.07
10/05/2015,56.0
11/05/2015,76.0
12/05/2015,56.0
13/05/2015,45.45
14/05/2015,45.45
15/05/2015,56.0
16/05/2015,56.0
17/05/2015,66.0
18/05/2015,76.0
19/05/2015,45.45
20/05/2015,34.09
21/05/2015,34.09
22/05/2015,45.45
23/05/2015,56.0
24/05/2015,45.45
25/05/2015,45.45
26/05/2015,56.0
27/05/2015,56.0
28/05/2015,45.45
29/05/2015,45.45
30/05/2015,45.45
31/05/2015,45.45
01/06/2015,56.0
02/06/2015,45.45
03/06/2015,45.45
04/06/2015,56.0
05/06/2015,49.07
06/06/2015,48.15
07/06/2015,45.45
08/06/2015,56.0
09/06/2015,56.0
10/06/2015,56.0
11/06/2015,60.8
12/06/2015,56.0
13/06/2015,56.0
14/06/2015,66.0
15/06/2015,56.0
16/06/2015,56.0
17/06/2015,56.0
18/06/2015,56.0
19/06/2015,56.0
20/06/2015,56.0
21/06/2015,45.45
22/06/2015,45.45
23/06/2015,56.0
24/06/2015,45.45
25/06/2015,45.45
26/06/2015,45.45
27/06/2015,45.45
28/06/2015,45.45
29/06/2015,45.45
30/06/2015,45.45
01/07/2015,45.45
02/07/2015,45.45
03/07/2015,45.45
04/07/2015,45.45
05/07/2015,45.45
06/07/2015,56.0
07/07/2015,66.0
08/07/2015,56.0
09/07/2015,56.0
10/07/2015,56.0
11/07/2015,56.0
12/07/2015,56.0
13/07/2015,56.0
14/07/2015,56.0
15/07/2015,45.45
16/07/2015,45.45
17/07/2015,45.45
18/07/2015,45.45
19/07/2015,45.45
20/07/2015,45.45
21/07/2015,45.45
22/07/2015,56.0
23/07/2015,45.45
24/07/2015,45.45
25/07/2015,45.45
26/07/2015,45.45
27/07/2015,45.45
28/07/2015,45.45
29/07/2015,45.45
30/07/2015,45.45
31/07/2015,56.0
01/08/2015,45.45
02/08/2015,45.45
03/08/2015,45.45
04/08/2015,56.0
05/08/2015,56.0
06/08/2015,56.0
07/08/2015,56.0
08/08/2015,56.0
09/08/2015,56.0
10/08/2015,66.0
11/08/2015,74.76
12/08/2015,56.0
13/08/2015,45.45
14/08/2015,45.45
15/08/2015,56.0
16/08/2015,66.0
17/08/2015,56.0
18/08/2015,56.0
19/08/2015,108.92
20/08/2015,56.0
21/08/2015,45.45
22/08/2015,45.45
23/08/2015,84.16
24/08/2015,85.15
25/08/2015,119.81
26/08/2015,45.45
27/08/2015,45.45
28/08/2015,45.45
29/08/2015,45.45
30/08/2015,45.45
31/08/2015,45.45
01/09/2015,66.0
02/09/2015,66.0
03/09/2015,56.0
04/09/2015,56.0
05/09/2015,45.45
06/09/2015,75.25
07/09/2015,66.34
08/09/2015,45.45
09/09/2015,52.98
10/09/2015,49.07
11/09/2015,66.0
12/09/2015,76.0
13/09/2015,76.0
14/09/2015,76.0
15/09/2015,56.0
16/09/2015,45.45
17/09/2015,45.45
18/09/2015,66.0
19/09/2015,66.0
20/09/2015,56.0
21/09/2015,56.0
22/09/2015,45.45
23/09/2015,56.0
24/09/2015,66.0
25/09/2015,71.79
26/09/2015,66.0
27/09/2015,66.0
28/09/2015,56.0
29/09/2015,76.24
30/09/2015,66.0
01/10/2015,66.0
02/10/2015,56.0
03/10/2015,56.0
04/10/2015,56.0
05/10/2015,56.0
06/10/2015,56.0
07/10/2015,56.0
08/10/2015,66.0
09/10/2015,51.99
10/10/2015,165.85
11/10/2015,256.96
12/10/2015,444.0
13/10/2015,76.0
14/10/2015,76.0
15/10/2015,86.0
16/10/2015,76.0
17/10/2015,76.0
18/10/2015,96.0
19/10/2015,96.0
20/10/2015,86.0
21/10/2015,96.0
22/10/2015,96.0
23/10/2015,76.0
24/10/2015,76.0
25/10/2015,76.0
26/10/2015,76.0
27/10/2015,66.0
28/10/2015,76.0
29/10/2015,76.0
30/10/2015,66.0
31/10/2015,66.0
01/11/2015,86.0
02/11/2015,86.0
03/11/2015,86.0
04/11/2015,76.0
05/11/2015,66.0
06/11/2015,30.56
07/11/2015,66.0
08/11/2015,66.0
09/11/2015,66.0
10/11/2015,76.0
11/11/2015,86.0
12/11/2015,37.96
23/11/2015,56.0
24/11/2015,56.0
25/11/2015,66.0
26/11/2015,86.0
27/11/2015,76.0
28/11/2015,66.0
29/11/2015,500.0
30/11/2015,86.0
01/12/2015,86.0
02/12/2015,76.0
03/12/2015,76.0
04/12/2015,66.0
05/12/2015,66.0
06/12/2015,66.0
07/12/2015,76.0
08/12/2015,96.0
09/12/2015,143.24
10/12/2015,126.34
11/12/2015,324.81
12/12/2015,86.0
13/12/2015,109.45
14/12/2015,86.0
15/12/2015,96.0
16/12/2015,76.0
17/12/2015,76.0
18/12/2015,76.0
19/12/2015,76.0
20/12/2015,76.0
21/12/2015,86.0
22/12/2015,126.34
23/12/2015,126.34
24/12/2015,86.0
25/12/2015,76.0
26/12/2015,76.0
27/12/2015,86.0
28/12/2015,86.0
29/12/2015,76.0
30/12/2015,26.85
02/01/2016,76.0
03/01/2016,109.45
04/01/2016,109.45
05/01/2016,109.45
06/01/2016,96.0
07/01/2016,86.0
08/01/2016,174.26
09/01/2016,76.0
10/01/2016,76.0
11/01/2016,76.0
12/01/2016,486.0
13/01/2016,76.0
14/01/2016,96.0
15/01/2016,66.0
16/01/2016,56.0
17/01/2016,96.0
18/01/2016,96.0
19/01/2016,96.0
20/01/2016,96.0
21/01/2016,86.0
22/01/2016,76.0
23/01/2016,66.0
24/01/2016,66.0
25/01/2016,66.0
26/01/2016,76.0
27/01/2016,76.0
28/01/2016,96.0
29/01/2016,109.45
30/01/2016,96.0
31/01/2016,86.0
01/02/2016,86.0
02/02/2016,96.0
03/02/2016,109.45
04/02/2016,96.0
05/02/2016,76.0
06/02/2016,66.0
07/02/2016,76.0
08/02/2016,109.45
09/02/2016,126.34
10/02/2016,193.24
11/02/2016,159.45
12/02/2016,126.34
13/02/2016,109.45
14/02/2016,96.73
15/02/2016,76.0
16/02/2016,76.0
17/02/2016,96.0
18/02/2016,126.34
19/02/2016,96.0
20/02/2016,96.0
21/02/2016,163.89
22/02/2016,143.24
23/02/2016,76.0
24/02/2016,76.0
25/02/2016,66.0
26/02/2016,66.0
27/02/2016,66.0
28/02/2016,66.0
29/02/2016,66.0
01/03/2016,86.0
02/03/2016,86.0
03/03/2016,109.45
04/03/2016,118.5
05/03/2016,109.45
06/03/2016,111.5
07/03/2016,100.0
08/03/2016,111.5
09/03/2016,146.5
10/03/2016,76.0
11/03/2016,86.0
12/03/2016,101.0
13/03/2016,146.5
14/03/2016,111.5
15/03/2016,73.87
16/03/2016,93.47
17/03/2016,111.5
18/03/2016,96.73
19/03/2016,104.5
20/03/2016,96.73
21/03/2016,153.58
22/03/2016,115.0
23/03/2016,115.0
24/03/2016,86.0
25/03/2016,86.0
26/03/2016,66.0
27/03/2016,76.0
28/03/2016,86.0
29/03/2016,143.24
30/03/2016,143.24
31/03/2016,104.5
01/04/2016,136.0
02/04/2016,139.5
03/04/2016,66.0
04/04/2016,56.0
05/04/2016,96.73
06/04/2016,66.0
07/04/2016,86.93
08/04/2016,64.07
09/04/2016,104.5
10/04/2016,96.73
11/04/2016,77.13
12/04/2016,86.93
13/04/2016,60.8
14/04/2016,56.0
15/04/2016,73.87
16/04/2016,90.2
17/04/2016,66.0
18/04/2016,104.5
19/04/2016,75.25
20/04/2016,66.0
21/04/2016,66.0
22/04/2016,57.53
23/04/2016,51.0
24/04/2016,54.27
25/04/2016,101.0
26/04/2016,72.36
27/04/2016,108.0
28/04/2016,108.0
29/04/2016,55.95
30/04/2016,57.53
01/05/2016,64.07
02/05/2016,86.93
03/05/2016,90.2
04/05/2016,70.6
05/05/2016,77.13
06/05/2016,132.5
07/05/2016,48.15
08/05/2016,54.27
09/05/2016,60.8
10/05/2016,129.0
11/05/2016,66.0
12/05/2016,86.93
13/05/2016,83.67
14/05/2016,80.4
15/05/2016,56.0
16/05/2016,83.67
17/05/2016,56.0
18/05/2016,56.0
19/05/2016,42.59
20/05/2016,22.73
21/05/2016,4.63
08/08/2016,154.36
09/08/2016,154.36
10/08/2016,157.45
11/08/2016,157.45
12/08/2016,153.84
13/08/2016,152.81
14/08/2016,153.84
15/08/2016,155.39
16/08/2016,155.39
17/08/2016,168.3
18/08/2016,156.94
19/08/2016,159.0
20/08/2016,165.72
21/08/2016,166.75
22/08/2016,161.07
23/08/2016,139.17
24/08/2016,154.36
25/08/2016,146.55
26/08/2016,159.52
27/08/2016,155.39
28/08/2016,152.81
29/08/2016,129.32
30/08/2016,129.32
04/09/2016,12.04
05/09/2016,152.29
06/09/2016,152.81
07/09/2016,114.54
18/09/2016,25.93
19/09/2016,161.58
20/09/2016,162.62
21/09/2016,167.78
22/09/2016,176.04
23/09/2016,169.33
24/09/2016,117.01
25/09/2016,126.85
26/09/2016,152.29
27/09/2016,17.59
28/09/2016,154.36
29/09/2016,153.32
30/09/2016,153.32
01/10/2016,157.97
02/10/2016,162.1
03/10/2016,168.81
22/11/2016,4.72
23/11/2016,91.09
24/11/2016,151.26
25/11/2016,154.36
26/11/2016,157.45
27/11/2016,156.94
28/11/2016,173.98
29/11/2016,176.04
30/11/2016,172.43
01/12/2016,176.04
02/12/2016,171.91
03/12/2016,182.24
04/12/2016,175.01
05/12/2016,175.01
06/12/2016,187.4
07/12/2016,196.7
08/12/2016,192.56
09/12/2016,191.02
10/12/2016,199.28
11/12/2016,198.76
12/12/2016,191.53
13/12/2016,182.24
14/12/2016,178.11
15/12/2016,166.23
16/12/2016,160.04
17/12/2016,170.88
18/12/2016,175.53
19/12/2016,181.72
20/12/2016,188.95
21/12/2016,186.37
22/12/2016,180.17
24/12/2016,39.81
25/12/2016,183.27
26/12/2016,191.02
27/12/2016,167.78
28/12/2016,175.01
29/12/2016,194.63
30/12/2016,199.79
31/12/2016,194.11
01/01/2017,25.93
02/01/2017,172.43
03/01/2017,169.33
04/01/2017,179.14
05/01/2017,182.24
06/01/2017,178.62
07/01/2017,191.02
08/01/2017,182.75
09/01/2017,178.62
10/01/2017,172.43
11/01/2017,178.62
12/01/2017,193.6
13/01/2017,184.82
14/01/2017,182.24
15/01/2017,176.56
16/01/2017,163.65
17/01/2017,167.26
18/01/2017,172.94
19/01/2017,178.62
20/01/2017,164.17
21/01/2017,166.23
22/01/2017,190.5
23/01/2017,170.88
24/01/2017,181.21
25/01/2017,166.75
26/01/2017,166.75
27/01/2017,167.78
28/01/2017,173.98
29/01/2017,195.66
30/01/2017,193.08
31/01/2017,173.46
01/02/2017,182.24
02/02/2017,163.13
03/02/2017,162.1
04/02/2017,178.62
05/02/2017,190.5
06/02/2017,189.47
07/02/2017,201.5
08/02/2017,229.24
09/02/2017,187.4
10/02/2017,175.01
11/02/2017,170.88
06/03/2017,56.44
07/03/2017,204.47
08/03/2017,196.18
09/03/2017,182.75
10/03/2017,51.49
11/03/2017,193.6
12/03/2017,190.5
13/03/2017,192.56
14/03/2017,215.37
15/03/2017,48.15
16/03/2017,197.21
17/03/2017,175.53
18/03/2017,167.26
31/03/2017,19.44
01/04/2017,144.09
02/04/2017,164.68
03/04/2017,156.42
16/10/2017,48.57
17/10/2017,112.08
18/10/2017,134.24
19/10/2017,134.24
20/10/2017,153.32
21/10/2017,157.97
22/10/2017,156.94
23/10/2017,157.45
24/10/2017,160.04
25/10/2017,166.75
26/10/2017,162.1
27/10/2017,163.13
28/10/2017,173.46
29/10/2017,180.17
30/10/2017,177.07
31/10/2017,178.62
01/11/2017,180.69
02/11/2017,173.46
03/11/2017,182.24
04/11/2017,173.98
05/11/2017,171.4
06/11/2017,170.88
07/11/2017,164.68
08/11/2017,155.91
09/11/2017,152.29
10/11/2017,131.78
11/11/2017,152.81
12/11/2017,154.87
13/11/2017,161.07
14/11/2017,159.52
15/11/2017,184.3
16/11/2017,129.32
17/11/2017,153.84
18/11/2017,156.42
19/11/2017,134.24
20/11/2017,119.47
21/11/2017,114.54
22/11/2017,119.47
23/11/2017,107.16
24/11/2017,259.96
25/11/2017,4.63
26/11/2017,429.0
27/11/2017,104.22
28/11/2017,153.84
29/11/2017,156.42
30/11/2017,153.84
01/12/2017,154.36
02/12/2017,151.77
03/12/2017,155.91
04/12/2017,153.84
05/12/2017,155.39
06/12/2017,160.04
07/12/2017,169.85
08/12/2017,157.45
09/12/2017,168.81
10/12/2017,175.01
11/12/2017,182.75
12/12/2017,170.88
13/12/2017,186.89
14/12/2017,181.72
15/12/2017,169.33
16/12/2017,129.32
17/12/2017,153.84
18/12/2017,175.01
19/12/2017,185.34
20/12/2017,225.28
21/12/2017,291.68
22/12/2017,183.27
23/12/2017,173.98
24/12/2017,161.58
25/12/2017,177.07
26/12/2017,190.5
27/12/2017,166.23
28/12/2017,155.39
29/12/2017,152.81
30/12/2017,121.93
31/12/2017,121.93
01/01/2018,152.29
02/01/2018,156.42
03/01/2018,160.55
04/01/2018,158.49
05/01/2018,174.49
06/01/2018,173.46
07/01/2018,169.33
08/01/2018,173.98
09/01/2018,169.33
10/01/2018,149.02
11/01/2018,165.2
12/01/2018,165.2
13/01/2018,168.81
14/01/2018,163.13
15/01/2018,167.78
16/01/2018,181.21
17/01/2018,204.47
18/01/2018,174.49
19/01/2018,171.91
20/01/2018,168.81
21/01/2018,178.62
22/01/2018,168.3
23/01/2018,173.98
24/01/2018,177.59
25/01/2018,186.89
26/01/2018,177.59
27/01/2018,162.62
28/01/2018,193.08
29/01/2018,185.85
30/01/2018,163.13
31/01/2018,171.91
01/02/2018,178.11
02/02/2018,186.89
03/02/2018,293.66
04/02/2018,453.51
05/02/2018,55.95
06/02/2018,63.87
07/02/2018,275.82
08/02/2018,210.41
09/02/2018,214.38
10/02/2018,219.33
11/02/2018,192.05
12/02/2018,163.13
13/02/2018,170.36
14/02/2018,194.11
15/02/2018,204.47
16/02/2018,209.42
17/02/2018,206.45
18/02/2018,211.41
19/02/2018,197.73
20/02/2018,196.7
21/02/2018,189.47
22/02/2018,161.07
23/02/2018,156.42
24/02/2018,164.17
25/02/2018,177.59
26/02/2018,163.13
27/02/2018,163.65
28/02/2018,180.69
01/03/2018,199.28
02/03/2018,195.15
03/03/2018,189.47
04/03/2018,188.95
05/03/2018,188.95
06/03/2018,198.24
07/03/2018,172.43
08/03/2018,171.4
09/03/2018,165.72
10/03/2018,180.17
11/03/2018,180.17
12/03/2018,182.75
13/03/2018,194.11
14/03/2018,193.6
15/03/2018,182.75
16/03/2018,185.85
17/03/2018,224.29
18/03/2018,195.66
19/03/2018,187.92
20/03/2018,196.18
21/03/2018,174.49
22/03/2018,185.85
23/03/2018,181.72
24/03/2018,187.4
25/03/2018,196.18
26/03/2018,192.56
27/03/2018,182.75
28/03/2018,197.73
29/03/2018,209.42
30/03/2018,185.34
31/03/2018,185.34
01/04/2018,178.62
02/04/2018,187.92
03/04/2018,197.21
04/04/2018,208.43
05/04/2018,202.49
06/04/2018,187.92
07/04/2018,156.94
08/04/2018,170.36
09/04/2018,179.66
10/04/2018,192.56
11/04/2018,192.05
12/04/2018,188.43
13/04/2018,179.14
14/04/2018,180.17
15/04/2018,177.07
16/04/2018,169.33
17/04/2018,163.65
18/04/2018,176.04
19/04/2018,191.53
20/04/2018,183.27
21/04/2018,192.56
22/04/2018,196.7
23/04/2018,190.5
24/04/2018,190.5
25/04/2018,195.66
26/04/2018,164.17
27/04/2018,165.72
28/04/2018,157.97
29/04/2018,157.45
30/04/2018,153.84
01/05/2018,155.91
02/05/2018,151.77
03/05/2018,161.58
04/05/2018,159.0
05/05/2018,154.87
06/05/2018,161.58
07/05/2018,157.45
08/05/2018,171.4
09/05/2018,180.17
10/05/2018,175.53
11/05/2018,160.55
12/05/2018,156.42
13/05/2018,155.91
14/05/2018,161.58
15/05/2018,162.62
16/05/2018,164.68
17/05/2018,165.72
18/05/2018,155.91
19/05/2018,157.45
20/05/2018,160.55
21/05/2018,157.45
22/05/2018,156.42
23/05/2018,157.45
24/05/2018,153.84
25/05/2018,152.29
26/05/2018,151.77
27/05/2018,144.09
28/05/2018,141.63
29/05/2018,144.09
30/05/2018,152.29
31/05/2018,155.39
01/06/2018,149.02
02/06/2018,156.94
03/06/2018,159.0
04/06/2018,162.1
05/06/2018,154.87
06/06/2018,149.02
07/06/2018,126.85
08/06/2018,117.01
09/06/2018,136.7
10/06/2018,151.26
11/06/2018,149.02
12/06/2018,151.26
13/06/2018,152.81
14/06/2018,151.26
15/06/2018,149.02
16/06/2018,151.26
17/06/2018,156.42
18/06/2018,162.62
19/06/2018,161.07
20/06/2018,158.49
21/06/2018,154.36
22/06/2018,157.97
23/06/2018,157.97
24/06/2018,151.26
25/06/2018,153.84
26/06/2018,151.77
27/06/2018,152.81
28/06/2018,134.24
29/06/2018,146.55
30/06/2018,152.81
01/07/2018,166.75
02/07/2018,149.02
03/07/2018,139.17
04/07/2018,129.32
05/07/2018,155.39
06/07/2018,153.32
07/07/2018,152.81
08/07/2018,157.97
09/07/2018,157.97
10/07/2018,170.36
11/07/2018,157.97
12/07/2018,154.87
13/07/2018,155.39
14/07/2018,154.36
15/07/2018,154.87
16/07/2018,155.91
17/07/2018,136.7
18/07/2018,141.63
19/07/2018,153.84
20/07/2018,155.91
21/07/2018,161.58
22/07/2018,157.45
23/07/2018,155.39
24/07/2018,156.94
25/07/2018,159.52
26/07/2018,162.62
27/07/2018,161.58
28/07/2018,157.97
29/07/2018,159.0
30/07/2018,157.45
31/07/2018,156.42
01/08/2018,161.07
02/08/2018,157.45
03/08/2018,154.87
04/08/2018,159.52
05/08/2018,164.17
06/08/2018,164.17
07/08/2018,162.62
08/08/2018,155.91
09/08/2018,155.39
10/08/2018,157.97
11/08/2018,155.39
12/08/2018,154.36
13/08/2018,159.52
14/08/2018,161.07
15/08/2018,159.0
16/08/2018,152.29
17/08/2018,154.87
18/08/2018,155.39
19/08/2018,152.81
20/08/2018,155.91
21/08/2018,157.45
22/08/2018,153.84
23/08/2018,160.55
24/08/2018,152.81
25/08/2018,155.39
26/08/2018,149.02
27/08/2018,131.78
28/08/2018,151.77
29/08/2018,149.02
30/08/2018,155.39
31/08/2018,160.04
01/09/2018,153.84
02/09/2018,157.97
03/09/2018,156.42
04/09/2018,152.29
05/09/2018,149.02
06/09/2018,146.55
07/09/2018,162.1
08/09/2018,155.91
09/09/2018,153.32
10/09/2018,155.91
11/09/2018,163.65
12/09/2018,163.65
13/09/2018,156.94
14/09/2018,160.55
15/09/2018,165.2
16/09/2018,162.62
17/09/2018,161.07
18/09/2018,160.55
19/09/2018,157.97
20/09/2018,154.87
21/09/2018,156.42
22/09/2018,158.49
23/09/2018,152.81
24/09/2018,156.94
25/09/2018,161.07
26/09/2018,169.85
27/09/2018,173.46
02/10/2018,51.0
03/10/2018,190.5
04/10/2018,193.08
05/10/2018,196.18
06/10/2018,198.24
07/10/2018,193.6
08/10/2018,193.6
09/10/2018,194.11
10/10/2018,180.17
11/10/2018,163.13
12/10/2018,170.36
13/10/2018,185.34
14/10/2018,157.97
15/10/2018,169.85
16/10/2018,163.13
17/10/2018,175.01
18/10/2018,181.72
19/10/2018,159.52
20/10/2018,159.0
21/10/2018,154.87
22/10/2018,353.03
23/10/2018,211.41
24/10/2018,160.04
25/10/2018,168.81
26/10/2018,167.26
27/10/2018,165.2
28/10/2018,165.2
29/10/2018,170.36
30/10/2018,178.11
31/10/2018,184.82
01/11/2018,180.17
02/11/2018,180.69
03/11/2018,186.37
04/11/2018,187.92
05/11/2018,185.85
06/11/2018,169.33
07/11/2018,160.04
08/11/2018,176.56
09/11/2018,158.49
10/11/2018,159.52
11/11/2018,159.0
12/11/2018,169.85
13/11/2018,162.62
14/11/2018,165.2
15/11/2018,164.17
16/11/2018,165.2
17/11/2018,172.43
18/11/2018,167.78
19/11/2018,164.68
20/11/2018,171.91
21/11/2018,179.14
22/11/2018,159.52
23/11/2018,162.62
24/11/2018,169.33
25/11/2018,169.33
26/11/2018,181.21
27/11/2018,186.37
28/11/2018,173.98
29/11/2018,178.11
30/11/2018,179.14
01/12/2018,170.36
02/12/2018,169.33
03/12/2018,53.47
04/12/2018,183.27
05/12/2018,175.53
06/12/2018,177.59
07/12/2018,176.04
08/12/2018,164.68
09/12/2018,159.0
10/12/2018,164.17
11/12/2018,163.65
12/12/2018,157.97
13/12/2018,162.62
14/12/2018,163.65
15/12/2018,168.3
16/12/2018,164.68
17/12/2018,166.23
18/12/2018,168.3
19/12/2018,182.75
20/12/2018,190.5
21/12/2018,195.66
22/12/2018,195.15
23/12/2018,171.91
24/12/2018,171.4
25/12/2018,180.69
26/12/2018,188.43
27/12/2018,185.34
28/12/2018,169.33
29/12/2018,157.97
30/12/2018,154.36
31/12/2018,34.26
01/01/2019,161.07
02/01/2019,164.17
03/01/2019,161.07
04/01/2019,167.78
05/01/2019,177.07
06/01/2019,173.46
07/01/2019,176.04
08/01/2019,171.91
09/01/2019,176.56
10/01/2019,180.17
11/01/2019,186.89
12/01/2019,177.07
13/01/2019,176.04
14/01/2019,281.77
15/01/2019,386.72
16/01/2019,167.26
17/01/2019,160.55
18/01/2019,166.75
19/01/2019,172.43
20/01/2019,183.27
21/01/2019,167.78
22/01/2019,164.17
23/01/2019,173.98
24/01/2019,186.89
25/01/2019,193.08
26/01/2019,217.35
27/01/2019,185.34
28/01/2019,185.34
29/01/2019,178.11
30/01/2019,185.85
31/01/2019,187.92
01/02/2019,168.81
02/02/2019,180.17
03/02/2019,202.49
04/02/2019,209.42
05/02/2019,209.42
06/02/2019,223.3
07/02/2019,221.32
08/02/2019,221.32
09/02/2019,223.3
10/02/2019,223.3
11/02/2019,206.45
12/02/2019,184.82
13/02/2019,201.5
14/02/2019,196.7
15/02/2019,210.41
16/02/2019,212.4
17/02/2019,189.47
18/02/2019,182.24
19/02/2019,190.5
20/02/2019,196.7
21/02/2019,201.5
22/02/2019,202.49
23/02/2019,204.47
24/02/2019,207.44
25/02/2019,197.73
26/02/2019,198.24
27/02/2019,203.48
28/02/2019,209.42
01/03/2019,215.37
02/03/2019,209.42
03/03/2019,199.28
04/03/2019,189.47
05/03/2019,189.47
06/03/2019,206.45
07/03/2019,193.08
08/03/2019,195.66
09/03/2019,207.44
10/03/2019,230.23
11/03/2019,211.41
12/03/2019,219.33
13/03/2019,228.25
14/03/2019,221.32
15/03/2019,227.26
16/03/2019,195.66
17/03/2019,208.43
18/03/2019,213.39
19/03/2019,207.44
20/03/2019,207.44
21/03/2019,202.49
22/03/2019,205.46
23/03/2019,218.34
24/03/2019,207.44
25/03/2019,194.11
26/03/2019,192.56
27/03/2019,197.21
28/03/2019,185.85
29/03/2019,184.3
30/03/2019,193.6
31/03/2019,198.24
01/04/2019,185.34
02/04/2019,185.34
03/04/2019,179.14
04/04/2019,180.17
05/04/2019,189.98
06/04/2019,185.34
07/04/2019,192.05
08/04/2019,177.07
09/04/2019,184.82
10/04/2019,183.79
11/04/2019,184.82
12/04/2019,187.92
13/04/2019,182.75
14/04/2019,174.49
15/04/2019,171.91
16/04/2019,170.36
17/04/2019,177.07
18/04/2019,169.85
19/04/2019,184.3
20/04/2019,187.92
21/04/2019,187.92
22/04/2019,185.85
23/04/2019,167.78
24/04/2019,176.56
25/04/2019,182.24
26/04/2019,189.47
27/04/2019,179.66
28/04/2019,182.24
29/04/2019,179.66
30/04/2019,170.88
01/05/2019,170.88
02/05/2019,171.91
03/05/2019,173.46
04/05/2019,173.98
05/05/2019,166.75
06/05/2019,175.53
07/05/2019,177.59
08/05/2019,181.21
09/05/2019,165.72
10/05/2019,170.88
11/05/2019,173.46
12/05/2019,175.53
13/05/2019,167.78
14/05/2019,155.39
15/05/2019,162.1
16/05/2019,164.68
17/05/2019,172.94
18/05/2019,178.11
19/05/2019,181.21
20/05/2019,176.56
21/05/2019,169.33
22/05/2019,158.49
23/05/2019,156.94
24/05/2019,157.45
25/05/2019,161.07
26/05/2019,165.72
27/05/2019,161.58
28/05/2019,154.87
29/05/2019,151.26
30/05/2019,151.77
31/05/2019,152.29
01/06/2019,153.84
02/06/2019,146.55
03/06/2019,153.32
04/06/2019,154.87
05/06/2019,155.91
06/06/2019,156.94
07/06/2019,152.81
08/06/2019,153.32
09/06/2019,151.26
10/06/2019,141.63
11/06/2019,183.27
12/06/2019,151.77
13/06/2019,153.32
14/06/2019,154.87
15/06/2019,155.39
16/06/2019,152.29
17/06/2019,151.26
18/06/2019,149.02
19/06/2019,153.32
20/06/2019,157.97
21/06/2019,156.94
22/06/2019,158.49
23/06/2019,160.55
24/06/2019,156.42
25/06/2019,155.39
26/06/2019,144.09
27/06/2019,134.24
28/06/2019,151.77
29/06/2019,149.02
30/06/2019,152.81
01/07/2019,152.29
02/07/2019,154.36
03/07/2019,136.7
04/07/2019,141.63
05/07/2019,149.02
06/07/2019,153.32
07/07/2019,151.77
08/07/2019,153.32
09/07/2019,155.39
10/07/2019,154.87
11/07/2019,156.94
12/07/2019,157.45
13/07/2019,155.91
14/07/2019,152.29
15/07/2019,149.02
16/07/2019,153.84
17/07/2019,153.32
18/07/2019,157.97
19/07/2019,157.45
20/07/2019,153.84
21/07/2019,153.84
22/07/2019,153.84
23/07/2019,155.39
24/07/2019,153.84
25/07/2019,146.55
26/07/2019,139.17
27/07/2019,151.26
28/07/2019,156.94
29/07/2019,155.91
30/07/2019,154.36
31/07/2019,152.29
01/08/2019,144.09
02/08/2019,139.17
03/08/2019,144.09
04/08/2019,152.29
05/08/2019,153.32
06/08/2019,152.81
07/08/2019,152.29
08/08/2019,144.09
09/08/2019,154.36
10/08/2019,144.09
11/08/2019,149.02
12/08/2019,155.39
13/08/2019,156.94
14/08/2019,153.32
15/08/2019,154.87
16/08/2019,159.52
17/08/2019,158.49
18/08/2019,152.29
19/08/2019,152.81
20/08/2019,136.7
21/08/2019,144.09
22/08/2019,149.02
23/08/2019,152.81
24/08/2019,146.55
25/08/2019,151.26
26/08/2019,144.09
27/08/2019,141.63
28/08/2019,155.39
29/08/2019,152.81
30/08/2019,141.63
31/08/2019,129.32
01/09/2019,146.55
02/09/2019,126.85
03/09/2019,136.7
04/09/2019,136.7
05/09/2019,146.55
06/09/2019,151.26
07/09/2019,151.26
08/09/2019,151.77
09/09/2019,153.32
10/09/2019,156.42
11/09/2019,152.29
12/09/2019,144.09
13/09/2019,144.09
14/09/2019,158.49
15/09/2019,159.52
16/09/2019,162.1
17/09/2019,164.68
18/09/2019,163.13
19/09/2019,155.91
20/09/2019,146.55
21/09/2019,161.07
22/09/2019,167.26
23/09/2019,171.91
24/09/2019,181.21
25/09/2019,174.49
26/09/2019,176.56
27/09/2019,184.3
28/09/2019,190.5
29/09/2019,197.73
30/09/2019,199.28
01/10/2019,194.63
02/10/2019,186.89
03/10/2019,182.24
04/10/2019,173.46
05/10/2019,161.07
06/10/2019,158.49
07/10/2019,159.0
08/10/2019,169.33
09/10/2019,157.97
10/10/2019,154.36
11/10/2019,157.45
12/10/2019,159.0
13/10/2019,158.49
14/10/2019,160.55
15/10/2019,154.87
16/10/2019,153.84
17/10/2019,154.87
18/10/2019,164.17
19/10/2019,165.72
20/10/2019,161.58
21/10/2019,163.65
22/10/2019,169.85
23/10/2019,165.72
24/10/2019,167.26
25/10/2019,163.65
26/10/2019,157.45
27/10/2019,155.91
28/10/2019,161.07
29/10/2019,156.42
30/10/2019,158.49
31/10/2019,163.65
01/11/2019,157.45
02/11/2019,151.77
03/11/2019,153.84
04/11/2019,177.59
05/11/2019,169.85
06/11/2019,181.21
07/11/2019,184.3
08/11/2019,193.08
09/11/2019,183.79
10/11/2019,187.92
11/11/2019,183.27
12/11/2019,176.04
13/11/2019,158.49
14/11/2019,154.36
15/11/2019,159.0
16/11/2019,172.43
17/11/2019,175.53
18/11/2019,174.49
19/11/2019,159.0
20/11/2019,157.97
21/11/2019,164.68
22/11/2019,167.26
23/11/2019,171.91
24/11/2019,177.07
25/11/2019,163.65
26/11/2019,170.36
27/11/2019,158.49
28/11/2019,158.49
29/11/2019,163.65
30/11/2019,155.39
01/12/2019,159.0
02/12/2019,155.39
03/12/2019,162.62
04/12/2019,176.56
05/12/2019,182.75
06/12/2019,179.14
07/12/2019,181.21
08/12/2019,179.14
09/12/2019,187.92
10/12/2019,195.66
11/12/2019,197.21
12/12/2019,196.7
13/12/2019,188.95
14/12/2019,174.49
15/12/2019,182.75
16/12/2019,177.59
17/12/2019,179.14
18/12/2019,195.15
19/12/2019,172.43
20/12/2019,172.43
21/12/2019,172.94
22/12/2019,185.85
23/12/2019,188.43
24/12/2019,194.11
25/12/2019,190.5
26/12/2019,207.44
27/12/2019,170.88
28/12/2019,166.23
29/12/2019,176.56
31/12/2019,34.26
01/01/2020,156.42
02/01/2020,156.94
03/01/2020,161.58
04/01/2020,173.46
05/01/2020,162.62
06/01/2020,179.14
07/01/2020,194.11
08/01/2020,179.66
09/01/2020,181.72
10/01/2020,184.82
11/01/2020,189.47
12/01/2020,177.59
13/01/2020,182.75
14/01/2020,186.37
15/01/2020,202.49
16/01/2020,206.45
17/01/2020,203.48
18/01/2020,194.11
19/01/2020,209.42
20/01/2020,174.49
21/01/2020,177.59
22/01/2020,195.66
23/01/2020,198.76
24/01/2020,210.41
25/01/2020,191.02
26/01/2020,175.53
27/01/2020,166.23
28/01/2020,173.98
29/01/2020,163.65
30/01/2020,167.26
31/01/2020,187.92
01/02/2020,190.5
02/02/2020,194.63
03/02/2020,199.79
04/02/2020,210.41
05/02/2020,191.53
06/02/2020,196.7
07/02/2020,213.39
08/02/2020,182.75
09/02/2020,162.62
10/02/2020,159.0
11/02/2020,180.69
12/02/2020,188.43
13/02/2020,189.98
14/02/2020,177.07
15/02/2020,175.01
16/02/2020,197.21
17/02/2020,187.4
18/02/2020,170.88
19/02/2020,179.66
20/02/2020,180.17
21/02/2020,173.46
22/02/2020,164.68
23/02/2020,167.78
24/02/2020,172.43
25/02/2020,184.3
26/02/2020,185.34
27/02/2020,189.98
28/02/2020,178.62
29/02/2020,180.69
01/03/2020,201.5
02/03/2020,208.43
03/03/2020,203.48
04/03/2020,224.29
05/03/2020,160.04
06/03/2020,153.32
07/03/2020,166.23
08/03/2020,178.62
09/03/2020,191.02
10/03/2020,197.21
11/03/2020,192.05
12/03/2020,195.15
13/03/2020,196.7
14/03/2020,199.28
15/03/2020,178.62
16/03/2020,193.6
17/03/2020,202.49
18/03/2020,195.15
19/03/2020,184.82
20/03/2020,167.78
21/03/2020,170.36
22/03/2020,179.14
23/03/2020,178.11
24/03/2020,186.37
25/03/2020,190.5
26/03/2020,191.53
27/03/2020,196.7
28/03/2020,204.47
29/03/2020,205.46
31/03/2020,63.37
01/04/2020,199.79
02/04/2020,182.75
03/04/2020,172.43
04/04/2020,179.14
05/04/2020,182.24
06/04/2020,179.14
07/04/2020,180.17
08/04/2020,180.69
09/04/2020,177.07
10/04/2020,180.69
11/04/2020,184.3
12/04/2020,184.3
13/04/2020,164.68
14/04/2020,173.98
15/04/2020,186.37
16/04/2020,193.08
17/04/2020,183.79
18/04/2020,175.01
19/04/2020,182.24
20/04/2020,168.81
21/04/2020,175.01
22/04/2020,177.59
23/04/2020,164.17
24/04/2020,161.07
25/04/2020,153.32
26/04/2020,159.52
27/04/2020,158.49
28/04/2020,166.23
29/04/2020,176.04
30/04/2020,180.17
01/05/2020,191.02
02/05/2020,181.72
03/05/2020,181.72
04/05/2020,170.36
05/05/2020,175.01
06/05/2020,172.43
07/05/2020,168.3
08/05/2020,159.52
09/05/2020,164.68
10/05/2020,164.68
11/05/2020,162.1
12/05/2020,161.58
13/05/2020,163.13
14/05/2020,168.81
15/05/2020,164.68
16/05/2020,166.75
17/05/2020,191.02
18/05/2020,159.52
19/05/2020,155.39
20/05/2020,159.0
21/05/2020,160.55
22/05/2020,164.17
23/05/2020,168.3
24/05/2020,156.42
25/05/2020,154.87
26/05/2020,156.94
27/05/2020,153.84
28/05/2020,153.84
29/05/2020,146.55
30/05/2020,136.7
31/05/2020,153.84
01/06/2020,154.36
02/06/2020,156.42
03/06/2020,146.55
04/06/2020,144.09
05/06/2020,149.02
06/06/2020,144.09
07/06/2020,131.78
08/06/2020,134.24
09/06/2020,126.85
10/06/2020,136.7
11/06/2020,146.55
12/06/2020,153.84
13/06/2020,146.55
14/06/2020,134.24
15/06/2020,119.47
16/06/2020,129.32
17/06/2020,129.32
18/06/2020,114.54
19/06/2020,141.63
20/06/2020,151.26
21/06/2020,154.87
22/06/2020,156.42
23/06/2020,149.02
24/06/2020,154.36
25/06/2020,159.0
26/06/2020,155.39
27/06/2020,152.29
28/06/2020,153.84
29/06/2020,154.36
30/06/2020,149.02
01/07/2020,131.78
02/07/2020,134.24
03/07/2020,139.17
04/07/2020,131.78
05/07/2020,146.55
06/07/2020,151.77
07/07/2020,151.26
08/07/2020,170.88
09/07/2020,153.32
10/07/2020,152.81
11/07/2020,155.39
12/07/2020,159.0
13/07/2020,151.26
14/07/2020,152.29
15/07/2020,146.55
16/07/2020,146.55
17/07/2020,144.09
18/07/2020,153.32
19/07/2020,153.32
20/07/2020,146.55
21/07/2020,141.63
22/07/2020,151.77
23/07/2020,156.94
24/07/2020,159.52
25/07/2020,154.87
26/07/2020,151.77
27/07/2020,153.32
28/07/2020,153.32
29/07/2020,149.02
30/07/2020,129.32
31/07/2020,136.7
01/08/2020,141.63
02/08/2020,131.78
03/08/2020,131.78
04/08/2020,141.63
05/08/2020,126.85
06/08/2020,149.02
07/08/2020,149.02
08/08/2020,151.26
09/08/2020,141.63
10/08/2020,149.02
11/08/2020,141.63
12/08/2020,166.75
13/08/2020,139.17
14/08/2020,131.78
15/08/2020,146.55
16/08/2020,154.36
17/08/2020,156.42
18/08/2020,154.87
19/08/2020,151.26
20/08/2020,149.02
21/08/2020,149.02
22/08/2020,146.55
23/08/2020,139.17
24/08/2020,151.77
25/08/2020,151.77
26/08/2020,156.42
27/08/2020,152.81
28/08/2020,156.94
29/08/2020,160.04
30/08/2020,157.45
31/08/2020,161.07
01/09/2020,156.94
02/09/2020,157.97
03/09/2020,161.07
04/09/2020,159.52
05/09/2020,161.58
06/09/2020,144.09
07/09/2020,146.55
08/09/2020,146.55
09/09/2020,155.91
10/09/2020,157.97
11/09/2020,155.39
12/09/2020,154.36
13/09/2020,153.84
14/09/2020,154.87
15/09/2020,156.94
16/09/2020,155.91
17/09/2020,161.07
18/09/2020,151.77
19/09/2020,107.16
20/09/2020,112.08
21/09/2020,139.17
22/09/2020,131.78
23/09/2020,152.81
24/09/2020,146.55
25/09/2020,153.84
26/09/2020,151.26
27/09/2020,146.55
28/09/2020,134.24
29/09/2020,136.7
30/09/2020,134.24
01/10/2020,151.26
02/10/2020,152.81
03/10/2020,151.77
04/10/2020,151.77
05/10/2020,139.17
06/10/2020,151.26
07/10/2020,155.39
08/10/2020,152.29
09/10/2020,151.26
10/10/2020,154.87
11/10/2020,156.94
12/10/2020,170.36
13/10/2020,165.2
14/10/2020,162.1
15/10/2020,155.91
16/10/2020,134.24
17/10/2020,126.85
18/10/2020,117.01
19/10/2020,121.93
20/10/2020,131.78
21/10/2020,151.26
22/10/2020,174.49
23/10/2020,163.65
24/10/2020,169.33
25/10/2020,170.36
26/10/2020,169.85
27/10/2020,164.17
28/10/2020,165.2
29/10/2020,146.55
30/10/2020,151.77
31/10/2020,134.24
01/11/2020,152.81
02/11/2020,157.97
03/11/2020,167.26
04/11/2020,151.26
05/11/2020,159.52
06/11/2020,165.72
07/11/2020,174.49
08/11/2020,180.69
09/11/2020,177.59
10/11/2020,176.56
11/11/2020,176.56
12/11/2020,168.81
13/11/2020,190.5
14/11/2020,183.79
15/11/2020,170.36
16/11/2020,162.62
17/11/2020,162.1
18/11/2020,164.68
19/11/2020,172.94
20/11/2020,170.88
21/11/2020,171.91
22/11/2020,164.17
23/11/2020,151.26
24/11/2020,155.39
25/11/2020,156.94
26/11/2020,154.87
27/11/2020,154.36
28/11/2020,164.68
29/11/2020,155.91
30/11/2020,175.53
01/12/2020,160.04
02/12/2020,160.04
03/12/2020,160.04
04/12/2020,167.78
05/12/2020,164.17
06/12/2020,172.43
07/12/2020,171.91
08/12/2020,176.56
09/12/2020,182.75
10/12/2020,184.82
11/12/2020,184.3
12/12/2020,183.27
13/12/2020,183.27
14/12/2020,186.37
15/12/2020,170.88
16/12/2020,154.36
17/12/2020,256.96
18/12/2020,159.0
19/12/2020,155.91
20/12/2020,161.07
21/12/2020,171.4
22/12/2020,183.27
23/12/2020,192.56
24/12/2020,179.66
25/12/2020,165.72
26/12/2020,177.59
27/12/2020,197.21
28/12/2020,193.6
29/12/2020,194.63
30/12/2020,162.62
31/12/2020,160.04
01/01/2021,170.36
02/01/2021,178.11
03/01/2021,191.02
04/01/2021,168.81
05/01/2021,181.72
06/01/2021,170.88
07/01/2021,175.53
08/01/2021,153.32
09/01/2021,162.62
10/01/2021,162.62
11/01/2021,166.75
12/01/2021,184.82
13/01/2021,193.08
14/01/2021,215.37
15/01/2021,205.46
16/01/2021,197.21
17/01/2021,176.56
18/01/2021,183.79
19/01/2021,186.89
20/01/2021,198.24
21/01/2021,202.49
22/01/2021,203.48
23/01/2021,199.79
24/01/2021,198.76
25/01/2021,209.42
26/01/2021,189.98
27/01/2021,183.79
28/01/2021,179.66
29/01/2021,172.43
30/01/2021,181.21
31/01/2021,174.49
01/02/2021,172.94
02/02/2021,170.88
03/02/2021,170.88
04/02/2021,169.33
05/02/2021,174.49
06/02/2021,173.98
07/02/2021,182.24
08/02/2021,185.85
09/02/2021,151.77
10/02/2021,153.84
11/02/2021,168.3
12/02/2021,175.53
13/02/2021,177.59
14/02/2021,187.4
15/02/2021,192.05
16/02/2021,198.76
17/02/2021,184.82
18/02/2021,173.46
19/02/2021,178.62
20/02/2021,175.01
21/02/2021,186.37
22/02/2021,198.24
23/02/2021,195.66
24/02/2021,198.24
25/02/2021,212.4
26/02/2021,203.48
27/02/2021,204.47
28/02/2021,208.43
01/03/2021,207.44
02/03/2021,199.28
03/03/2021,176.04
04/03/2021,172.94
05/03/2021,179.14
06/03/2021,170.88
07/03/2021,179.66
08/03/2021,171.4
09/03/2021,181.72
10/03/2021,184.82
11/03/2021,191.53
12/03/2021,181.21
13/03/2021,180.17
14/03/2021,183.27
15/03/2021,202.49
16/03/2021,213.39
17/03/2021,208.43
18/03/2021,210.41
19/03/2021,212.4
20/03/2021,210.41
21/03/2021,195.66
22/03/2021,154.36
23/03/2021,167.26
24/03/2021,175.53
25/03/2021,187.4
26/03/2021,205.46
27/03/2021,208.43
28/03/2021,192.05
29/03/2021,180.69
30/03/2021,184.3
31/03/2021,181.72
01/04/2021,199.28
02/04/2021,174.49
03/04/2021,177.59
04/04/2021,176.04
05/04/2021,163.65
06/04/2021,175.01
07/04/2021,168.81
08/04/2021,164.17
09/04/2021,175.01
10/04/2021,172.94
11/04/2021,164.17
12/04/2021,176.56
13/04/2021,171.91
14/04/2021,167.78
15/04/2021,161.07
16/04/2021,162.62
17/04/2021,177.07
18/04/2021,166.23
19/04/2021,154.87
20/04/2021,157.97
21/04/2021,165.72
22/04/2021,172.43
23/04/2021,169.85
24/04/2021,170.88
25/04/2021,176.56
26/04/2021,183.27
27/04/2021,152.29
28/04/2021,159.52
29/04/2021,159.52
30/04/2021,156.94
01/05/2021,156.42
02/05/2021,160.55
03/05/2021,161.07
04/05/2021,163.65
05/05/2021,165.72
06/05/2021,160.04
07/05/2021,163.65
08/05/2021,169.85
09/05/2021,171.4
10/05/2021,168.81
11/05/2021,165.72
12/05/2021,163.65
13/05/2021,166.75
14/05/2021,172.94
15/05/2021,176.56
16/05/2021,162.1
17/05/2021,162.1
18/05/2021,177.59
19/05/2021,162.1
20/05/2021,165.2
21/05/2021,162.62
22/05/2021,159.0
23/05/2021,157.45
24/05/2021,157.45
25/05/2021,149.02
26/05/2021,152.81
27/05/2021,159.0
28/05/2021,156.94
29/05/2021,153.84
30/05/2021,152.29
31/05/2021,153.84
01/06/2021,155.91
02/06/2021,159.52
03/06/2021,161.07
04/06/2021,162.62
05/06/2021,167.26
06/06/2021,160.55
07/06/2021,153.84
08/06/2021,154.36
09/06/2021,152.29
10/06/2021,141.63
11/06/2021,149.02
12/06/2021,151.26
13/06/2021,141.63
14/06/2021,152.81
15/06/2021,139.17
16/06/2021,146.55
17/06/2021,151.26
18/06/2021,154.87
19/06/2021,154.36
20/06/2021,162.1
21/06/2021,164.17
22/06/2021,168.81
23/06/2021,164.17
24/06/2021,156.94
25/06/2021,156.42
26/06/2021,158.49
27/06/2021,155.91
28/06/2021,136.7
29/06/2021,179.14
30/06/2021,153.32
01/07/2021,152.81
02/07/2021,152.81
03/07/2021,152.81
04/07/2021,154.36
05/07/2021,160.55
06/07/2021,154.87
07/07/2021,153.32
08/07/2021,141.63
09/07/2021,151.77
10/07/2021,149.02
11/07/2021,151.26
12/07/2021,153.32
13/07/2021,172.94
14/07/2021,153.32
15/07/2021,152.29
16/07/2021,153.32
17/07/2021,153.32
18/07/2021,134.24
19/07/2021,121.93
20/07/2021,144.09
21/07/2021,151.26
22/07/2021,154.87
23/07/2021,154.36
24/07/2021,152.29
25/07/2021,126.85
26/07/2021,141.63
27/07/2021,154.87
28/07/2021,149.02
29/07/2021,153.84
30/07/2021,154.87
31/07/2021,154.36
01/08/2021,151.77
02/08/2021,152.81
03/08/2021,153.84
04/08/2021,155.91
05/08/2021,159.0
06/08/2021,156.94
07/08/2021,155.39
08/08/2021,155.91
09/08/2021,158.49
10/08/2021,163.65
11/08/2021,159.0
12/08/2021,156.42
13/08/2021,152.81
14/08/2021,141.63
15/08/2021,144.09
16/08/2021,141.63
17/08/2021,155.91
18/08/2021,158.49
19/08/2021,160.55
20/08/2021,156.42
21/08/2021,160.04
22/08/2021,164.17
23/08/2021,162.1
24/08/2021,159.0
25/08/2021,154.87
26/08/2021,136.7
27/08/2021,131.78
28/08/2021,144.09
29/08/2021,149.02
30/08/2021,139.17
31/08/2021,152.81
01/09/2021,151.26
02/09/2021,154.36
03/09/2021,153.84
04/09/2021,144.09
05/09/2021,129.32
06/09/2021,134.24
07/09/2021,36.11
08/09/2021,157.97
09/09/2021,141.63
10/09/2021,152.81
11/09/2021,152.81
12/09/2021,141.63
13/09/2021,154.36
14/09/2021,27.78
15/09/2021,152.29
16/09/2021,136.7
26/09/2021,22.22
27/09/2021,144.09
28/09/2021,149.02
29/09/2021,154.87
30/09/2021,162.1
01/10/2021,160.55
02/10/2021,159.52
03/10/2021,154.36
04/10/2021,160.55
05/10/2021,160.04
06/10/2021,152.29
07/10/2021,157.45
08/10/2021,162.1
09/10/2021,163.65
10/10/2021,164.68
11/10/2021,155.39
12/10/2021,152.29
13/10/2021,156.42
14/10/2021,154.36
15/10/2021,144.09
16/10/2021,134.24
17/10/2021,144.09
18/10/2021,144.09
19/10/2021,153.32
20/10/2021,157.97
21/10/2021,160.04
22/10/2021,151.77
23/10/2021,144.09
24/10/2021,151.77
25/10/2021,156.42
26/10/2021,164.68
27/10/2021,169.33
28/10/2021,165.2
29/10/2021,141.63
30/10/2021,149.02
31/10/2021,151.26
01/11/2021,151.26
02/11/2021,152.81
03/11/2021,157.97
04/11/2021,157.45
05/11/2021,163.13
06/11/2021,164.68
07/11/2021,173.46
08/11/2021,155.91
09/11/2021,151.26
10/11/2021,157.45
11/11/2021,162.1
12/11/2021,165.2
13/11/2021,172.94
14/11/2021,169.33
15/11/2021,170.36
16/11/2021,164.68
17/11/2021,155.91
18/11/2021,155.39
19/11/2021,154.36
20/11/2021,170.88
21/11/2021,179.14
22/11/2021,166.23
23/11/2021,141.63
24/11/2021,152.29
25/11/2021,158.49
26/11/2021,161.58
27/11/2021,165.2
28/11/2021,178.11
29/11/2021,171.91
30/11/2021,176.56
01/12/2021,183.27
02/12/2021,170.36
03/12/2021,173.46
04/12/2021,180.69
05/12/2021,180.17
06/12/2021,185.85
07/12/2021,182.75
08/12/2021,180.17
09/12/2021,166.23
10/12/2021,158.49
11/12/2021,169.85
12/12/2021,167.78
13/12/2021,171.91
14/12/2021,175.01
15/12/2021,181.21
16/12/2021,188.43
17/12/2021,173.46
18/12/2021,178.62
19/12/2021,176.56
20/12/2021,188.95
21/12/2021,195.15
22/12/2021,191.53
23/12/2021,181.21
24/12/2021,190.5
25/12/2021,174.49
26/12/2021,161.58
27/12/2021,157.45
28/12/2021,156.42
29/12/2021,154.87
30/12/2021,154.87
31/12/2021,152.29
01/01/2022,156.42
02/01/2022,160.04
03/01/2022,162.62
04/01/2022,167.78
05/01/2022,181.21
06/01/2022,188.43
07/01/2022,172.94
08/01/2022,175.53
09/01/2022,182.75
10/01/2022,184.3
11/01/2022,189.98
12/01/2022,162.1
13/01/2022,187.4
14/01/2022,165.2
15/01/2022,187.4
16/01/2022,184.82
17/01/2022,182.75
18/01/2022,157.97
19/01/2022,160.04
20/01/2022,164.68
21/01/2022,174.49
22/01/2022,191.53
23/01/2022,185.85
24/01/2022,189.47
25/01/2022,192.05
26/01/2022,188.95
27/01/2022,194.11
28/01/2022,185.34
29/01/2022,192.56
30/01/2022,188.95
31/01/2022,181.72
01/02/2022,165.2
02/02/2022,172.43
03/02/2022,176.56
04/02/2022,163.13
05/02/2022,154.87
06/02/2022,169.33
07/02/2022,184.82
08/02/2022,195.66
09/02/2022,195.66
10/02/2022,179.14
11/02/2022,192.56
12/02/2022,186.37
13/02/2022,191.53
14/02/2022,175.01
15/02/2022,165.2
16/02/2022,185.85
17/02/2022,167.78
18/02/2022,186.89
19/02/2022,160.55
20/02/2022,162.62
21/02/2022,144.09
22/02/2022,156.42
23/02/2022,159.0
24/02/2022,167.26
25/02/2022,167.26
26/02/2022,181.21
27/02/2022,169.33
28/02/2022,196.7
01/03/2022,203.48
02/03/2022,186.37
03/03/2022,180.17
04/03/2022,196.18
05/03/2022,208.43
06/03/2022,193.08
07/03/2022,185.85
08/03/2022,160.04
09/03/2022,184.82
10/03/2022,193.08
11/03/2022,191.02
12/03/2022,195.15
13/03/2022,199.28
14/03/2022,204.47
15/03/2022,207.44
16/03/2022,197.73
17/03/2022,193.08
18/03/2022,182.75
19/03/2022,162.62
20/03/2022,170.88
21/03/2022,160.04
22/03/2022,156.42
23/03/2022,160.04
24/03/2022,156.42
25/03/2022,161.07
26/03/2022,165.2
27/03/2022,161.07
28/03/2022,162.1
29/03/2022,161.58
30/03/2022,162.62
31/03/2022,160.04
01/04/2022,162.1
02/04/2022,134.24
03/04/2022,152.29
04/04/2022,166.23
05/04/2022,166.75
06/04/2022,163.65
07/04/2022,186.89
08/04/2022,197.21
09/04/2022,202.49
10/04/2022,212.4
11/04/2022,217.35
12/04/2022,209.42
13/04/2022,197.21
14/04/2022,187.4
15/04/2022,193.6
16/04/2022,191.53
17/04/2022,181.21
18/04/2022,174.49
19/04/2022,160.55
20/04/2022,162.62
21/04/2022,175.53
22/04/2022,184.3
23/04/2022,164.17
24/04/2022,173.46
25/04/2022,173.46
26/04/2022,174.49
27/04/2022,176.04
28/04/2022,189.98
29/04/2022,184.82
30/04/2022,166.23
01/05/2022,151.26
02/05/2022,131.78
03/05/2022,157.45
04/05/2022,156.94
05/05/2022,164.68
06/05/2022,175.01
07/05/2022,149.02
08/05/2022,179.66
09/05/2022,151.77
10/05/2022,152.81
11/05/2022,146.55
12/05/2022,152.29
13/05/2022,154.87
14/05/2022,161.07
15/05/2022,159.52
16/05/2022,149.02
17/05/2022,152.81
18/05/2022,158.49
19/05/2022,154.87
20/05/2022,136.7
21/05/2022,141.63
22/05/2022,151.77
23/05/2022,158.49
24/05/2022,152.81
25/05/2022,159.52
26/05/2022,156.42
27/05/2022,163.13
28/05/2022,157.97
29/05/2022,171.4
30/05/2022,163.65
31/05/2022,163.13
01/06/2022,159.0
02/06/2022,162.1
03/06/2022,155.91
04/06/2022,149.02
05/06/2022,124.39
06/06/2022,136.7
07/06/2022,139.17
08/06/2022,144.09
09/06/2022,151.26
10/06/2022,139.17
11/06/2022,154.87
12/06/2022,155.39
13/06/2022,160.04
14/06/2022,159.0
15/06/2022,162.1
16/06/2022,153.84
17/06/2022,154.87
18/06/2022,153.32
19/06/2022,149.02
20/06/2022,149.02
21/06/2022,144.09
22/06/2022,152.81
23/06/2022,153.84
24/06/2022,156.42
25/06/2022,152.81
26/06/2022,152.81
27/06/2022,141.63
28/06/2022,153.84
29/06/2022,129.32
30/06/2022,134.24
01/07/2022,139.17
02/07/2022,139.17
03/07/2022,124.39
04/07/2022,151.26
05/07/2022,149.02
06/07/2022,154.36
07/07/2022,156.42
08/07/2022,139.17
09/07/2022,117.01
10/07/2022,109.62
11/07/2022,126.85
12/07/2022,124.39
13/07/2022,92.85
14/07/2022,124.39
15/07/2022,141.63
16/07/2022,154.87
17/07/2022,154.36
18/07/2022,154.87
19/07/2022,161.58
20/07/2022,151.26
21/07/2022,121.93
22/07/2022,112.08
23/07/2022,141.63
24/07/2022,149.02
25/07/2022,153.84
26/07/2022,154.87
27/07/2022,154.36
28/07/2022,157.97
29/07/2022,157.45
30/07/2022,160.55
31/07/2022,152.29
01/08/2022,149.02
02/08/2022,129.32
03/08/2022,134.24
04/08/2022,124.39
05/08/2022,121.93
06/08/2022,136.7
07/08/2022,144.09
08/08/2022,117.01
09/08/2022,126.85
10/08/2022,102.23
11/08/2022,126.85
12/08/2022,141.63
13/08/2022,152.81
14/08/2022,153.84
15/08/2022,155.91
16/08/2022,114.54
17/08/2022,134.24
18/08/2022,151.26
19/08/2022,152.29
20/08/2022,119.47
21/08/2022,126.85
22/08/2022,146.55
23/08/2022,141.63
24/08/2022,153.32
25/08/2022,152.29
26/08/2022,151.26
27/08/2022,139.17
28/08/2022,153.84
29/08/2022,154.87
30/08/2022,153.84
31/08/2022,153.32
01/09/2022,144.09
02/09/2022,155.91
03/09/2022,152.29
04/09/2022,154.87
05/09/2022,154.87
06/09/2022,151.26
07/09/2022,164.17
08/09/2022,165.2
09/09/2022,173.46
10/09/2022,139.17
11/09/2022,114.54
12/09/2022,149.02
13/09/2022,153.32
14/09/2022,155.39
15/09/2022,156.94
16/09/2022,153.84
17/09/2022,157.45
18/09/2022,151.77
19/09/2022,153.84
20/09/2022,152.81
21/09/2022,154.36
22/09/2022,153.84
23/09/2022,152.81
24/09/2022,152.81
25/09/2022,146.55
26/09/2022,144.09
27/09/2022,153.32
28/09/2022,164.68
29/09/2022,154.36
30/09/2022,139.17
01/10/2022,151.26
02/10/2022,141.63
03/10/2022,112.08
04/10/2022,26.85
05/10/2022,29.63
07/10/2022,25.93
08/10/2022,28.7
09/10/2022,20.37
10/10/2022,26.85
11/10/2022,37.96
12/10/2022,41.67
13/10/2022,49.07
14/10/2022,37.96
15/10/2022,38.89
16/10/2022,43.52
17/10/2022,50.0
18/10/2022,52.48
19/10/2022,51.0
20/10/2022,30.56
21/10/2022,27.78
22/10/2022,40.74
23/10/2022,45.37
24/10/2022,51.0
25/10/2022,24.07
26/10/2022,23.15
27/10/2022,21.3
28/10/2022,37.04
29/10/2022,49.07
30/10/2022,51.0
31/10/2022,39.81
01/11/2022,47.22
02/11/2022,50.0
03/11/2022,51.49
04/11/2022,49.07
05/11/2022,44.44
06/11/2022,47.22
07/11/2022,45.37
08/11/2022,44.44
09/11/2022,45.37
10/11/2022,46.3
12/11/2022,37.04
13/11/2022,30.56
14/11/2022,28.7
15/11/2022,25.93
16/11/2022,37.96
17/11/2022,46.3
18/11/2022,31.48
19/11/2022,33.33
20/11/2022,35.19
21/11/2022,44.44
22/11/2022,43.52
23/11/2022,28.7
24/11/2022,30.56
25/11/2022,25.0
26/11/2022,25.0
27/11/2022,35.19
28/11/2022,33.33
29/11/2022,36.11
30/11/2022,30.56
01/12/2022,25.0
02/12/2022,25.93
03/12/2022,30.56
04/12/2022,26.85
05/12/2022,23.15
09/12/2022,37.96
10/12/2022,45.37
11/12/2022,37.96
12/12/2022,44.44
13/12/2022,51.99
14/12/2022,52.48
15/12/2022,188.43
16/12/2022,198.24
17/12/2022,175.53
18/12/2022,179.66
19/12/2022,172.43
20/12/2022,186.37
21/12/2022,45.37
22/12/2022,177.07
12/01/2023,41.67
13/01/2023,166.23
14/01/2023,181.72
15/01/2023,190.5
16/01/2023,182.75
17/01/2023,152.81
18/01/2023,151.26
19/01/2023,159.52
20/01/2023,161.07
21/01/2023,179.14
22/01/2023,196.7
23/01/2023,206.45
24/01/2023,180.69
25/01/2023,170.88
26/01/2023,201.5
27/01/2023,191.53
28/01/2023,159.0
29/01/2023,175.01
30/01/2023,191.02
31/01/2023,208.43
01/02/2023,215.37
02/02/2023,226.27
03/02/2023,174.49
04/02/2023,189.98
05/02/2023,174.49
06/02/2023,188.95
07/02/2023,202.49
08/02/2023,178.11
09/02/2023,197.21
10/02/2023,201.5
11/02/2023,198.76
12/02/2023,194.11
13/02/2023,201.5
14/02/2023,198.76
15/02/2023,161.58
16/02/2023,155.91
17/02/2023,170.88
18/02/2023,192.56
19/02/2023,193.08
20/02/2023,171.91
21/02/2023,178.11
22/02/2023,175.01
23/02/2023,179.14
24/02/2023,201.5
25/02/2023,162.1
26/02/2023,171.4
27/02/2023,174.49
28/02/2023,170.36
01/03/2023,199.79
02/03/2023,178.62
03/03/2023,183.27
04/03/2023,186.37
05/03/2023,176.56
06/03/2023,177.59
07/03/2023,198.76
08/03/2023,211.41
09/03/2023,192.56
10/03/2023,192.05
11/03/2023,208.43
12/03/2023,197.21
13/03/2023,172.43
14/03/2023,169.85
15/03/2023,196.18
16/03/2023,197.21
17/03/2023,201.5
18/03/2023,204.47
19/03/2023,206.45
20/03/2023,196.18
21/03/2023,195.15
22/03/2023,199.79
23/03/2023,192.56
24/03/2023,189.47
25/03/2023,183.27
26/03/2023,185.85
27/03/2023,182.24
28/03/2023,175.53
29/03/2023,156.94
30/03/2023,173.46
31/03/2023,182.75
01/04/2023,171.4
02/04/2023,167.78
03/04/2023,178.62
04/04/2023,188.43
05/04/2023,188.95
06/04/2023,198.76
07/04/2023,205.46
08/04/2023,187.4
09/04/2023,167.78
10/04/2023,193.08
11/04/2023,188.95
12/04/2023,196.7
13/04/2023,186.37
14/04/2023,189.47
15/04/2023,201.5
16/04/2023,173.46
17/04/2023,174.49
18/04/2023,181.21
19/04/2023,188.95
20/04/2023,197.21
21/04/2023,193.08
22/04/2023,180.17
23/04/2023,186.37
24/04/2023,149.02
25/04/2023,163.65
26/04/2023,163.65
27/04/2023,161.07
28/04/2023,167.78
29/04/2023,169.85
30/04/2023,151.77
01/05/2023,155.91
02/05/2023,169.33
03/05/2023,171.91
04/05/2023,169.85
05/05/2023,165.2
06/05/2023,166.23
07/05/2023,165.72
08/05/2023,163.65
09/05/2023,158.49
10/05/2023,136.7
11/05/2023,129.32
12/05/2023,136.7
13/05/2023,102.23
14/05/2023,114.54
15/05/2023,160.04
16/05/2023,171.4
17/05/2023,168.3
18/05/2023,170.36
19/05/2023,176.56
20/05/2023,181.72
21/05/2023,176.56
22/05/2023,168.81
23/05/2023,163.13
24/05/2023,154.87
25/05/2023,152.81
26/05/2023,146.55
27/05/2023,161.58
28/05/2023,151.77
29/05/2023,107.16
30/05/2023,134.24
31/05/2023,144.09
01/06/2023,151.26
02/06/2023,157.97
03/06/2023,160.55
04/06/2023,158.49
05/06/2023,92.85
06/06/2023,112.08
07/06/2023,151.77
08/06/2023,124.39
09/06/2023,144.09
10/06/2023,112.08
11/06/2023,139.17
12/06/2023,129.32
13/06/2023,151.26
14/06/2023,124.39
15/06/2023,117.01
16/06/2023,114.54
17/06/2023,104.69
18/06/2023,99.16
19/06/2023,102.23
20/06/2023,102.23
21/06/2023,114.54
22/06/2023,126.85
23/06/2023,124.39
24/06/2023,124.39
25/06/2023,119.47
26/06/2023,86.54
27/06/2023,84.44
28/06/2023,121.93
29/06/2023,144.09
30/06/2023,121.93
01/07/2023,102.23
02/07/2023,92.85
03/07/2023,76.03
04/07/2023,84.44
05/07/2023,84.44
06/07/2023,131.78
07/07/2023,144.09
08/07/2023,153.32
09/07/2023,149.02
10/07/2023,69.72
11/07/2023,102.23
12/07/2023,78.13
13/07/2023,104.69
14/07/2023,102.23
15/07/2023,97.06
16/07/2023,107.16
17/07/2023,99.16
18/07/2023,99.16
19/07/2023,136.7
20/07/2023,107.16
21/07/2023,119.47
22/07/2023,90.75
23/07/2023,88.64
24/07/2023,88.64
25/07/2023,97.06
26/07/2023,112.08
27/07/2023,86.54
28/07/2023,99.16
29/07/2023,97.06
30/07/2023,117.01
31/07/2023,126.85
01/08/2023,152.81
02/08/2023,119.47
03/08/2023,151.26
04/08/2023,144.09
05/08/2023,144.09
06/08/2023,149.02
07/08/2023,119.47
08/08/2023,136.7
09/08/2023,139.17
10/08/2023,136.7
11/08/2023,134.24
12/08/2023,153.32
13/08/2023,131.78
14/08/2023,151.77
15/08/2023,154.36
16/08/2023,149.02
17/08/2023,146.55
18/08/2023,134.24
19/08/2023,152.29
20/08/2023,131.78
21/08/2023,124.39
22/08/2023,117.01
23/08/2023,94.95
24/08/2023,112.08
25/08/2023,141.63
26/08/2023,131.78
27/08/2023,114.54
28/08/2023,134.24
29/08/2023,131.78
30/08/2023,136.7
31/08/2023,136.7
01/09/2023,121.93
02/09/2023,131.78
03/09/2023,151.77
04/09/2023,124.39
05/09/2023,119.47
06/09/2023,65.51
07/09/2023,71.82
08/09/2023,90.75
09/09/2023,104.69
10/09/2023,84.44
11/09/2023,71.82
12/09/2023,102.23
13/09/2023,90.75
14/09/2023,86.54
15/09/2023,78.13
16/09/2023,73.92
17/09/2023,82.33
18/09/2023,76.03
19/09/2023,94.95
20/09/2023,104.69
21/09/2023,99.16
22/09/2023,82.33
23/09/2023,124.39
24/09/2023,146.55
25/09/2023,144.09
26/09/2023,86.54
27/09/2023,73.92
28/09/2023,71.82
29/09/2023,76.03
30/09/2023,84.44
01/10/2023,84.44
02/10/2023,84.44
03/10/2023,102.23
04/10/2023,99.16
05/10/2023,109.62
06/10/2023,78.13
07/10/2023,78.13
08/10/2023,71.82
09/10/2023,84.44
10/10/2023,151.77
11/10/2023,129.32
12/10/2023,131.78
13/10/2023,109.62
14/10/2023,126.85
15/10/2023,129.32
16/10/2023,156.42
17/10/2023,164.17
18/10/2023,168.3
19/10/2023,168.3
20/10/2023,170.36
21/10/2023,151.77
22/10/2023,144.09
23/10/2023,151.77
24/10/2023,117.01
25/10/2023,134.24
26/10/2023,170.36
27/10/2023,112.08
28/10/2023,90.75
29/10/2023,131.78
30/10/2023,92.85
31/10/2023,88.64
01/11/2023,151.77
02/11/2023,161.58
03/11/2023,164.68
04/11/2023,159.52
05/11/2023,153.32
06/11/2023,152.81
07/11/2023,131.78
08/11/2023,144.09
09/11/2023,156.42
10/11/2023,157.97
11/11/2023,153.32
12/11/2023,131.78
13/11/2023,97.06
14/11/2023,78.13
15/11/2023,109.62
16/11/2023,80.23
17/11/2023,121.93
18/11/2023,161.07
19/11/2023,160.55
20/11/2023,163.13
21/11/2023,167.26
22/11/2023,163.65
23/11/2023,157.97
24/11/2023,126.85
25/11/2023,164.68
26/11/2023,157.45
27/11/2023,149.02
28/11/2023,172.43
29/11/2023,177.07
30/11/2023,166.23
01/12/2023,136.7
02/12/2023,94.95
03/12/2023,121.93
04/12/2023,134.24
05/12/2023,155.39
06/12/2023,159.52
07/12/2023,141.63
08/12/2023,175.01
09/12/2023,172.43
10/12/2023,183.79
11/12/2023,191.53
12/12/2023,176.04
13/12/2023,152.81
14/12/2023,161.58
15/12/2023,168.81
16/12/2023,171.91
17/12/2023,119.47
18/12/2023,136.7
19/12/2023,134.24
20/12/2023,109.62
21/12/2023,124.39
22/12/2023,162.62
23/12/2023,170.88
24/12/2023,166.23
25/12/2023,185.85
26/12/2023,170.36
27/12/2023,168.81
28/12/2023,164.68
29/12/2023,159.0
30/12/2023,153.32
31/12/2023,126.85
01/01/2024,139.17
02/01/2024,160.04
03/01/2024,167.26
04/01/2024,129.32
05/01/2024,156.94
06/01/2024,163.65
07/01/2024,163.13
08/01/2024,170.36
09/01/2024,178.62
10/01/2024,176.04
11/01/2024,160.55
12/01/2024,164.17
13/01/2024,165.2
14/01/2024,160.04
15/01/2024,124.39
16/01/2024,151.26
17/01/2024,158.49
18/01/2024,170.88
19/01/2024,178.62
20/01/2024,177.59
21/01/2024,177.07
22/01/2024,179.66
23/01/2024,126.85
24/01/2024,131.78
25/01/2024,149.02
26/01/2024,154.36
27/01/2024,157.45
28/01/2024,149.02
29/01/2024,155.91
30/01/2024,162.1
31/01/2024,186.37
01/02/2024,195.15
02/02/2024,185.34
03/02/2024,193.08
04/02/2024,193.6
05/02/2024,182.24
06/02/2024,195.15
07/02/2024,192.56
08/02/2024,206.45
09/02/2024,186.89
10/02/2024,156.42
11/02/2024,173.46
12/02/2024,177.59
13/02/2024,182.75
14/02/2024,183.27
15/02/2024,195.15
16/02/2024,169.33
17/02/2024,178.62
18/02/2024,191.53
19/02/2024,185.85
20/02/2024,176.56
21/02/2024,170.88
22/02/2024,175.01
23/02/2024,184.3
24/02/2024,188.43
25/02/2024,168.81
26/02/2024,167.78
27/02/2024,169.85
28/02/2024,172.94
29/02/2024,184.3
01/03/2024,170.88
02/03/2024,160.55
03/03/2024,168.3
04/03/2024,197.73
05/03/2024,188.43
06/03/2024,192.56
07/03/2024,201.5
08/03/2024,193.6
09/03/2024,191.02
10/03/2024,192.05
11/03/2024,195.15
12/03/2024,166.75
13/03/2024,199.79
14/03/2024,189.47
15/03/2024,189.98
16/03/2024,192.56
17/03/2024,183.27
18/03/2024,189.47
19/03/2024,192.56
20/03/2024,99.16
21/03/2024,126.85
22/03/2024,177.07
23/03/2024,188.95
24/03/2024,169.33
25/03/2024,175.53
26/03/2024,188.95
27/03/2024,167.78
28/03/2024,179.14
29/03/2024,181.21
30/03/2024,158.49
31/03/2024,170.88
01/04/2024,181.72
02/04/2024,194.63
03/04/2024,197.73
04/04/2024,196.7
05/04/2024,197.21
06/04/2024,191.53
07/04/2024,182.75
08/04/2024,183.79
09/04/2024,191.53
10/04/2024,177.07
11/04/2024,183.27
12/04/2024,196.18
13/04/2024,196.18
14/04/2024,181.72
15/04/2024,181.21
16/04/2024,175.53
17/04/2024,174.49
18/04/2024,172.94
19/04/2024,174.49
20/04/2024,185.85
21/04/2024,189.47
22/04/2024,183.27
23/04/2024,175.01
24/04/2024,169.85
25/04/2024,169.85
26/04/2024,167.26
27/04/2024,169.33
28/04/2024,173.46
29/04/2024,169.33
30/04/2024,178.62
01/05/2024,189.98
02/05/2024,188.43
03/05/2024,183.27
04/05/2024,180.69
05/05/2024,175.01
06/05/2024,184.82
07/05/2024,159.52
08/05/2024,171.4
09/05/2024,163.13
10/05/2024,158.49
11/05/2024,136.7
12/05/2024,144.09
13/05/2024,158.49
14/05/2024,129.32
15/05/2024,162.1
16/05/2024,165.2
17/05/2024,157.97
18/05/2024,158.49
19/05/2024,151.77
20/05/2024,151.26
21/05/2024,86.54
22/05/2024,134.24
23/05/2024,99.16
24/05/2024,78.13
25/05/2024,109.62
26/05/2024,90.75
27/05/2024,124.39
28/05/2024,119.47
29/05/2024,141.63
30/05/2024,152.81
31/05/2024,152.29
01/06/2024,139.17
02/06/2024,131.78
03/06/2024,136.7
04/06/2024,136.7
05/06/2024,146.55
06/06/2024,121.93
07/06/2024,144.09
08/06/2024,146.55
09/06/2024,154.87
10/06/2024,151.77
11/06/2024,136.7
12/06/2024,152.81
13/06/2024,141.63
14/06/2024,173.46
15/06/2024,151.77
16/06/2024,160.55
17/06/2024,154.87
18/06/2024,151.26
19/06/2024,149.02
20/06/2024,153.32
21/06/2024,155.39
22/06/2024,154.36
23/06/2024,134.24
24/06/2024,152.29
25/06/2024,153.32
26/06/2024,141.63
27/06/2024,139.17
28/06/2024,141.63
29/06/2024,144.09
30/06/2024,131.78
01/07/2024,136.7
02/07/2024,139.17
03/07/2024,152.81
04/07/2024,154.36
05/07/2024,152.81
06/07/2024,152.81
07/07/2024,158.49
08/07/2024,155.91
09/07/2024,149.02
10/07/2024,153.32
11/07/2024,141.63
12/07/2024,144.09
13/07/2024,146.55
14/07/2024,151.77
15/07/2024,136.7
16/07/2024,119.47
17/07/2024,129.32
18/07/2024,136.7
19/07/2024,136.7
20/07/2024,146.55
21/07/2024,146.55
22/07/2024,136.7
23/07/2024,141.63
24/07/2024,144.09
25/07/2024,151.26
26/07/2024,151.26
27/07/2024,152.29
28/07/2024,141.63
29/07/2024,144.09
30/07/2024,153.32
31/07/2024,156.94
01/08/2024,155.91
02/08/2024,155.39
03/08/2024,158.49
04/08/2024,136.7
05/08/2024,141.63
06/08/2024,153.32
07/08/2024,156.42
08/08/2024,152.29
09/08/2024,151.77
10/08/2024,156.94
11/08/2024,151.77
12/08/2024,134.24
13/08/2024,146.55
14/08/2024,152.29
15/08/2024,149.02
16/08/2024,149.02
17/08/2024,131.78
18/08/2024,149.02
19/08/2024,136.7
20/08/2024,144.09
21/08/2024,129.32
22/08/2024,153.84
23/08/2024,153.32
24/08/2024,152.29
25/08/2024,149.02
26/08/2024,144.09
27/08/2024,153.32
28/08/2024,166.23
29/08/2024,136.7
30/08/2024,146.55
31/08/2024,141.63
01/09/2024,136.7
02/09/2024,121.93
03/09/2024,126.85
04/09/2024,159.0
05/09/2024,153.84
06/09/2024,129.32
07/09/2024,151.77
08/09/2024,151.77
09/09/2024,152.81
10/09/2024,154.87
11/09/2024,156.42
12/09/2024,124.39
13/09/2024,152.29
14/09/2024,126.85
15/09/2024,151.77
16/09/2024,131.78
17/09/2024,153.32
18/09/2024,149.02
19/09/2024,152.29
20/09/2024,144.09
21/09/2024,136.7
22/09/2024,134.24
23/09/2024,117.01
24/09/2024,112.08
25/09/2024,139.17
26/09/2024,144.09
27/09/2024,155.39
28/09/2024,151.77
29/09/2024,156.94
30/09/2024,161.07
01/10/2024,146.55
02/10/2024,136.7
03/10/2024,141.63
04/10/2024,155.39
05/10/2024,165.72
06/10/2024,168.81
07/10/2024,171.4
08/10/2024,167.26
09/10/2024,172.43
10/10/2024,177.59
11/10/2024,173.98
12/10/2024,168.3
13/10/2024,159.52
14/10/2024,166.23
15/10/2024,168.3
16/10/2024,157.97
17/10/2024,152.29
18/10/2024,157.45
19/10/2024,173.46
20/10/2024,119.47
21/10/2024,136.7
22/10/2024,136.7
23/10/2024,146.55
24/10/2024,157.45
25/10/2024,165.72
26/10/2024,176.04
27/10/2024,172.94
28/10/2024,155.91
29/10/2024,134.24
30/10/2024,151.26
31/10/2024,154.36
01/11/2024,160.04
02/11/2024,172.94
03/11/2024,170.36
04/11/2024,167.78
05/11/2024,134.24
06/11/2024,151.77
07/11/2024,164.17
08/11/2024,164.17
09/11/2024,170.88
10/11/2024,177.07
11/11/2024,169.33
12/11/2024,169.85
13/11/2024,163.13
14/11/2024,157.45
15/11/2024,162.62
16/11/2024,164.17
17/11/2024,157.97
18/11/2024,155.39
19/11/2024,155.39
20/11/2024,160.04
21/11/2024,161.07
22/11/2024,156.94
23/11/2024,151.26
24/11/2024,134.24
25/11/2024,141.63
26/11/2024,136.7
27/11/2024,136.7
28/11/2024,152.29
29/11/2024,164.68
30/11/2024,165.2
01/12/2024,179.14
02/12/2024,177.59
03/12/2024,162.62
04/12/2024,164.17
05/12/2024,166.23
06/12/2024,166.23
07/12/2024,156.94
08/12/2024,151.26
09/12/2024,141.63
10/12/2024,162.1
11/12/2024,168.81
12/12/2024,153.32
13/12/2024,153.32
14/12/2024,153.32
15/12/2024,153.32
16/12/2024,165.2
17/12/2024,176.56
18/12/2024,170.88
19/12/2024,183.79
20/12/2024,180.17
21/12/2024,167.26
22/12/2024,178.62
23/12/2024,190.5
24/12/2024,177.59
25/12/2024,185.34
26/12/2024,187.4
27/12/2024,160.55
28/12/2024,157.45
