Date,Region,pm25,pm10,o3,no2,so2,co,aqi
2024-01-01,Central,9.25,19.38,14.58,18.46,3.71,1.0,37.83
2024-01-01,East,10.12,24.12,12.88,16.25,2.0,1.0,42.12
2024-01-01,North,6.79,17.96,4.42,15.29,2.0,1.0,28.75
2024-01-01,South,8.04,17.79,10.71,11.25,2.0,1.0,33.88
2024-01-01,West,7.17,17.12,8.75,13.04,2.0,1.0,29.25
2024-01-02,Central,6.5,16.0,11.29,12.79,2.21,1.0,27.04
2024-01-02,East,6.88,17.96,14.08,12.38,2.0,1.0,28.58
2024-01-02,North,5.5,13.17,20.0,13.33,2.0,1.0,23.71
2024-01-02,South,6.58,16.42,11.29,12.79,2.0,1.0,27.88
2024-01-02,West,7.25,20.46,13.83,10.38,2.0,1.0,30.12
2024-01-03,Central,7.75,17.92,13.52,20.7,2.71,1.0,31.75
2024-01-03,East,8.0,17.75,14.78,16.1,1.75,1.0,33.21
2024-01-03,North,5.92,15.71,24.65,16.2,2.92,1.0,24.5
2024-01-03,South,7.92,17.58,11.78,11.1,2.0,1.0,33.04
2024-01-03,West,7.17,19.88,11.87,11.15,2.0,1.0,29.88
2024-01-04,Central,7.86,16.29,16.0,38.71,6.79,1.0,33.07
2024-01-04,East,9.14,20.43,10.25,32.07,1.79,1.0,39.0
2024-01-04,North,5.5,13.79,18.58,27.43,2.14,1.0,22.93
2024-01-04,South,6.93,15.07,9.5,13.79,2.86,1.0,28.93
2024-01-04,West,5.86,15.36,9.75,14.29,2.36,1.0,23.64
2024-01-05,Central,5.46,13.71,22.25,24.08,5.25,1.0,23.08
2024-01-05,East,6.58,14.08,14.0,15.62,2.0,1.0,27.71
2024-01-05,North,4.92,13.42,27.08,11.96,2.0,1.0,20.0
2024-01-05,South,5.62,12.54,11.79,11.79,2.08,1.0,23.42
2024-01-05,West,4.12,10.21,12.83,10.25,2.0,1.0,17.25
2024-01-06,Central,7.79,21.04,27.67,21.58,5.0,1.0,32.54
2024-01-06,East,7.92,16.04,17.33,15.38,2.0,1.0,33.04
2024-01-06,North,6.17,15.71,42.79,12.79,1.96,1.0,25.96
2024-01-06,South,7.71,18.58,14.83,12.75,2.0,1.0,32.12
2024-01-06,West,6.33,16.71,12.79,15.88,2.0,1.0,26.5
2024-01-07,Central,7.42,17.5,19.42,20.46,5.0,1.0,30.83
2024-01-07,East,7.25,12.12,10.75,21.33,2.04,1.0,30.29
2024-01-07,North,5.42,11.58,32.96,17.12,2.0,1.0,23.12
2024-01-07,South,6.33,15.29,9.29,11.04,2.0,1.0,26.58
2024-01-07,West,4.96,11.96,7.83,10.33,2.33,1.0,20.67
2024-01-08,Central,6.29,14.79,21.0,26.75,4.12,1.0,26.04
2024-01-08,East,6.29,11.12,11.29,21.08,3.92,1.0,25.96
2024-01-08,North,4.71,12.33,23.79,21.67,2.0,1.0,19.67
2024-01-08,South,5.96,14.04,10.21,20.83,2.79,1.0,24.79
2024-01-08,West,4.88,12.25,8.12,18.54,2.0,1.0,19.88
2024-01-09,Central,7.33,17.71,22.33,26.38,4.0,1.0,30.92
2024-01-09,East,9.83,17.12,12.29,17.83,2.0,1.0,40.88
2024-01-09,North,6.08,15.42,11.21,16.42,2.0,1.0,24.79
2024-01-09,South,6.79,16.71,12.71,13.71,2.08,1.0,27.83
2024-01-09,West,6.17,15.38,9.29,15.21,2.0,1.0,25.79
2024-01-10,Central,5.75,14.88,20.62,23.0,4.0,1.0,23.58
2024-01-10,East,6.71,12.79,11.04,17.0,1.75,1.0,27.62
2024-01-10,North,5.0,12.46,32.17,10.79,2.0,1.0,20.33
2024-01-10,South,5.58,15.04,11.17,10.83,2.0,1.0,23.88
2024-01-10,West,4.38,11.0,9.12,12.92,2.58,1.0,18.08
2024-01-11,Central,8.5,21.75,13.88,27.75,3.33,1.0,35.62
2024-01-11,East,9.88,17.75,9.21,18.54,1.0,1.0,40.08
2024-01-11,North,6.29,17.08,32.67,12.92,2.0,1.0,26.25
2024-01-11,South,8.67,19.38,8.79,13.75,2.0,1.0,35.88
2024-01-11,West,7.96,16.17,6.71,14.08,3.0,1.0,33.17
2024-01-12,Central,9.58,25.83,35.0,23.5,3.0,1.0,41.58
2024-01-12,East,12.67,20.46,10.88,18.42,1.33,1.0,48.88
2024-01-12,North,6.33,29.42,12.58,11.58,2.0,1.0,29.71
2024-01-12,South,9.21,20.83,9.83,10.0,2.96,1.0,38.42
2024-01-12,West,10.71,22.46,8.88,13.33,3.0,1.0,44.46
2024-01-13,Central,9.0,21.88,20.75,29.54,3.46,1.0,37.0
2024-01-13,East,13.0,21.58,16.38,20.38,2.0,1.0,49.62
2024-01-13,North,6.79,20.29,14.33,19.17,2.0,1.0,28.38
2024-01-13,South,9.62,20.33,12.17,11.29,3.0,1.0,39.5
2024-01-13,West,9.08,21.5,10.29,12.83,3.0,1.0,37.5
2024-01-14,Central,14.12,36.58,24.71,12.12,3.12,1.0,53.21
2024-01-14,East,17.67,31.08,41.04,14.83,1.54,1.0,57.21
2024-01-14,North,10.62,31.75,22.75,10.79,2.0,1.0,44.54
2024-01-14,South,12.88,29.0,21.46,8.29,3.0,1.0,51.67
2024-01-14,West,12.29,32.12,14.96,6.88,3.54,1.0,50.46
2024-01-15,Central,10.17,29.79,25.21,18.42,3.29,1.0,42.08
2024-01-15,East,13.71,23.83,31.62,14.62,2.0,1.0,52.88
2024-01-15,North,7.79,22.12,22.79,10.38,2.12,1.0,32.75
2024-01-15,South,9.75,24.25,19.5,11.42,3.0,1.0,40.29
2024-01-15,West,8.25,24.71,14.42,11.58,4.0,1.0,34.5
2024-01-16,Central,7.29,23.21,15.71,21.92,3.17,1.0,30.33
2024-01-16,East,9.58,19.67,21.12,18.29,2.0,1.0,39.92
2024-01-16,North,7.12,20.21,18.58,9.5,3.0,1.0,29.54
2024-01-16,South,7.29,20.79,16.12,10.54,3.0,1.0,29.88
2024-01-16,West,6.08,18.21,9.42,10.5,4.29,1.0,25.5
2024-01-17,Central,8.58,21.04,20.17,21.5,4.33,1.0,36.04
2024-01-17,East,11.38,20.54,26.08,12.5,2.0,1.0,47.29
2024-01-17,North,5.83,18.83,22.92,7.88,3.0,1.0,24.29
2024-01-17,South,7.33,18.79,18.67,10.08,3.0,1.0,30.67
2024-01-17,West,7.83,19.21,12.17,9.58,2.83,1.0,32.58
2024-01-18,Central,9.65,25.35,16.22,23.87,5.43,1.0,40.35
2024-01-18,East,16.04,28.7,19.96,22.57,2.0,1.0,55.43
2024-01-18,North,8.43,25.39,17.61,11.83,3.0,1.0,35.22
2024-01-18,South,8.61,23.04,15.0,10.52,2.35,1.0,35.09
2024-01-18,West,7.83,20.57,9.0,7.96,2.0,1.0,32.3
2024-01-19,Central,13.6,37.73,13.47,28.2,2.0,1.0,52.6
2024-01-19,East,20.67,31.13,18.6,27.4,2.0,1.0,60.6
2024-01-19,North,9.33,28.13,15.93,19.27,3.0,1.0,38.6
2024-01-19,South,12.67,28.4,13.27,14.33,2.33,1.0,51.53
2024-01-19,West,12.07,35.33,10.6,19.8,2.0,1.0,50.07
2024-01-20,Central,10.17,26.67,5.79,26.79,2.0,1.0,42.67
2024-01-20,East,13.08,20.17,12.5,27.29,2.0,1.0,48.62
2024-01-20,North,7.12,35.17,10.62,18.58,3.0,1.0,35.5
2024-01-20,South,10.21,22.0,9.17,11.42,3.0,1.0,42.38
2024-01-20,West,10.21,27.67,6.04,27.75,2.0,1.0,43.04
2024-01-21,Central,9.5,19.73,28.55,19.0,2.0,1.0,39.05
2024-01-21,East,15.0,23.68,27.0,26.45,2.73,1.0,53.0
2024-01-21,North,5.68,27.77,20.32,12.64,2.32,1.0,27.86
2024-01-21,South,8.18,19.45,28.27,12.14,3.0,1.0,34.59
2024-01-21,West,7.09,18.36,16.18,28.23,2.27,1.0,29.86
2024-01-22,Central,10.58,21.79,30.79,32.67,2.0,1.0,43.79
2024-01-22,East,13.12,23.17,25.62,27.12,2.38,1.0,50.58
2024-01-22,North,5.38,22.25,26.62,22.96,2.0,1.0,23.33
2024-01-22,South,8.04,19.21,25.04,14.12,4.0,1.0,33.71
2024-01-22,West,6.33,18.46,14.0,25.29,3.0,1.0,26.08
2024-01-23,Central,10.88,23.88,22.83,26.21,2.0,1.0,44.88
2024-01-23,East,9.5,19.29,24.92,21.5,2.21,1.0,39.12
2024-01-23,North,6.67,32.0,20.12,20.79,2.0,1.0,32.25
2024-01-23,South,8.71,18.12,23.0,13.58,3.75,1.0,36.42
2024-01-23,West,6.96,29.96,13.12,24.54,2.67,1.0,35.29
2024-01-24,Central,10.83,24.08,12.33,24.29,2.0,1.0,44.88
2024-01-24,East,12.21,21.83,14.29,21.46,2.0,1.0,47.42
2024-01-24,North,7.92,36.83,12.62,19.25,2.0,1.0,37.54
2024-01-24,South,9.5,20.38,12.17,13.21,2.96,1.0,39.5
2024-01-24,West,7.12,33.21,6.38,30.38,2.0,1.0,37.17
2024-01-25,Central,9.92,22.71,13.04,27.33,2.0,1.0,41.5
2024-01-25,East,12.33,21.33,18.21,18.38,2.0,1.0,49.0
2024-01-25,North,6.08,32.29,16.0,11.0,2.0,1.0,32.92
2024-01-25,South,8.33,20.29,11.33,14.54,2.0,1.0,34.58
2024-01-25,West,5.83,16.33,10.54,23.04,1.96,1.0,24.0
2024-01-26,Central,11.46,27.38,18.08,23.29,2.0,1.0,47.04
2024-01-26,East,11.33,21.79,21.67,12.88,2.0,1.0,46.92
2024-01-26,North,6.33,28.33,22.04,7.25,2.0,1.0,30.0
2024-01-26,South,9.25,21.21,15.67,9.54,2.0,1.0,39.0
2024-01-26,West,6.83,21.62,15.04,17.5,2.0,1.0,28.46
2024-01-27,Central,12.12,31.92,36.54,16.38,2.0,1.0,49.79
2024-01-27,East,14.67,30.38,21.79,8.96,2.0,1.0,53.92
2024-01-27,North,7.67,66.92,31.88,5.46,2.0,1.0,58.96
2024-01-27,South,13.12,28.62,22.75,8.12,2.0,1.0,51.75
2024-01-27,West,8.12,28.17,27.62,8.96,2.0,1.0,33.79
2024-01-28,Central,12.0,33.54,37.17,9.25,2.0,1.0,49.67
2024-01-28,East,16.17,30.83,20.25,9.33,2.0,1.0,55.58
2024-01-28,North,8.67,40.5,31.5,7.33,2.92,1.0,40.5
2024-01-28,South,11.46,26.46,22.71,7.12,2.0,1.0,47.33
2024-01-28,West,9.17,27.67,23.08,8.5,2.0,1.0,38.08
2024-01-29,Central,13.46,36.92,37.54,14.42,2.75,1.0,51.83
2024-01-29,East,19.5,35.33,21.67,9.42,2.62,1.0,59.33
2024-01-29,North,8.96,27.79,35.0,8.25,2.12,1.0,37.67
2024-01-29,South,12.96,28.88,23.21,8.92,2.46,1.0,51.88
2024-01-29,West,10.5,31.79,25.12,9.79,2.0,1.0,43.96
2024-01-30,Central,16.38,39.0,33.21,20.83,4.04,1.0,55.67
2024-01-30,East,20.5,37.0,19.21,12.21,3.0,1.0,60.54
2024-01-30,North,10.38,29.83,32.08,8.04,2.0,1.0,42.75
2024-01-30,South,14.79,30.54,22.83,13.21,3.0,1.0,54.08
2024-01-30,West,12.5,35.5,21.17,13.12,2.0,1.0,50.88
2024-01-31,Central,13.38,36.5,26.88,13.5,3.0,1.0,52.5
2024-01-31,East,18.38,33.04,18.04,11.29,12.42,1.0,58.08
2024-01-31,North,8.08,27.75,28.17,10.0,2.0,1.0,33.0
2024-01-31,South,12.58,28.71,20.75,10.38,3.0,1.0,51.12
2024-01-31,West,9.42,32.42,19.88,13.79,2.0,1.0,39.38
2024-02-01,Central,13.27,29.55,21.91,11.91,2.91,1.0,52.23
2024-02-01,East,11.5,22.64,15.09,8.95,9.59,1.0,46.09
2024-02-01,North,6.32,20.0,25.64,6.45,1.77,1.0,26.77
2024-02-01,South,10.0,23.0,17.18,10.45,2.77,1.0,41.59
2024-02-01,West,8.05,23.95,21.14,9.91,2.0,1.0,33.27
2024-02-02,Central,11.09,25.61,20.65,14.13,3.61,1.0,45.83
2024-02-02,East,13.04,24.7,11.13,11.48,2.0,1.0,50.09
2024-02-02,North,6.83,21.04,21.61,7.22,1.65,1.0,28.65
2024-02-02,South,10.0,23.48,14.48,12.22,2.0,1.0,41.65
2024-02-02,West,8.7,24.61,12.22,18.48,2.0,1.0,36.3
2024-02-03,Central,13.67,29.42,17.79,16.54,3.58,1.0,52.71
2024-02-03,East,15.25,27.96,13.29,9.0,2.0,1.0,54.54
2024-02-03,North,7.0,22.58,23.25,6.58,1.0,1.0,28.54
2024-02-03,South,11.79,24.46,15.75,12.62,2.0,1.0,48.79
2024-02-03,West,10.62,25.75,14.71,20.71,2.12,1.0,44.0
2024-02-04,Central,12.62,25.38,27.42,8.46,2.92,1.0,51.29
2024-02-04,East,15.71,28.88,15.29,11.83,2.0,1.0,55.12
2024-02-04,North,7.88,22.58,25.83,8.33,1.92,1.0,32.54
2024-02-04,South,10.21,23.0,21.17,12.62,2.08,1.0,42.54
2024-02-04,West,10.71,25.96,17.71,12.17,2.88,1.0,44.67
2024-02-05,Central,11.88,24.96,23.54,14.21,2.04,1.0,49.04
2024-02-05,East,15.12,24.38,13.96,10.67,1.96,1.0,54.58
2024-02-05,North,6.92,21.96,26.25,8.42,1.67,1.0,28.54
2024-02-05,South,11.25,23.29,19.29,10.46,3.0,1.0,47.21
2024-02-05,West,11.42,26.08,20.88,10.29,2.17,1.0,47.62
2024-02-06,Central,11.08,25.33,15.21,23.04,2.42,1.0,45.92
2024-02-06,East,13.21,22.29,6.54,17.54,1.75,1.0,51.71
2024-02-06,North,6.67,22.46,21.21,13.33,3.58,1.0,27.83
2024-02-06,South,9.04,21.33,15.0,11.83,3.0,1.0,37.25
2024-02-06,West,10.04,24.25,17.38,20.5,2.21,1.0,42.08
2024-02-07,Central,11.5,24.79,15.29,17.0,2.0,1.0,47.92
2024-02-07,East,12.46,20.96,5.92,12.38,1.38,1.0,49.12
2024-02-07,North,6.54,17.42,19.79,7.88,4.0,1.0,27.25
2024-02-07,South,9.08,19.17,15.04,10.83,3.0,1.0,37.62
2024-02-07,West,10.33,25.58,14.38,22.08,3.42,1.0,42.29
2024-02-08,Central,9.21,22.25,15.96,20.88,2.0,1.0,38.67
2024-02-08,East,9.83,18.0,7.29,11.88,1.08,1.0,40.62
2024-02-08,North,5.42,15.33,21.29,9.08,4.0,1.0,22.62
2024-02-08,South,9.42,19.17,15.12,11.46,3.0,1.0,39.29
2024-02-08,West,8.0,20.83,15.38,22.42,4.17,1.0,33.29
2024-02-09,Central,10.12,24.04,14.88,14.42,2.0,1.0,42.21
2024-02-09,East,12.08,19.79,7.29,10.29,1.92,1.0,48.92
2024-02-09,North,6.0,17.83,21.08,7.79,3.67,1.0,25.08
2024-02-09,South,10.5,28.79,16.58,10.42,3.0,1.0,44.17
2024-02-09,West,7.88,27.04,14.96,14.88,4.0,1.0,33.67
2024-02-10,Central,15.96,29.08,21.0,8.08,2.0,1.0,55.46
2024-02-10,East,14.83,23.0,10.67,10.83,1.04,1.0,53.88
2024-02-10,North,8.5,40.71,23.38,11.92,3.88,1.0,42.75
2024-02-10,South,10.46,21.17,19.17,8.17,3.0,1.0,43.96
2024-02-10,West,13.71,33.79,17.54,6.33,4.0,1.0,52.21
2024-02-11,Central,13.46,27.25,25.83,7.17,2.54,1.0,51.71
2024-02-11,East,16.25,27.0,16.25,8.75,1.0,1.0,55.71
2024-02-11,North,8.83,61.54,35.83,4.58,4.0,1.0,56.17
2024-02-11,South,13.88,27.58,23.96,8.67,3.0,1.0,51.33
2024-02-11,West,11.42,27.12,22.5,5.75,4.0,1.0,46.75
2024-02-12,Central,14.42,31.5,28.92,8.25,3.0,1.0,53.42
2024-02-12,East,21.46,34.54,20.08,9.5,1.0,1.0,61.62
2024-02-12,North,10.92,49.25,42.71,5.54,4.0,1.0,49.96
2024-02-12,South,15.54,32.12,28.42,8.46,3.0,1.0,55.08
2024-02-12,West,12.42,33.17,22.21,5.88,4.0,1.0,50.04
2024-02-13,Central,11.92,25.21,27.71,14.83,3.0,1.0,49.29
2024-02-13,East,18.08,30.46,21.58,9.58,1.0,1.0,57.88
2024-02-13,North,11.67,23.0,43.92,5.25,4.0,1.0,48.67
2024-02-13,South,11.67,25.83,26.5,9.46,3.0,1.0,48.29
2024-02-13,West,9.62,26.96,21.04,8.67,4.0,1.0,39.83
2024-02-14,Central,14.08,34.71,19.17,17.92,2.29,1.0,53.21
2024-02-14,East,17.71,30.79,14.5,11.17,1.0,1.0,57.38
2024-02-14,North,11.92,29.17,28.21,6.83,4.0,1.0,48.33
2024-02-14,South,12.17,27.0,18.54,8.83,2.29,1.0,50.08
2024-02-14,West,10.38,29.67,16.25,14.96,4.0,1.0,43.62
2024-02-15,Central,12.92,33.04,19.83,15.96,2.0,1.0,51.83
2024-02-15,East,16.12,29.29,18.96,13.46,1.92,1.0,55.5
2024-02-15,North,8.5,34.29,23.79,10.0,4.0,1.0,38.92
2024-02-15,South,9.75,23.25,18.33,9.25,2.0,1.0,40.75
2024-02-15,West,9.83,43.88,15.5,10.75,4.0,1.0,45.25
2024-02-16,Central,14.62,34.46,22.62,16.21,2.0,1.0,53.96
2024-02-16,East,19.0,32.29,22.0,9.79,2.0,1.0,58.79
2024-02-16,North,11.67,49.54,21.83,6.33,3.62,1.0,51.5
2024-02-16,South,12.75,27.25,17.79,9.67,2.17,1.0,50.62
2024-02-16,West,12.08,31.62,16.75,10.38,4.0,1.0,49.92
2024-02-17,Central,15.33,37.71,21.67,16.0,2.83,1.0,54.62
2024-02-17,East,19.29,32.5,19.12,11.42,2.0,1.0,59.04
2024-02-17,North,10.42,73.79,19.42,6.46,1.58,1.0,62.21
2024-02-17,South,13.92,30.58,16.04,9.54,3.0,1.0,53.12
2024-02-17,West,10.58,30.29,16.25,11.38,4.25,1.0,44.25
2024-02-18,Central,20.25,44.08,25.88,15.67,3.0,1.0,60.25
2024-02-18,East,20.62,35.46,25.92,7.92,2.0,1.0,60.58
2024-02-18,North,11.29,94.42,27.96,5.0,2.79,1.0,72.5
2024-02-18,South,15.42,30.62,21.04,8.58,3.0,1.0,54.88
2024-02-18,West,13.33,43.12,21.46,8.46,4.0,1.0,51.88
2024-02-19,Central,14.79,37.46,24.42,18.33,2.5,1.0,53.62
2024-02-19,East,17.12,28.21,24.29,11.88,2.0,1.0,56.75
2024-02-19,North,8.96,108.5,25.08,7.79,3.0,1.0,79.54
2024-02-19,South,13.54,25.88,20.58,8.96,3.0,1.0,52.12
2024-02-19,West,11.0,42.29,18.79,13.96,4.29,1.0,46.83
2024-02-20,Central,9.67,30.75,24.71,20.21,2.54,1.0,40.58
2024-02-20,East,11.29,21.75,22.46,9.67,2.0,1.0,47.33
2024-02-20,North,9.29,39.62,25.17,11.5,3.0,1.0,45.42
2024-02-20,South,10.92,23.79,19.92,10.62,3.0,1.0,45.29
2024-02-20,West,9.0,24.75,17.62,21.58,5.25,1.0,37.54
2024-02-21,Central,9.67,26.38,29.71,22.12,3.0,1.0,39.67
2024-02-21,East,11.12,21.92,24.17,12.46,2.0,1.0,46.46
2024-02-21,North,9.88,21.79,26.17,14.33,3.0,1.0,41.29
2024-02-21,South,9.29,22.96,19.46,11.96,3.0,1.0,38.71
2024-02-21,West,9.04,26.67,17.46,19.46,5.75,1.0,38.29
2024-02-22,Central,11.67,29.58,29.04,24.75,3.0,1.0,48.42
2024-02-22,East,9.25,21.62,29.29,12.96,2.0,1.0,38.5
2024-02-22,North,8.08,22.0,29.46,12.71,3.0,1.0,33.46
2024-02-22,South,9.29,19.83,26.38,10.62,3.0,1.0,38.83
2024-02-22,West,8.58,25.62,21.0,31.54,5.33,1.0,36.17
2024-02-23,Central,10.71,27.25,27.42,22.25,2.08,1.0,44.62
2024-02-23,East,11.04,21.71,23.83,10.46,2.0,1.0,45.58
2024-02-23,North,8.29,27.92,24.21,13.21,3.0,1.0,35.79
2024-02-23,South,10.92,24.29,19.08,9.88,3.0,1.0,45.25
2024-02-23,West,9.25,24.92,17.17,16.25,5.71,1.0,38.33
2024-02-24,Central,9.21,23.96,26.83,15.96,2.0,1.0,39.21
2024-02-24,East,10.38,21.33,24.17,11.0,2.0,1.0,43.67
2024-02-24,North,7.12,46.33,25.33,12.42,3.0,1.0,46.25
2024-02-24,South,8.88,21.25,19.21,9.83,3.0,1.0,37.29
2024-02-24,West,8.21,21.25,18.0,11.54,5.0,1.0,34.58
2024-02-25,Central,8.72,24.56,31.33,11.0,2.0,1.0,36.83
2024-02-25,East,12.78,24.56,25.89,8.17,2.0,1.0,49.94
2024-02-25,North,7.22,34.33,32.11,6.5,3.89,1.0,35.11
2024-02-25,South,8.94,24.39,22.56,8.33,3.0,1.0,37.22
2024-02-25,West,9.17,23.44,21.11,6.78,5.33,1.0,38.06
2024-02-26,Central,17.96,37.62,25.67,14.83,2.0,1.0,57.5
2024-02-26,East,19.75,31.08,23.38,9.04,2.0,1.0,59.58
2024-02-26,North,8.25,30.17,28.71,8.12,3.92,1.0,34.79
2024-02-26,South,15.17,28.54,18.96,9.17,2.79,1.0,54.04
2024-02-26,West,13.04,39.5,18.46,10.62,5.0,1.0,49.92
2024-02-27,Central,17.67,41.38,22.38,17.67,2.0,1.0,57.29
2024-02-27,East,21.0,34.17,20.92,12.08,2.0,1.0,61.08
2024-02-27,North,9.12,36.25,28.54,9.46,3.92,1.0,37.75
2024-02-27,South,16.25,30.83,16.88,11.29,2.62,1.0,55.71
2024-02-27,West,15.88,55.54,14.29,12.71,5.0,1.0,55.88
2024-02-28,Central,11.38,32.42,24.92,16.92,2.54,1.0,47.0
2024-02-28,East,14.92,26.25,20.25,10.92,2.0,1.0,54.17
2024-02-28,North,7.42,27.58,29.62,9.0,3.62,1.0,30.92
2024-02-28,South,11.88,27.04,21.67,12.5,2.5,1.0,48.21
2024-02-28,West,12.79,32.62,18.67,12.67,4.75,1.0,51.54
2024-02-29,Central,11.21,30.25,30.29,14.83,2.46,1.0,46.75
2024-02-29,East,13.92,27.54,19.58,10.92,2.0,1.0,53.04
2024-02-29,North,7.0,32.29,29.54,10.38,4.0,1.0,32.38
2024-02-29,South,10.46,24.92,21.54,12.75,2.88,1.0,43.67
2024-02-29,West,9.96,31.25,19.58,10.58,5.25,1.0,41.42
2024-03-01,Central,10.79,30.04,21.17,17.12,2.0,1.0,44.29
2024-03-01,East,14.12,25.62,18.0,9.67,2.0,1.0,53.17
2024-03-01,North,6.79,28.5,37.67,10.5,4.0,1.0,29.17
2024-03-01,South,10.04,25.54,15.25,11.04,2.58,1.0,42.25
2024-03-01,West,7.79,27.58,15.58,16.17,6.0,1.0,32.17
2024-03-02,Central,12.0,32.12,38.67,14.71,2.0,1.0,50.21
2024-03-02,East,14.08,26.29,18.38,11.33,2.0,1.0,53.0
2024-03-02,North,7.42,33.58,34.79,12.79,4.0,1.0,33.58
2024-03-02,South,11.29,25.75,15.5,10.88,2.0,1.0,47.42
2024-03-02,West,7.75,24.92,12.54,12.08,6.0,1.0,32.5
2024-03-03,Central,9.75,21.96,12.54,13.08,4.79,1.0,41.08
2024-03-03,East,10.38,20.25,13.33,10.0,2.0,1.0,43.12
2024-03-03,North,5.38,26.33,28.88,10.79,5.71,1.0,26.33
2024-03-03,South,8.54,20.71,12.54,9.38,2.0,1.0,35.12
2024-03-03,West,8.54,20.54,11.38,10.0,5.04,1.0,35.54
2024-03-04,Central,13.71,30.0,11.08,17.71,5.0,1.0,51.96
2024-03-04,East,19.79,31.92,12.42,13.25,2.0,1.0,59.83
2024-03-04,North,7.25,28.21,28.21,13.88,4.17,1.0,30.42
2024-03-04,South,12.17,28.0,11.08,10.75,2.12,1.0,47.67
2024-03-04,West,11.62,34.54,8.83,19.08,5.0,1.0,45.38
2024-03-05,Central,13.35,30.17,14.35,31.39,3.91,1.0,51.26
2024-03-05,East,17.87,28.83,8.78,22.74,2.0,1.0,56.78
2024-03-05,North,7.65,24.43,21.96,19.96,4.0,1.0,31.78
2024-03-05,South,11.35,21.17,7.3,16.65,2.83,1.0,46.57
2024-03-05,West,12.17,29.52,6.04,24.57,4.87,1.0,47.17
2024-03-06,Central,10.29,26.21,27.67,32.88,2.0,1.0,42.75
2024-03-06,East,12.62,23.71,12.04,35.21,2.0,1.0,50.17
2024-03-06,North,6.21,18.79,21.29,28.96,4.67,1.0,26.5
2024-03-06,South,10.62,23.04,18.96,14.62,2.0,1.0,44.5
2024-03-06,West,7.46,24.17,9.38,26.67,5.0,1.0,31.0
2024-03-07,Central,14.54,35.71,16.0,29.54,2.0,1.0,53.62
2024-03-07,East,17.08,32.08,10.58,25.33,2.0,1.0,56.71
2024-03-07,North,7.29,21.54,21.75,22.67,5.0,1.0,30.12
2024-03-07,South,13.96,26.33,12.17,13.21,2.0,1.0,52.67
2024-03-07,West,10.25,34.83,9.5,31.46,5.0,1.0,42.71
2024-03-08,Central,12.9,26.76,15.05,21.52,2.0,1.0,51.1
2024-03-08,East,14.43,29.48,6.0,26.48,2.0,1.0,53.71
2024-03-08,North,7.33,21.48,33.57,18.38,5.0,1.0,30.48
2024-03-08,South,11.14,21.57,7.9,10.62,2.0,1.0,45.38
2024-03-08,West,10.52,30.29,6.38,20.76,5.71,1.0,44.48
2024-03-09,Central,12.25,29.04,23.17,23.21,2.0,1.0,50.58
2024-03-09,East,15.79,26.79,13.46,17.75,2.0,1.0,55.17
2024-03-09,North,7.75,21.58,35.71,13.12,5.0,1.0,32.33
2024-03-09,South,12.29,21.38,15.96,11.12,2.0,1.0,49.96
2024-03-09,West,9.79,24.83,10.75,30.67,6.0,1.0,40.92
2024-03-10,Central,12.71,25.62,23.54,11.25,2.0,1.0,49.29
2024-03-10,East,12.08,20.96,13.08,12.67,2.0,1.0,46.88
2024-03-10,North,7.21,20.71,37.42,8.54,5.0,1.0,30.08
2024-03-10,South,8.67,18.04,12.71,9.08,2.0,1.0,36.12
2024-03-10,West,10.83,24.42,9.83,15.33,5.92,1.0,44.88
2024-03-11,Central,21.88,41.83,30.42,19.67,2.0,1.0,62.12
2024-03-11,East,23.08,37.46,21.54,12.42,2.0,1.0,63.46
2024-03-11,North,10.92,33.88,51.5,13.25,5.0,1.0,45.12
2024-03-11,South,15.46,28.33,19.92,9.29,2.0,1.0,54.58
2024-03-11,West,17.83,34.0,12.54,15.92,5.0,1.0,57.5
2024-03-12,Central,19.54,40.62,25.54,19.5,2.0,1.0,59.29
2024-03-12,East,21.25,36.21,17.21,12.38,2.0,1.0,61.38
2024-03-12,North,9.54,32.67,40.96,12.67,5.0,1.0,39.12
2024-03-12,South,15.33,27.08,17.88,9.08,2.0,1.0,54.5
2024-03-12,West,16.83,34.46,12.08,8.83,5.0,1.0,56.33
2024-03-13,Central,15.21,34.0,32.04,20.42,2.0,1.0,54.5
2024-03-13,East,19.67,35.08,21.58,12.42,2.0,1.0,59.58
2024-03-13,North,7.92,26.54,53.38,14.0,5.0,1.0,32.96
2024-03-13,South,13.46,25.88,22.17,9.79,2.0,1.0,52.62
2024-03-13,West,14.83,29.5,16.58,8.75,5.25,1.0,54.0
2024-03-14,Central,15.42,35.04,32.88,21.0,2.79,1.0,55.0
2024-03-14,East,20.38,31.96,27.54,11.25,2.0,1.0,60.17
2024-03-14,North,8.88,28.38,51.62,15.0,5.0,1.0,36.62
2024-03-14,South,12.5,27.12,22.08,9.71,2.17,1.0,51.42
2024-03-14,West,12.67,31.62,18.62,16.29,6.17,1.0,50.62
2024-03-15,Central,15.33,34.5,36.5,21.33,3.0,1.0,54.71
2024-03-15,East,21.54,32.83,30.29,14.54,2.0,1.0,61.62
2024-03-15,North,8.71,29.33,58.33,13.83,5.0,1.0,36.08
2024-03-15,South,12.46,26.54,23.33,10.46,2.12,1.0,50.75
2024-03-15,West,13.12,31.17,18.5,12.33,6.71,1.0,51.96
2024-03-16,Central,13.46,33.04,35.08,21.88,3.0,1.0,52.25
2024-03-16,East,17.38,28.04,29.75,10.46,2.0,1.0,56.92
2024-03-16,North,7.25,25.83,59.38,8.92,5.0,1.0,30.96
2024-03-16,South,10.88,25.75,23.62,9.71,3.0,1.0,45.71
2024-03-16,West,10.5,27.54,21.33,10.12,6.0,1.0,43.42
2024-03-17,Central,15.38,31.5,40.08,10.38,3.92,1.0,54.58
2024-03-17,East,20.42,30.21,29.54,8.92,2.0,1.0,60.29
2024-03-17,North,7.88,24.46,55.08,10.38,5.0,1.0,33.58
2024-03-17,South,12.58,26.38,22.38,8.62,3.0,1.0,51.21
2024-03-17,West,11.67,30.75,20.08,9.17,6.12,1.0,48.79
2024-03-18,Central,11.79,27.5,40.12,20.29,3.92,1.0,47.5
2024-03-18,East,16.58,28.92,29.71,10.5,2.0,1.0,56.08
2024-03-18,North,7.29,23.79,56.71,9.42,5.0,1.0,30.79
2024-03-18,South,11.17,21.83,23.92,9.67,2.83,1.0,46.08
2024-03-18,West,10.58,27.33,22.62,11.33,7.0,1.0,43.96
2024-03-19,Central,11.29,27.29,36.12,21.46,4.0,1.0,47.08
2024-03-19,East,13.75,25.42,30.38,10.12,2.0,1.0,52.88
2024-03-19,North,6.08,21.54,60.67,7.96,5.0,1.0,27.04
2024-03-19,South,10.5,24.54,22.12,10.67,2.0,1.0,43.79
2024-03-19,West,9.08,25.83,19.71,12.12,7.0,1.0,38.0
2024-03-20,Central,14.04,35.58,29.12,19.5,3.29,1.0,53.21
2024-03-20,East,13.38,24.0,26.79,10.04,2.0,1.0,52.25
2024-03-20,North,7.33,25.67,52.92,7.79,5.0,1.0,30.25
2024-03-20,South,11.58,26.58,17.21,9.75,2.88,1.0,47.62
2024-03-20,West,9.0,31.58,19.0,9.21,6.58,1.0,38.5
2024-03-21,Central,20.92,45.83,31.08,22.0,3.0,1.0,60.96
2024-03-21,East,17.33,29.54,32.04,10.79,2.0,1.0,56.92
2024-03-21,North,10.96,31.88,57.42,8.79,5.0,1.0,44.92
2024-03-21,South,14.96,29.17,18.71,9.38,3.0,1.0,54.04
2024-03-21,West,14.12,57.29,18.33,11.54,6.0,1.0,55.54
2024-03-22,Central,22.54,48.5,35.71,20.67,3.38,1.0,62.79
2024-03-22,East,21.29,30.42,33.96,10.21,2.0,1.0,61.5
2024-03-22,North,14.79,32.5,65.25,7.29,4.33,1.0,53.96
2024-03-22,South,17.92,35.29,21.42,9.79,3.0,1.0,57.58
2024-03-22,West,15.33,34.83,21.12,10.75,6.0,1.0,54.58
2024-03-23,Central,17.5,43.17,42.54,18.54,4.0,1.0,57.04
2024-03-23,East,14.92,23.96,33.0,12.12,2.0,1.0,54.29
2024-03-23,North,13.42,26.17,69.62,8.58,4.92,1.0,52.46
2024-03-23,South,12.79,27.71,22.46,11.38,3.0,1.0,50.5
2024-03-23,West,12.54,31.92,21.75,20.88,6.75,1.0,50.54
2024-03-24,Central,17.54,38.54,42.33,12.33,3.46,1.0,57.29
2024-03-24,East,13.92,22.42,30.75,10.92,2.0,1.0,52.96
2024-03-24,North,15.5,26.54,64.12,8.46,5.0,1.0,54.79
2024-03-24,South,11.67,24.58,20.58,15.0,3.0,1.0,48.58
2024-03-24,West,15.0,32.96,17.92,20.25,7.0,1.0,54.42
2024-03-25,Central,14.58,34.58,35.88,14.92,3.46,1.0,53.96
2024-03-25,East,13.29,21.5,32.83,10.88,2.0,1.0,51.88
2024-03-25,North,11.71,22.88,62.29,9.08,5.0,1.0,48.42
2024-03-25,South,9.42,21.29,20.92,14.04,3.0,1.0,38.92
2024-03-25,West,12.46,25.5,21.79,16.83,6.71,1.0,50.38
2024-03-26,Central,12.83,34.87,25.52,22.09,2.61,1.0,51.52
2024-03-26,East,16.09,29.35,31.39,9.7,2.0,1.0,55.52
2024-03-26,North,11.3,24.0,58.22,9.17,5.0,1.0,47.17
2024-03-26,South,10.61,23.17,17.48,10.13,3.0,1.0,44.83
2024-03-26,West,11.52,27.22,17.22,14.0,5.09,1.0,47.48
2024-03-27,Central,14.96,35.25,31.33,21.33,2.83,1.0,54.12
2024-03-27,East,16.83,28.04,26.79,11.04,2.0,1.0,56.46
2024-03-27,North,12.92,26.21,54.38,9.96,5.0,1.0,51.88
2024-03-27,South,9.33,23.17,15.96,10.25,3.0,1.0,39.0
2024-03-27,West,11.0,25.42,15.12,12.46,5.0,1.0,45.29
2024-03-28,Central,13.04,30.83,34.42,19.71,2.0,1.0,52.04
2024-03-28,East,16.12,26.5,26.08,15.42,2.0,1.0,55.62
2024-03-28,North,10.42,24.33,56.96,13.25,5.0,1.0,43.58
2024-03-28,South,10.29,22.5,13.71,11.75,3.0,1.0,42.42
2024-03-28,West,10.29,27.04,14.17,20.38,5.0,1.0,42.92
2024-03-29,Central,10.67,23.62,13.83,13.62,2.79,1.0,43.75
2024-03-29,East,10.88,18.79,13.79,17.79,2.0,1.0,43.75
2024-03-29,North,10.58,28.08,41.83,15.21,5.0,1.0,44.25
2024-03-29,South,8.33,20.21,9.12,11.29,3.12,1.0,34.62
2024-03-29,West,8.58,24.17,9.42,19.42,5.0,1.0,36.04
2024-03-30,Central,5.83,16.46,23.42,14.5,3.79,1.0,24.29
2024-03-30,East,5.62,11.08,17.25,19.75,2.0,1.0,22.88
2024-03-30,North,7.58,21.96,45.83,16.54,5.0,1.0,32.17
2024-03-30,South,5.17,12.92,12.46,11.92,4.0,1.0,20.92
2024-03-30,West,6.58,15.75,11.46,18.71,5.0,1.0,27.04
2024-03-31,Central,9.61,20.26,31.7,22.72,3.0,1.0,40.52
2024-03-31,East,9.61,19.0,31.45,24.72,2.0,1.0,39.87
2024-03-31,North,9.35,26.78,56.35,24.0,5.0,1.0,39.91
2024-03-31,South,6.43,14.35,29.0,12.39,3.52,1.0,26.87
2024-03-31,West,9.52,19.22,9.65,20.56,5.48,1.0,39.04
2024-04-01,Central,12.08,28.25,26.88,32.42,3.79,1.0,49.71
2024-04-01,East,14.54,26.33,23.71,19.92,2.0,1.0,53.79
2024-04-01,North,12.46,28.71,40.88,22.62,4.62,1.0,49.79
2024-04-01,South,11.29,20.33,19.58,16.83,4.62,1.0,46.83
2024-04-01,West,10.75,29.21,11.46,39.42,6.62,1.0,44.75
2024-04-02,Central,11.83,25.75,31.92,26.21,3.0,1.0,48.42
2024-04-02,East,11.79,22.54,22.62,26.5,2.0,1.0,47.46
2024-04-02,North,12.12,25.08,59.71,25.25,3.17,1.0,49.33
2024-04-02,South,7.96,16.42,17.0,14.25,3.08,1.0,32.83
2024-04-02,West,10.71,28.46,22.96,35.17,6.92,1.0,44.46
2024-04-03,Central,9.92,21.54,29.5,33.33,3.0,1.0,41.25
2024-04-03,East,9.75,21.88,21.79,22.5,2.0,1.0,40.5
2024-04-03,North,9.92,29.25,37.92,31.21,3.0,1.0,41.0
2024-04-03,South,6.79,14.42,15.12,14.62,3.71,1.0,28.33
2024-04-03,West,8.58,20.29,12.0,31.04,7.33,1.0,36.42
2024-04-04,Central,17.42,33.71,46.5,39.75,3.0,1.0,56.58
2024-04-04,East,14.17,29.62,29.0,35.62,2.0,1.0,51.42
2024-04-04,North,13.46,29.0,53.08,30.58,3.62,1.0,51.92
2024-04-04,South,11.88,23.12,24.29,19.67,3.42,1.0,46.46
2024-04-04,West,13.17,27.75,21.92,35.33,6.38,1.0,50.29
2024-04-05,Central,18.38,37.29,24.88,29.75,3.96,1.0,58.08
2024-04-05,East,20.88,42.75,19.79,27.71,2.0,1.0,60.79
2024-04-05,North,14.38,25.38,44.0,22.38,3.0,1.0,53.12
2024-04-05,South,14.38,25.71,17.33,17.12,3.67,1.0,53.38
2024-04-05,West,16.42,41.29,23.46,27.88,7.08,1.0,55.79
2024-04-06,Central,13.62,33.83,36.25,22.79,4.0,1.0,51.83
2024-04-06,East,11.62,24.21,31.04,13.38,2.0,1.0,45.0
2024-04-06,North,10.88,19.54,51.88,12.04,3.0,1.0,45.08
2024-04-06,South,9.17,18.83,21.58,12.33,3.0,1.0,38.21
2024-04-06,West,13.83,35.96,22.17,24.67,8.29,1.0,51.62
2024-04-07,Central,11.21,28.29,29.75,16.92,4.0,1.0,46.92
2024-04-07,East,10.0,21.38,28.54,11.17,2.0,1.0,41.96
2024-04-07,North,9.54,18.54,51.83,11.88,3.0,1.0,39.71
2024-04-07,South,7.67,17.88,20.71,9.92,3.0,1.0,31.67
2024-04-07,West,10.71,26.33,24.04,12.79,6.0,1.0,44.12
2024-04-08,Central,10.25,25.75,15.96,24.79,4.0,1.0,42.54
2024-04-08,East,9.42,21.04,20.38,24.42,2.0,1.0,39.08
2024-04-08,North,9.38,20.88,33.88,25.58,3.0,1.0,39.71
2024-04-08,South,7.54,16.96,13.54,12.83,3.79,1.0,30.71
2024-04-08,West,10.71,23.46,14.96,16.88,6.0,1.0,44.38
2024-04-09,Central,16.21,35.33,21.92,23.92,4.0,1.0,55.17
2024-04-09,East,13.38,31.71,18.96,20.67,2.0,1.0,51.21
2024-04-09,North,16.42,31.5,18.29,14.79,3.0,1.0,55.71
2024-04-09,South,12.71,25.75,11.96,14.5,4.29,1.0,50.33
2024-04-09,West,11.75,22.38,18.21,19.38,7.29,1.0,47.29
2024-04-10,Central,14.71,27.29,15.46,16.71,4.0,1.0,54.04
2024-04-10,East,10.21,22.62,17.58,12.58,2.0,1.0,42.08
2024-04-10,North,11.25,23.08,5.62,7.71,2.96,1.0,44.62
2024-04-10,South,9.38,18.71,12.5,9.62,3.0,1.0,39.17
2024-04-10,West,13.54,25.58,12.21,12.96,7.96,1.0,52.58
2024-04-11,Central,9.75,19.5,5.96,18.96,4.0,1.0,40.04
2024-04-11,East,9.79,20.71,16.04,17.54,2.0,1.0,40.92
2024-04-11,North,7.75,17.21,5.75,7.04,2.0,1.0,32.12
2024-04-11,South,8.75,19.71,10.58,11.46,3.0,1.0,35.88
2024-04-11,West,8.12,16.67,8.29,17.42,7.0,1.0,34.25
2024-04-12,Central,11.38,24.71,7.71,25.08,4.0,1.0,46.96
2024-04-12,East,11.21,23.67,19.46,18.54,2.0,1.0,46.58
2024-04-12,North,8.38,20.08,4.58,7.88,3.0,1.0,35.42
2024-04-12,South,9.12,19.67,9.25,12.17,3.0,1.0,37.83
2024-04-12,West,9.62,22.5,9.29,15.96,7.0,1.0,40.46
2024-04-13,Central,8.92,20.25,12.83,20.67,4.0,1.0,36.88
2024-04-13,East,7.79,19.75,18.5,15.21,2.0,1.0,31.96
2024-04-13,North,9.33,22.46,14.46,8.92,2.96,1.0,38.88
2024-04-13,South,7.54,16.79,11.71,12.25,3.0,1.0,31.38
2024-04-13,West,8.12,17.88,13.83,23.62,7.25,1.0,33.5
2024-04-14,Central,10.21,22.25,19.71,18.17,4.0,1.0,41.88
2024-04-14,East,7.08,17.42,20.71,13.83,2.0,1.0,29.25
2024-04-14,North,8.0,23.21,19.96,7.54,3.0,1.0,32.29
2024-04-14,South,6.54,15.96,11.71,11.96,3.0,1.0,27.58
2024-04-14,West,8.92,33.96,13.83,20.29,8.0,1.0,44.5
2024-04-15,Central,10.25,22.62,16.54,23.62,4.0,1.0,42.58
2024-04-15,East,8.17,17.71,17.42,19.21,2.0,1.0,34.25
2024-04-15,North,7.17,18.67,17.0,11.08,4.21,1.0,29.54
2024-04-15,South,6.54,15.29,12.12,14.25,3.0,1.0,27.25
2024-04-15,West,8.5,39.42,13.67,20.0,8.0,1.0,46.38
2024-04-16,Central,8.54,20.08,26.79,29.88,4.0,1.0,35.5
2024-04-16,East,7.88,18.75,7.96,29.29,2.0,1.0,32.96
2024-04-16,North,7.83,21.08,15.29,26.62,3.92,1.0,32.54
2024-04-16,South,6.75,15.67,6.92,14.58,3.46,1.0,28.17
2024-04-16,West,8.12,25.21,6.96,28.42,8.0,1.0,33.92
2024-04-17,Central,11.46,27.33,34.38,39.83,4.71,1.0,47.21
2024-04-17,East,11.12,23.79,15.67,33.62,2.0,1.0,45.79
2024-04-17,North,10.04,24.17,21.67,30.58,2.0,1.0,41.21
2024-04-17,South,7.79,18.12,11.29,17.17,6.54,1.0,32.42
2024-04-17,West,8.92,26.12,7.17,30.96,8.25,1.0,36.96
2024-04-18,Central,17.54,35.92,27.42,42.46,5.0,1.0,57.17
2024-04-18,East,13.5,31.08,21.75,40.33,2.0,1.0,52.08
2024-04-18,North,12.62,47.71,31.21,40.04,2.0,1.0,51.08
2024-04-18,South,11.04,23.17,13.25,20.12,8.75,1.0,45.79
2024-04-18,West,11.54,28.29,12.38,42.33,6.67,1.0,46.71
2024-04-19,Central,19.0,34.88,28.83,37.33,5.0,1.0,58.79
2024-04-19,East,13.42,32.08,24.62,26.25,2.0,1.01,51.62
2024-04-19,North,16.54,31.62,34.62,44.42,2.0,1.0,55.92
2024-04-19,South,10.12,21.92,18.71,18.04,4.5,1.0,41.96
2024-04-19,West,14.96,33.79,14.08,35.67,6.38,1.0,54.42
2024-04-20,Central,13.88,30.0,11.08,36.46,5.42,1.0,52.71
2024-04-20,East,7.04,16.75,8.12,44.25,2.5,1.0,29.25
2024-04-20,North,11.83,28.79,19.0,41.67,2.08,1.0,48.04
2024-04-20,South,7.75,17.29,8.75,17.67,5.42,1.0,32.62
2024-04-20,West,12.58,30.79,12.21,26.83,3.0,1.0,50.54
2024-04-21,Central,12.61,28.61,18.87,29.13,6.0,1.0,51.17
2024-04-21,East,11.39,19.48,28.3,47.39,4.61,1.04,45.61
2024-04-21,North,10.22,27.7,36.78,47.57,4.22,1.0,42.48
2024-04-21,South,9.35,17.57,16.43,19.52,6.0,1.0,38.7
2024-04-21,West,8.65,19.74,17.61,21.26,3.0,1.0,36.26
2024-04-22,Central,15.46,28.21,29.04,35.42,4.12,1.0,54.79
2024-04-22,East,21.58,31.04,25.42,40.08,4.33,1.0,61.88
2024-04-22,North,16.0,30.42,37.46,59.71,3.67,1.0,55.29
2024-04-22,South,15.42,25.42,16.46,21.12,4.83,1.0,54.62
2024-04-22,West,14.12,30.75,16.0,52.46,3.67,1.0,51.29
2024-04-23,Central,19.04,38.12,24.17,35.75,3.29,1.0,58.79
2024-04-23,East,15.96,35.62,33.12,25.79,2.29,1.0,55.38
2024-04-23,North,18.04,33.67,25.17,47.5,2.83,1.0,57.79
2024-04-23,South,13.12,22.58,14.88,20.54,3.0,1.0,50.96
2024-04-23,West,20.33,43.46,14.62,55.12,4.75,1.0,60.17
2024-04-24,Central,15.92,37.67,18.67,27.17,4.0,1.0,55.33
2024-04-24,East,11.29,27.75,26.83,23.46,2.0,1.0,46.0
2024-04-24,North,13.0,30.96,30.54,39.33,2.0,1.0,51.92
2024-04-24,South,8.88,19.88,16.62,17.75,3.21,1.0,36.92
2024-04-24,West,16.71,36.75,14.96,38.33,6.5,1.0,55.79
2024-04-25,Central,9.33,23.62,19.54,30.04,4.0,1.0,38.83
2024-04-25,East,8.75,21.08,11.33,24.04,2.0,1.0,36.71
2024-04-25,North,8.71,40.17,33.62,35.33,2.0,1.0,46.67
2024-04-25,South,6.96,16.29,14.96,15.96,3.25,1.0,28.5
2024-04-25,West,8.38,21.67,13.5,32.75,6.71,1.0,34.96
2024-04-26,Central,15.62,32.54,26.58,38.33,4.0,1.0,54.79
2024-04-26,East,12.38,28.75,26.62,26.46,2.0,1.0,50.25
2024-04-26,North,10.54,42.54,38.25,44.12,2.0,1.0,49.62
2024-04-26,South,10.79,23.25,12.88,20.38,3.83,1.0,45.12
2024-04-26,West,14.38,36.04,15.25,44.83,3.42,1.0,51.0
2024-04-27,Central,14.26,33.21,20.89,37.79,4.0,1.0,53.47
2024-04-27,East,10.53,24.95,55.21,23.58,2.0,1.0,43.42
2024-04-27,North,10.37,26.68,50.79,47.16,2.0,1.0,43.0
2024-04-27,South,9.79,20.79,17.58,17.53,4.0,1.0,41.05
2024-04-27,West,18.42,40.11,19.89,41.89,4.21,1.0,58.05
2024-04-28,Central,12.62,26.54,20.54,19.29,4.92,1.0,49.38
2024-04-28,East,7.29,19.75,40.38,20.96,2.75,1.0,30.33
2024-04-28,North,10.75,26.08,23.0,36.21,2.83,1.0,44.58
2024-04-28,South,7.08,14.33,10.0,13.5,3.83,1.0,29.29
2024-04-28,West,12.0,23.54,12.0,26.42,4.71,1.0,47.42
2024-04-29,Central,7.38,17.71,22.75,22.21,4.46,1.0,31.12
2024-04-29,East,7.21,14.0,8.62,23.42,13.46,1.0,30.54
2024-04-29,North,6.96,16.92,27.17,23.0,2.38,1.0,28.5
2024-04-29,South,5.42,13.0,9.25,15.0,4.08,1.0,22.38
2024-04-29,West,7.54,17.21,7.17,33.04,4.5,1.0,31.83
2024-04-30,Central,8.29,21.04,20.33,27.29,5.0,1.0,34.75
2024-04-30,East,6.62,15.21,11.12,19.71,11.67,1.0,27.71
2024-04-30,North,8.04,18.83,30.25,33.54,3.67,1.0,33.33
2024-04-30,South,6.88,14.42,11.88,15.96,4.79,1.0,28.96
2024-04-30,West,10.21,24.38,9.96,34.38,5.08,1.0,42.67
2024-05-01,Central,9.38,19.67,17.67,22.5,5.0,1.0,38.75
2024-05-01,East,7.08,17.46,31.58,19.46,4.17,1.0,30.29
2024-05-01,North,7.67,17.46,21.42,34.08,3.21,1.0,31.46
2024-05-01,South,6.67,16.04,8.83,14.0,5.0,1.0,28.08
2024-05-01,West,10.67,22.79,8.25,24.75,7.83,1.0,44.33
2024-05-02,Central,8.38,17.38,17.42,41.08,5.0,1.0,34.67
2024-05-02,East,5.75,13.88,24.92,27.75,3.79,1.0,23.96
2024-05-02,North,9.75,28.67,20.62,39.54,4.0,1.0,42.0
2024-05-02,South,5.04,13.29,7.62,15.38,4.33,1.0,22.38
2024-05-02,West,8.71,17.96,9.17,32.88,3.62,1.0,36.25
2024-05-03,Central,18.25,35.38,20.33,42.96,5.0,1.0,57.96
2024-05-03,East,9.75,22.04,23.33,26.04,2.46,1.0,39.75
2024-05-03,North,14.79,32.0,19.08,52.29,4.0,1.0,53.67
2024-05-03,South,8.54,17.08,7.46,18.08,4.71,1.0,35.5
2024-05-03,West,15.67,35.5,7.5,45.67,3.96,1.0,54.75
2024-05-04,Central,15.46,32.12,20.17,33.0,5.0,1.0,54.62
2024-05-04,East,7.58,16.5,9.29,38.0,2.0,1.0,30.83
2024-05-04,North,11.62,20.75,14.54,38.0,4.0,1.0,47.17
2024-05-04,South,7.96,15.67,7.33,16.75,4.21,1.0,33.38
2024-05-04,West,14.12,28.38,8.08,25.38,3.96,1.0,52.5
2024-05-05,Central,9.46,21.62,24.62,25.46,6.12,1.0,39.33
2024-05-05,East,11.67,18.46,9.04,30.33,3.62,1.0,47.83
2024-05-05,North,9.62,17.54,33.71,35.71,5.08,1.0,40.08
2024-05-05,South,7.0,16.46,7.38,14.12,4.96,1.0,29.25
2024-05-05,West,6.79,13.46,10.17,21.92,4.17,1.0,28.0
2024-05-06,Central,6.88,17.5,22.79,25.5,6.62,1.0,28.5
2024-05-06,East,7.38,14.12,9.67,27.88,2.08,1.0,30.5
2024-05-06,North,7.29,16.04,24.58,33.29,6.46,1.0,30.21
2024-05-06,South,6.17,15.5,10.62,14.5,3.67,1.0,26.29
2024-05-06,West,7.46,16.71,10.92,37.25,5.71,1.0,30.67
2024-05-07,Central,7.12,18.25,20.92,39.75,5.0,1.0,29.21
2024-05-07,East,7.21,14.17,11.21,36.42,2.0,1.0,29.96
2024-05-07,North,7.33,16.62,19.33,46.83,3.42,1.0,30.67
2024-05-07,South,5.62,13.75,9.38,18.67,3.46,1.0,23.5
2024-05-07,West,11.29,24.46,6.71,42.12,6.12,1.0,46.12
2024-05-08,Central,17.79,37.54,24.71,56.75,6.04,1.0,57.46
2024-05-08,East,13.46,30.33,21.21,117.83,2.46,1.0,51.42
2024-05-08,North,12.46,21.58,31.25,55.75,3.0,1.0,50.71
2024-05-08,South,12.71,22.46,10.46,24.88,5.38,1.0,49.79
2024-05-08,West,15.58,36.17,11.08,38.42,5.29,1.0,54.88
2024-05-09,Central,14.46,31.21,36.67,21.88,3.46,1.0,52.38
2024-05-09,East,11.46,22.62,54.12,26.33,3.0,1.0,46.79
2024-05-09,North,12.5,22.25,37.83,35.17,3.0,1.0,50.58
2024-05-09,South,9.96,17.67,19.71,16.42,5.96,1.0,41.17
2024-05-09,West,11.5,25.42,17.08,40.21,6.38,1.0,47.42
2024-05-10,Central,8.17,19.5,33.04,13.62,2.0,1.0,33.71
2024-05-10,East,9.58,23.42,30.25,20.46,2.5,1.0,39.46
2024-05-10,North,8.33,17.29,32.33,24.96,3.33,1.0,33.96
2024-05-10,South,7.21,15.08,14.17,15.62,4.0,1.0,30.0
2024-05-10,West,9.83,20.67,13.33,36.67,6.54,1.0,40.71
2024-05-11,Central,15.04,29.54,23.96,12.25,2.0,1.0,54.21
2024-05-11,East,12.62,27.71,16.25,23.67,2.67,1.0,50.46
2024-05-11,North,10.83,22.83,20.38,26.0,5.62,1.0,45.21
2024-05-11,South,9.25,20.92,9.46,16.88,4.29,1.0,38.29
2024-05-11,West,13.04,30.42,10.5,32.33,6.21,1.0,51.12
2024-05-12,Central,11.21,24.38,27.54,11.08,3.0,1.0,45.62
2024-05-12,East,10.17,22.96,22.96,21.04,3.0,1.0,41.79
2024-05-12,North,8.62,19.0,23.25,30.5,4.5,1.0,35.83
2024-05-12,South,7.79,16.88,9.33,14.62,4.0,1.0,32.54
2024-05-12,West,9.5,23.42,7.75,29.58,4.42,1.0,39.71
2024-05-13,Central,10.04,25.67,25.08,16.96,3.96,1.0,42.17
2024-05-13,East,8.96,18.46,20.54,39.75,3.83,1.0,36.58
2024-05-13,North,11.0,20.17,21.21,37.79,3.04,1.0,44.96
2024-05-13,South,6.17,14.75,9.5,16.92,4.08,1.0,26.04
2024-05-13,West,9.54,19.83,10.79,38.42,4.96,1.0,39.62
2024-05-14,Central,12.71,30.04,40.54,22.0,3.0,1.0,51.08
2024-05-14,East,16.21,28.96,20.5,50.5,3.17,1.0,55.71
2024-05-14,North,11.0,20.79,41.67,44.54,3.0,1.0,45.0
2024-05-14,South,10.04,20.79,21.25,21.62,3.33,1.0,41.71
2024-05-14,West,10.79,21.62,22.0,28.58,4.62,1.0,45.0
2024-05-15,Central,15.12,32.25,20.67,24.12,3.17,1.0,54.38
2024-05-15,East,19.42,28.46,21.33,44.33,4.0,1.0,59.38
2024-05-15,North,11.38,22.42,20.46,56.62,3.46,1.0,47.25
2024-05-15,South,11.58,22.71,13.62,19.29,3.71,1.0,48.12
2024-05-15,West,13.5,24.21,11.5,52.08,4.29,1.0,52.08
2024-05-16,Central,16.08,32.12,13.38,12.62,2.46,1.0,55.54
2024-05-16,East,12.58,22.29,17.67,30.67,3.25,1.0,47.92
2024-05-16,North,13.58,23.83,12.5,37.88,3.83,1.0,52.71
2024-05-16,South,8.83,18.54,9.46,16.0,3.0,1.0,36.83
2024-05-16,West,12.08,24.46,8.92,41.71,5.04,1.0,48.83
2024-05-17,Central,13.33,32.42,8.83,14.25,2.29,1.0,52.0
2024-05-17,East,11.75,28.0,11.12,33.38,3.58,1.0,47.04
2024-05-17,North,12.08,22.12,12.83,33.83,4.0,1.0,49.62
2024-05-17,South,10.38,20.88,7.54,17.04,3.71,1.0,43.0
2024-05-17,West,10.67,22.12,9.0,29.29,6.12,1.0,44.96
2024-05-18,Central,15.33,34.92,11.79,13.62,2.04,1.0,54.75
2024-05-18,East,14.67,22.38,7.71,34.29,4.0,1.0,53.71
2024-05-18,North,12.67,22.92,15.12,33.17,3.12,1.0,51.42
2024-05-18,South,11.17,20.75,9.08,16.17,4.46,1.0,46.46
2024-05-18,West,12.17,25.54,10.83,33.04,6.58,1.0,49.67
2024-05-19,Central,10.88,23.17,9.42,10.92,2.96,1.0,44.33
2024-05-19,East,10.08,17.25,13.5,20.58,4.38,1.0,40.92
2024-05-19,North,8.46,17.04,15.71,20.71,3.0,1.0,35.29
2024-05-19,South,8.5,16.67,9.08,12.29,3.33,1.0,35.46
2024-05-19,West,9.54,18.96,9.38,25.08,6.71,1.0,40.0
2024-05-20,Central,5.38,13.79,10.08,13.96,2.04,1.0,21.83
2024-05-20,East,5.46,10.88,10.0,27.42,3.5,1.0,22.62
2024-05-20,North,4.96,10.88,14.79,26.08,3.29,1.0,20.38
2024-05-20,South,5.21,12.58,8.92,12.92,3.0,1.0,21.04
2024-05-20,West,5.96,12.67,4.42,37.83,6.08,1.0,24.33
2024-05-21,Central,7.38,20.29,15.17,11.33,2.38,1.0,30.83
2024-05-21,East,6.75,13.71,14.5,23.42,3.0,1.0,28.33
2024-05-21,North,6.38,12.08,15.12,30.17,4.83,1.0,26.54
2024-05-21,South,5.62,13.46,9.29,13.25,3.0,1.0,23.46
2024-05-21,West,7.12,16.12,7.54,32.71,5.96,1.0,29.46
2024-05-22,Central,11.38,25.12,14.38,15.79,3.0,1.0,47.21
2024-05-22,East,7.12,21.58,9.88,30.21,3.0,1.0,30.33
2024-05-22,North,11.21,19.92,10.88,33.88,6.54,1.0,46.33
2024-05-22,South,8.75,17.46,5.71,16.38,4.58,1.0,36.83
2024-05-22,West,11.88,23.92,6.62,29.25,6.0,1.0,48.29
2024-05-23,Central,12.29,25.67,26.54,23.0,3.0,1.0,50.62
2024-05-23,East,7.46,20.29,14.29,29.12,3.0,1.0,30.21
2024-05-23,North,8.92,15.92,22.46,38.0,5.67,1.0,37.25
2024-05-23,South,8.42,16.58,8.67,14.21,6.17,1.0,34.5
2024-05-23,West,10.21,20.17,10.04,38.33,6.0,1.0,42.42
2024-05-24,Central,14.17,28.29,57.88,38.04,3.0,1.0,53.38
2024-05-24,East,9.42,24.12,16.04,47.75,3.0,1.0,38.67
2024-05-24,North,10.46,17.88,35.83,44.5,5.0,1.0,43.33
2024-05-24,South,10.21,19.83,9.46,21.08,3.71,1.0,42.46
2024-05-24,West,12.46,23.88,15.88,57.17,5.5,1.0,50.83
2024-05-25,Central,15.92,33.75,82.92,21.88,3.0,1.0,61.17
2024-05-25,East,10.79,28.42,13.5,37.0,3.0,1.0,46.0
2024-05-25,North,9.92,21.88,20.0,43.12,5.0,1.0,41.17
2024-05-25,South,11.42,19.88,7.79,20.54,3.79,1.0,47.54
2024-05-25,West,15.29,27.0,11.0,58.46,6.92,1.0,54.67
2024-05-26,Central,8.82,22.73,62.14,17.91,3.0,1.0,37.09
2024-05-26,East,6.82,17.5,18.09,24.36,3.0,1.0,28.73
2024-05-26,North,6.23,13.0,24.36,32.41,3.82,1.0,26.41
2024-05-26,South,6.95,15.55,10.32,15.73,3.0,1.0,29.0
2024-05-26,West,9.82,19.91,12.59,40.68,5.23,1.0,40.86
2024-05-27,Central,7.12,17.42,56.12,14.75,3.0,1.0,29.38
2024-05-27,East,6.83,16.67,19.67,21.79,3.75,1.0,28.62
2024-05-27,North,5.75,12.08,24.5,27.17,3.0,1.0,23.46
2024-05-27,South,6.38,12.42,11.21,13.29,3.0,1.0,26.38
2024-05-27,West,9.0,17.21,11.21,38.75,6.67,1.0,36.92
2024-05-28,Central,10.79,23.58,15.04,19.38,2.25,1.0,44.08
2024-05-28,East,8.96,24.25,14.62,25.88,2.75,1.0,36.96
2024-05-28,North,7.88,14.96,18.46,29.96,2.46,1.0,33.0
2024-05-28,South,8.08,15.71,5.96,14.5,2.79,1.0,33.83
2024-05-28,West,11.33,22.75,8.38,34.58,8.17,1.0,46.33
2024-05-29,Central,17.42,36.46,15.88,20.29,2.33,1.0,57.08
2024-05-29,East,11.42,30.54,14.88,24.33,2.0,1.0,47.5
2024-05-29,North,13.25,23.83,19.33,27.67,2.75,1.0,51.88
2024-05-29,South,12.79,23.21,7.25,15.25,3.0,1.0,51.12
2024-05-29,West,16.21,31.88,9.29,28.04,7.75,1.0,55.67
2024-05-30,Central,11.33,27.38,16.25,14.5,3.0,1.0,46.42
2024-05-30,East,9.75,26.04,14.71,21.04,2.0,1.0,40.92
2024-05-30,North,9.71,18.5,20.67,24.17,2.21,1.0,40.54
2024-05-30,South,8.71,20.83,6.21,13.08,3.0,1.0,35.54
2024-05-30,West,12.25,24.12,10.29,28.92,8.42,1.0,48.25
2024-05-31,Central,10.96,23.92,14.29,17.92,2.12,1.0,45.42
2024-05-31,East,7.33,20.12,15.38,27.92,2.0,1.0,30.83
2024-05-31,North,8.54,15.58,20.92,36.0,2.08,1.0,35.5
2024-05-31,South,8.79,20.0,6.75,15.62,3.79,1.0,36.58
2024-05-31,West,11.5,22.38,10.67,34.75,8.08,1.0,47.83
2024-06-01,Central,11.04,24.42,19.58,18.42,2.0,1.0,46.42
2024-06-01,East,9.12,25.25,9.75,26.46,2.0,1.0,37.71
2024-06-01,North,9.46,17.71,14.79,32.38,2.25,1.0,39.46
2024-06-01,South,9.67,18.96,5.29,14.46,3.92,1.0,40.17
2024-06-01,West,11.33,23.17,9.67,29.79,6.58,1.0,47.0
2024-06-02,Central,10.12,21.08,49.04,13.54,2.58,1.0,43.67
2024-06-02,East,7.46,18.08,5.21,26.96,2.0,1.0,30.92
2024-06-02,North,8.54,14.88,18.08,35.92,2.71,1.0,35.79
2024-06-02,South,7.96,16.33,5.71,14.12,3.25,1.0,33.29
2024-06-02,West,10.21,17.88,10.75,23.08,4.58,1.0,42.75
2024-06-03,Central,10.46,22.08,29.58,26.33,3.75,1.0,45.71
2024-06-03,East,7.46,17.92,17.08,34.21,2.46,1.0,31.62
2024-06-03,North,8.42,15.92,30.17,42.29,2.96,1.0,35.0
2024-06-03,South,7.83,14.46,10.12,16.04,4.17,1.0,32.62
2024-06-03,West,10.33,18.83,14.54,34.46,5.58,1.0,43.12
2024-06-04,Central,13.25,30.42,6.67,28.75,3.25,1.0,51.71
2024-06-04,East,11.58,25.38,21.67,32.88,2.5,1.0,48.04
2024-06-04,North,9.92,18.54,28.46,41.38,2.88,1.0,41.46
2024-06-04,South,9.88,19.25,13.67,17.79,4.5,1.0,41.54
2024-06-04,West,13.46,22.12,16.17,33.5,7.29,1.0,52.29
2024-06-05,Central,12.33,26.92,6.58,23.58,2.75,1.0,49.38
2024-06-05,East,9.54,21.08,11.42,25.79,2.0,1.0,39.67
2024-06-05,North,13.0,22.62,27.12,41.21,2.96,1.0,51.5
2024-06-05,South,7.88,15.33,10.88,15.29,4.0,1.0,32.5
2024-06-05,West,13.17,22.79,14.5,36.21,7.21,1.0,52.17
2024-06-06,Central,9.38,19.92,6.29,24.54,2.67,1.0,39.12
2024-06-06,East,8.29,17.96,5.04,28.42,2.0,1.0,33.83
2024-06-06,North,7.79,15.29,29.0,31.71,2.29,1.0,32.17
2024-06-06,South,7.25,14.38,11.38,14.58,4.75,1.0,30.92
2024-06-06,West,10.0,18.08,15.12,30.62,7.46,1.0,41.71
2024-06-07,Central,15.54,31.42,3.75,45.29,2.54,1.0,54.0
2024-06-07,East,16.04,30.21,7.96,45.38,2.0,1.0,55.5
2024-06-07,North,11.67,21.04,17.25,60.38,2.0,1.0,46.42
2024-06-07,South,10.12,21.54,8.42,19.83,4.25,1.0,42.29
2024-06-07,West,13.92,21.96,10.92,42.71,4.38,1.0,51.79
2024-06-08,Central,17.38,35.12,8.0,30.71,2.0,1.0,56.83
2024-06-08,East,11.42,29.54,11.92,39.75,2.0,1.0,47.0
2024-06-08,North,13.25,22.12,19.5,55.38,2.0,1.0,52.25
2024-06-08,South,10.79,22.17,10.38,18.79,3.83,1.0,44.83
2024-06-08,West,17.5,26.58,13.42,34.83,5.5,1.0,57.04
2024-06-09,Central,15.42,29.92,8.5,21.92,2.79,1.0,54.83
2024-06-09,East,10.17,25.12,2.08,21.58,2.0,1.0,42.29
2024-06-09,North,11.75,24.29,22.25,36.04,2.25,1.0,48.12
2024-06-09,South,9.67,19.04,9.5,14.08,3.96,1.0,40.42
2024-06-09,West,15.88,26.92,12.17,36.75,5.46,1.0,55.5
2024-06-10,Central,12.96,25.5,14.92,26.14,3.0,1.0,52.0
2024-06-10,East,8.25,21.96,3.71,24.5,2.54,1.0,34.79
2024-06-10,North,9.17,15.58,25.25,35.5,3.0,1.0,37.96
2024-06-10,South,7.12,16.42,11.17,14.41,3.0,1.0,29.92
2024-06-10,West,11.75,18.96,14.42,31.41,5.29,1.0,48.67
2024-06-11,Central,18.42,40.0,64.73,30.19,2.21,1.0,58.16
2024-06-11,East,11.32,30.05,11.2,29.69,2.58,1.0,46.63
2024-06-11,North,13.37,27.32,40.67,35.38,3.0,1.0,51.11
2024-06-11,South,12.37,24.47,20.73,20.31,3.0,1.0,49.42
2024-06-11,West,19.0,31.47,23.07,43.25,7.21,1.0,58.79
2024-06-12,Central,15.54,35.96,50.83,36.33,2.0,1.0,54.79
2024-06-12,East,12.29,28.0,4.62,40.5,2.79,1.0,50.83
2024-06-12,North,12.38,22.75,22.83,36.17,2.46,1.0,50.62
2024-06-12,South,11.67,24.67,9.88,20.5,3.33,1.0,48.38
2024-06-12,West,19.92,32.29,8.88,53.33,7.08,1.0,59.79
2024-06-13,Central,16.96,35.58,49.54,41.71,2.0,1.0,56.5
2024-06-13,East,14.0,34.42,9.75,41.21,3.67,1.0,53.04
2024-06-13,North,12.21,21.88,38.08,30.92,2.54,1.0,49.58
2024-06-13,South,11.12,21.71,14.46,21.38,3.42,1.0,46.04
2024-06-13,West,17.67,27.46,15.92,45.92,6.88,1.0,57.17
2024-06-14,Central,17.71,34.33,42.17,36.58,2.08,1.0,57.42
2024-06-14,East,12.12,27.21,8.71,32.75,2.54,1.0,48.25
2024-06-14,North,14.0,25.54,19.83,38.29,3.0,1.0,53.25
2024-06-14,South,9.79,21.12,12.71,19.33,4.0,1.0,40.88
2024-06-14,West,18.88,26.79,14.29,43.88,5.88,1.0,58.71
2024-06-15,Central,20.54,38.92,21.04,33.67,2.0,1.0,60.54
2024-06-15,East,14.38,36.04,8.08,39.08,3.0,1.0,53.58
2024-06-15,North,15.96,35.0,16.08,26.04,3.54,1.0,55.33
2024-06-15,South,15.67,31.25,10.08,22.88,4.17,1.0,54.96
2024-06-15,West,23.71,33.71,13.0,37.0,5.0,1.0,64.04
2024-06-16,Central,16.5,32.67,27.79,19.08,3.25,1.0,55.83
2024-06-16,East,11.88,31.62,11.71,21.38,3.0,1.0,48.33
2024-06-16,North,12.04,25.21,37.96,25.67,3.46,1.0,48.21
2024-06-16,South,11.62,21.88,15.71,16.42,4.79,1.0,46.79
2024-06-16,West,15.42,22.25,19.46,30.29,5.88,1.0,54.67
2024-06-17,Central,9.92,22.58,29.12,13.67,4.75,1.0,41.96
2024-06-17,East,8.33,21.25,13.5,21.71,2.42,1.0,35.33
2024-06-17,North,8.92,15.79,32.58,19.67,3.0,1.0,36.79
2024-06-17,South,8.46,17.71,14.62,15.0,4.79,1.0,35.0
2024-06-17,West,10.62,16.54,20.58,12.67,6.5,1.0,44.71
2024-06-18,Central,9.5,23.46,16.67,23.54,6.96,1.0,39.75
2024-06-18,East,8.83,20.62,8.04,27.83,2.79,1.0,37.33
2024-06-18,North,9.92,18.21,19.29,26.67,3.0,1.0,41.58
2024-06-18,South,7.67,19.46,9.58,16.21,7.0,1.0,32.62
2024-06-18,West,9.29,15.71,13.42,29.12,5.92,1.0,38.96
2024-06-19,Central,16.62,32.96,14.04,27.71,3.42,1.0,56.42
2024-06-19,East,12.42,32.29,7.88,26.71,2.0,1.0,50.75
2024-06-19,North,11.92,19.88,20.04,22.42,2.42,1.0,50.25
2024-06-19,South,10.17,20.12,9.62,14.62,4.29,1.0,42.71
2024-06-19,West,14.54,23.92,10.25,32.54,5.75,1.0,53.08
2024-06-20,Central,17.08,33.83,13.46,24.5,3.58,1.0,56.75
2024-06-20,East,11.33,30.04,6.88,26.71,2.0,1.0,46.71
2024-06-20,North,14.12,23.96,23.21,25.0,3.17,1.0,53.67
2024-06-20,South,10.96,22.29,7.96,15.92,3.83,1.0,45.58
2024-06-20,West,15.42,26.42,10.71,28.33,6.12,1.0,54.62
2024-06-21,Central,9.88,22.0,15.17,26.33,4.0,1.0,40.17
2024-06-21,East,8.46,20.5,9.54,19.83,3.5,1.0,35.33
2024-06-21,North,9.5,23.83,15.0,21.0,3.75,1.0,38.46
2024-06-21,South,9.67,21.08,8.92,13.96,4.71,1.0,40.04
2024-06-21,West,9.5,17.92,13.12,24.25,6.83,1.0,39.0
2024-06-22,Central,9.25,19.17,12.83,24.62,4.29,1.0,38.75
2024-06-22,East,7.21,16.83,7.08,23.67,2.83,1.0,29.88
2024-06-22,North,6.46,16.04,7.17,17.38,3.0,1.0,26.92
2024-06-22,South,9.62,21.25,7.96,12.71,4.46,1.0,39.62
2024-06-22,West,8.96,14.5,11.79,26.42,6.08,1.0,37.58
2024-06-23,Central,11.95,25.27,16.27,15.32,4.86,1.0,46.86
2024-06-23,East,7.86,19.59,8.5,19.82,2.91,1.0,32.77
2024-06-23,North,8.18,19.91,10.09,13.59,3.0,1.0,33.68
2024-06-23,South,8.64,18.41,20.45,12.55,4.73,1.0,35.77
2024-06-23,West,9.77,17.18,15.73,19.82,6.86,1.0,38.95
2024-06-24,Central,16.29,34.71,14.54,21.62,3.12,1.0,55.75
2024-06-24,East,10.88,32.42,11.04,22.33,2.42,1.0,45.04
2024-06-24,North,10.83,25.5,9.62,20.0,3.0,1.0,45.0
2024-06-24,South,13.67,26.12,30.25,12.46,4.0,1.0,52.71
2024-06-24,West,18.42,30.38,17.88,29.21,8.75,1.0,58.12
2024-06-25,Central,14.5,31.46,14.79,21.62,3.0,1.0,53.33
2024-06-25,East,10.29,28.62,8.46,18.42,2.0,1.0,43.04
2024-06-25,North,10.38,26.5,7.62,16.08,3.0,1.0,42.88
2024-06-25,South,10.54,21.79,13.33,14.5,3.88,1.0,44.0
2024-06-25,West,16.92,28.17,10.25,35.25,6.79,1.0,56.33
2024-06-26,Central,7.21,19.5,13.75,16.83,2.29,1.0,30.12
2024-06-26,East,7.96,20.38,9.12,20.96,2.0,1.0,32.71
2024-06-26,North,9.04,17.62,10.04,14.5,3.0,1.0,37.38
2024-06-26,South,6.71,16.46,13.38,15.12,3.0,1.0,27.96
2024-06-26,West,12.46,21.38,10.5,30.12,6.29,1.0,49.75
2024-06-27,Central,11.96,25.67,11.12,25.88,2.33,1.0,47.21
2024-06-27,East,10.42,25.83,5.88,27.46,2.0,1.0,43.54
2024-06-27,North,10.83,27.12,8.62,18.42,3.0,1.0,45.29
2024-06-27,South,9.0,20.83,6.88,15.79,3.96,1.0,37.5
2024-06-27,West,12.29,19.33,8.46,32.71,5.0,1.0,49.88
2024-06-28,Central,11.79,26.67,11.67,26.71,2.88,1.0,48.08
2024-06-28,East,8.42,21.38,7.25,28.17,2.0,1.0,34.71
2024-06-28,North,8.62,19.71,9.21,15.62,3.0,1.0,35.33
2024-06-28,South,8.33,17.54,8.25,17.21,4.42,1.0,35.21
2024-06-28,West,13.42,22.29,7.58,41.75,5.42,1.0,52.46
2024-06-29,Central,14.79,31.67,11.75,27.29,2.38,1.0,53.92
2024-06-29,East,8.17,19.46,6.17,27.75,2.08,1.0,34.79
2024-06-29,North,11.21,25.58,7.25,19.62,3.0,1.0,46.75
2024-06-29,South,10.54,20.79,7.33,16.21,5.04,1.0,43.38
2024-06-29,West,14.5,25.21,8.42,36.92,5.96,1.0,53.75
2024-06-30,Central,11.0,23.29,10.04,20.88,3.54,1.0,44.46
2024-06-30,East,7.96,16.88,5.38,30.21,2.38,1.0,33.29
2024-06-30,North,8.5,21.08,5.71,19.42,3.0,1.0,35.58
2024-06-30,South,8.08,15.83,6.46,14.42,7.42,1.0,33.5
2024-06-30,West,12.04,20.58,7.12,25.54,6.58,1.0,48.62
2024-07-01,Central,11.12,24.25,14.75,36.79,3.54,1.0,43.25
2024-07-01,East,9.0,21.92,10.5,41.0,4.38,1.0,38.04
2024-07-01,North,11.12,27.08,8.71,25.08,3.0,1.0,44.71
2024-07-01,South,9.83,17.67,10.54,18.67,7.38,1.0,39.71
2024-07-01,West,9.96,17.25,8.62,43.67,5.38,1.0,39.92
2024-07-02,Central,23.62,42.62,8.75,31.04,2.04,1.0,64.0
2024-07-02,East,13.12,32.29,11.92,35.38,2.92,1.0,52.12
2024-07-02,North,14.17,29.75,6.46,26.88,3.0,1.0,53.5
2024-07-02,South,14.5,23.75,8.79,17.29,3.92,1.0,53.17
2024-07-02,West,25.21,35.33,7.54,48.46,6.29,1.0,65.79
2024-07-03,Central,14.46,29.38,10.46,28.5,2.0,1.0,53.21
2024-07-03,East,9.25,21.92,12.42,27.17,2.0,1.0,38.83
2024-07-03,North,9.88,21.62,7.04,20.29,3.0,1.0,41.21
2024-07-03,South,8.42,16.29,9.88,15.67,2.46,1.0,34.96
2024-07-03,West,15.08,23.62,9.08,33.25,6.38,1.0,54.0
2024-07-04,Central,12.75,27.54,19.75,19.79,2.08,1.0,50.17
2024-07-04,East,9.33,20.96,25.0,18.75,2.0,1.0,38.58
2024-07-04,North,8.67,18.88,14.25,13.67,3.0,1.0,36.17
2024-07-04,South,8.75,19.79,13.62,14.25,2.38,1.0,36.79
2024-07-04,West,14.04,21.92,13.58,33.38,7.88,1.0,53.12
2024-07-05,Central,14.88,27.75,13.29,35.38,2.38,1.0,53.79
2024-07-05,East,10.79,22.67,18.83,30.71,2.62,1.0,45.33
2024-07-05,North,9.54,19.96,9.04,27.62,3.0,1.0,39.79
2024-07-05,South,8.83,20.04,10.83,18.96,3.71,1.0,37.04
2024-07-05,West,16.88,30.42,8.62,43.25,7.33,1.0,56.5
2024-07-06,Central,23.71,40.5,20.46,27.25,3.0,1.0,64.21
2024-07-06,East,16.33,37.67,28.17,35.79,4.08,1.0,55.88
2024-07-06,North,16.96,36.12,12.88,24.79,3.0,1.0,56.62
2024-07-06,South,15.42,27.54,14.0,20.62,7.58,1.0,53.88
2024-07-06,West,23.0,37.21,14.83,27.12,6.88,1.0,63.33
2024-07-07,Central,15.67,29.83,17.46,16.42,4.54,1.0,55.0
2024-07-07,East,15.08,32.29,28.62,29.04,5.21,1.0,54.38
2024-07-07,North,13.25,24.58,14.29,18.04,3.0,1.0,50.54
2024-07-07,South,15.33,27.04,17.21,16.42,7.88,1.0,53.96
2024-07-07,West,14.75,22.58,15.08,33.17,7.42,1.0,53.92
2024-07-08,Central,9.88,17.75,10.67,27.62,8.54,1.0,41.38
2024-07-08,East,10.62,21.21,13.0,35.96,5.58,1.0,43.96
2024-07-08,North,9.67,18.88,6.25,24.83,3.0,1.0,40.25
2024-07-08,South,9.5,17.71,7.17,18.54,9.67,1.0,39.12
2024-07-08,West,14.96,21.38,8.5,34.12,7.96,1.0,54.38
2024-07-09,Central,9.33,20.54,16.0,20.5,4.54,1.0,38.96
2024-07-09,East,8.92,18.75,12.04,31.29,5.88,1.0,36.67
2024-07-09,North,9.83,20.08,6.29,19.33,3.0,1.0,40.62
2024-07-09,South,6.75,15.62,7.38,16.29,8.21,1.0,28.33
2024-07-09,West,12.5,20.79,7.04,37.04,8.21,1.0,50.79
2024-07-10,Central,9.33,21.75,17.75,25.25,2.0,1.0,38.71
2024-07-10,East,7.71,15.5,13.75,24.54,3.08,1.0,31.54
2024-07-10,North,7.79,16.67,6.62,17.54,3.0,1.0,32.58
2024-07-10,South,6.21,14.79,8.17,14.33,3.5,1.0,26.21
2024-07-10,West,9.71,17.92,8.58,28.29,8.92,1.0,40.5
2024-07-11,Central,10.83,24.0,19.25,31.04,2.0,1.0,45.04
2024-07-11,East,8.75,18.46,18.71,20.38,3.0,1.0,36.62
2024-07-11,North,8.88,17.79,9.58,16.25,2.88,1.0,36.79
2024-07-11,South,8.25,17.71,10.92,13.0,2.29,1.0,34.08
2024-07-11,West,12.0,18.96,12.54,30.21,6.5,1.0,49.25
2024-07-12,Central,11.79,27.58,18.12,39.62,2.5,1.0,49.0
2024-07-12,East,11.71,25.67,18.58,28.67,2.42,1.0,48.38
2024-07-12,North,9.62,17.79,9.67,22.83,2.0,1.0,40.38
2024-07-12,South,8.79,17.71,11.33,13.79,2.0,1.0,36.58
2024-07-12,West,13.17,22.25,10.0,32.96,11.29,1.0,52.17
2024-07-13,Central,12.29,29.21,18.54,35.25,3.33,1.0,49.71
2024-07-13,East,10.21,24.71,21.08,25.88,2.5,1.0,42.67
2024-07-13,North,10.21,18.08,13.25,21.83,2.79,1.12,42.5
2024-07-13,South,10.46,23.08,14.17,15.33,3.04,1.0,42.83
2024-07-13,West,17.46,26.67,14.96,32.12,7.71,1.0,56.96
2024-07-14,Central,20.04,42.29,35.17,24.92,2.83,1.0,60.0
2024-07-14,East,16.29,40.42,39.25,18.62,3.08,1.0,55.75
2024-07-14,North,14.67,25.38,18.92,10.71,2.62,1.0,53.83
2024-07-14,South,17.54,31.38,23.83,12.92,2.29,1.0,57.04
2024-07-14,West,22.5,34.62,25.25,28.04,9.0,1.0,62.88
2024-07-15,Central,23.33,43.96,31.62,32.46,3.38,1.0,63.83
2024-07-15,East,17.5,42.08,40.33,21.25,4.62,1.0,57.04
2024-07-15,North,15.25,31.17,18.21,16.88,2.88,1.0,54.42
2024-07-15,South,17.88,29.12,23.54,12.79,2.0,1.0,57.54
2024-07-15,West,24.58,35.79,24.67,31.67,9.62,1.0,65.12
2024-07-16,Central,19.12,40.92,31.5,30.21,6.38,1.0,58.79
2024-07-16,East,17.08,39.21,36.5,18.08,2.58,1.0,56.83
2024-07-16,North,13.38,25.83,20.25,18.0,2.96,1.0,52.04
2024-07-16,South,14.04,27.92,19.25,11.62,2.0,1.0,53.12
2024-07-16,West,21.12,32.79,25.42,23.5,9.96,1.0,61.12
2024-07-17,Central,17.79,39.29,27.83,33.46,7.0,1.0,57.5
2024-07-17,East,15.67,36.54,32.67,19.25,2.83,1.0,55.12
2024-07-17,North,13.04,23.38,14.0,13.5,3.29,1.0,52.08
2024-07-17,South,13.0,26.25,17.25,13.29,2.0,1.0,51.58
2024-07-17,West,20.5,33.0,19.42,30.17,10.0,1.0,60.5
2024-07-18,Central,18.88,37.42,23.79,21.5,7.0,1.0,58.54
2024-07-18,East,16.25,38.54,28.0,21.83,2.12,1.0,55.62
2024-07-18,North,13.54,25.17,14.58,13.71,3.0,1.0,52.67
2024-07-18,South,13.5,26.04,14.83,13.08,2.0,1.0,52.54
2024-07-18,West,20.71,32.88,20.17,26.88,10.21,1.0,60.71
2024-07-19,Central,16.54,39.5,23.62,25.58,7.0,1.0,56.04
2024-07-19,East,15.92,37.25,28.12,15.75,2.54,1.0,55.38
2024-07-19,North,10.92,24.17,15.12,9.83,3.0,1.0,45.54
2024-07-19,South,13.08,24.71,14.79,12.42,2.0,1.0,52.21
2024-07-19,West,16.71,31.67,14.71,29.21,9.04,1.0,56.29
2024-07-20,Central,15.79,41.46,21.83,25.46,7.92,1.0,55.12
2024-07-20,East,16.88,37.92,26.08,16.29,2.38,1.0,56.25
2024-07-20,North,11.0,25.33,13.79,9.88,3.0,1.0,45.71
2024-07-20,South,12.29,26.0,13.04,12.04,2.04,1.0,50.67
2024-07-20,West,16.0,31.67,17.38,25.46,9.25,1.0,55.42
2024-07-21,Central,16.0,39.12,21.67,20.5,7.12,1.0,55.58
2024-07-21,East,14.88,37.5,24.92,15.17,3.75,1.0,54.25
2024-07-21,North,12.0,25.33,13.79,7.38,3.0,1.0,49.42
2024-07-21,South,11.67,23.88,12.04,11.25,2.29,1.0,48.38
2024-07-21,West,16.25,30.79,16.42,21.21,10.0,1.0,55.58
2024-07-22,Central,18.0,38.88,26.67,26.75,7.0,1.0,57.75
2024-07-22,East,17.33,40.38,31.08,17.42,3.96,1.0,56.96
2024-07-22,North,12.62,27.5,17.88,10.54,3.0,1.0,50.67
2024-07-22,South,13.67,28.29,16.25,12.25,2.0,1.0,52.71
2024-07-22,West,19.54,32.75,18.21,30.21,10.0,1.0,59.33
2024-07-23,Central,26.17,54.29,32.25,26.17,7.42,1.0,66.92
2024-07-23,East,22.29,52.71,35.58,19.5,3.04,1.0,62.62
2024-07-23,North,16.67,34.54,18.29,13.17,3.0,1.0,56.08
2024-07-23,South,18.25,33.38,21.08,12.96,2.0,1.0,57.71
2024-07-23,West,27.58,43.38,20.46,35.46,9.33,1.0,68.5
2024-07-24,Central,30.42,55.88,32.0,33.04,8.0,1.0,71.71
2024-07-24,East,23.67,56.71,37.79,15.88,3.21,1.0,64.17
2024-07-24,North,18.79,37.17,18.67,11.71,3.0,1.0,58.58
2024-07-24,South,21.71,38.58,20.42,12.12,2.67,1.0,61.96
2024-07-24,West,31.62,47.83,20.42,33.38,8.08,1.0,73.17
2024-07-25,Central,24.42,48.42,30.38,35.17,7.46,1.0,64.88
2024-07-25,East,19.62,49.12,36.75,17.46,3.17,1.0,59.54
2024-07-25,North,16.67,32.29,23.54,10.92,3.0,1.0,56.12
2024-07-25,South,19.25,35.58,20.79,12.62,3.0,1.0,59.17
2024-07-25,West,26.08,41.17,20.67,31.12,7.25,1.0,66.79
2024-07-26,Central,32.21,55.83,37.12,32.71,4.33,1.0,73.79
2024-07-26,East,23.62,52.46,42.38,15.75,3.38,1.0,63.96
2024-07-26,North,18.5,35.88,29.17,9.67,3.0,1.0,58.12
2024-07-26,South,24.33,44.42,24.12,13.17,2.08,1.0,64.88
2024-07-26,West,32.25,45.54,22.88,32.71,8.0,1.0,73.92
2024-07-27,Central,22.88,46.46,30.42,28.96,3.12,1.0,63.38
2024-07-27,East,19.42,43.5,31.62,14.29,3.17,1.0,59.29
2024-07-27,North,15.25,30.12,22.54,8.29,3.0,1.0,54.62
2024-07-27,South,19.54,38.04,17.21,12.04,2.0,1.0,59.46
2024-07-27,West,26.08,37.42,19.21,28.92,7.92,1.0,66.75
2024-07-28,Central,15.92,39.79,24.58,22.58,3.88,1.0,55.58
2024-07-28,East,15.88,37.75,25.46,12.88,3.08,1.0,55.21
2024-07-28,North,11.38,24.79,19.79,5.67,3.0,1.0,46.96
2024-07-28,South,13.5,34.92,13.62,11.42,2.0,1.0,52.54
2024-07-28,West,19.29,32.46,16.88,23.46,8.17,1.0,58.92
2024-07-29,Central,15.08,35.96,24.58,28.79,4.0,1.0,54.33
2024-07-29,East,15.33,36.04,25.04,14.46,3.08,1.0,54.58
2024-07-29,North,11.25,23.58,15.38,9.25,3.0,1.0,46.54
2024-07-29,South,12.67,31.38,14.38,11.42,2.92,1.0,51.58
2024-07-29,West,17.54,30.0,15.08,28.88,7.5,1.0,57.04
2024-07-30,Central,16.67,39.46,22.88,26.42,3.67,1.0,56.33
2024-07-30,East,16.17,39.92,25.38,15.08,3.0,1.0,55.62
2024-07-30,North,14.67,27.33,15.04,12.46,3.0,1.0,53.92
2024-07-30,South,15.0,29.08,14.25,11.08,3.0,1.0,54.33
2024-07-30,West,19.67,33.54,13.83,27.75,7.42,1.0,59.58
2024-07-31,Central,15.46,37.38,20.33,32.12,3.71,1.0,54.58
2024-07-31,East,15.46,37.67,20.96,20.25,2.83,1.0,54.92
2024-07-31,North,13.21,26.42,14.42,19.08,3.0,1.0,52.17
2024-07-31,South,12.54,23.29,12.5,11.46,2.08,1.0,49.38
2024-07-31,West,18.21,30.54,14.42,26.67,7.46,1.0,57.71
2024-08-01,Central,11.0,28.25,12.88,42.75,3.67,1.0,46.17
2024-08-01,East,16.04,30.62,16.21,29.88,2.75,1.0,55.46
2024-08-01,North,14.96,26.71,9.25,23.33,3.0,1.0,54.29
2024-08-01,South,9.79,18.04,9.08,12.92,2.79,1.0,40.79
2024-08-01,West,15.08,25.38,9.96,30.29,7.75,1.0,54.12
2024-08-02,Central,10.38,26.58,12.12,35.71,4.0,1.0,43.25
2024-08-02,East,12.08,25.71,17.25,26.12,3.62,1.0,47.71
2024-08-02,North,11.88,21.54,9.71,21.17,3.0,1.0,48.08
2024-08-02,South,9.29,17.08,8.25,14.08,3.0,1.0,38.29
2024-08-02,West,12.17,22.42,10.12,31.42,8.29,1.0,50.46
2024-08-03,Central,9.88,23.88,14.62,33.79,4.0,1.0,41.42
2024-08-03,East,9.67,22.12,17.88,17.12,3.71,1.0,39.46
2024-08-03,North,8.38,16.54,10.46,18.88,3.0,1.0,34.88
2024-08-03,South,7.83,16.12,9.67,12.21,2.38,1.0,32.58
2024-08-03,West,11.79,21.25,10.5,29.67,7.29,1.0,48.25
2024-08-04,Central,8.88,19.67,12.62,26.29,4.0,1.0,37.21
2024-08-04,East,9.67,22.12,13.33,21.71,2.88,1.0,40.21
2024-08-04,North,7.54,15.88,7.0,16.25,3.0,1.0,30.88
2024-08-04,South,10.54,18.96,6.12,12.04,2.17,1.0,43.5
2024-08-04,West,10.38,18.96,9.17,20.79,7.33,1.0,43.33
2024-08-05,Central,14.46,27.12,12.33,31.75,3.38,1.0,52.67
2024-08-05,East,15.33,28.33,11.62,30.88,3.92,1.0,53.83
2024-08-05,North,12.67,23.0,4.92,20.25,3.0,1.0,49.04
2024-08-05,South,11.42,18.25,7.08,14.42,4.04,1.0,46.21
2024-08-05,West,12.79,20.33,9.42,29.5,6.33,1.0,48.88
2024-08-06,Central,13.79,33.62,15.62,29.5,4.0,1.0,52.83
2024-08-06,East,14.58,36.25,20.79,20.42,3.54,1.0,53.79
2024-08-06,North,13.46,24.96,11.79,20.04,3.0,1.0,52.33
2024-08-06,South,12.54,22.92,12.83,13.33,3.0,1.0,50.96
2024-08-06,West,17.5,29.42,12.12,28.62,7.71,1.0,57.0
2024-08-07,Central,13.04,32.54,17.67,30.04,4.0,1.0,52.08
2024-08-07,East,12.96,33.79,17.79,24.38,3.0,1.0,51.42
2024-08-07,North,12.46,24.42,11.96,21.29,3.0,1.0,50.12
2024-08-07,South,12.58,24.0,11.46,12.75,3.0,1.0,51.08
2024-08-07,West,15.46,28.21,15.96,30.04,7.75,1.0,54.92
2024-08-08,Central,12.71,31.5,15.54,29.12,4.0,1.0,50.58
2024-08-08,East,11.17,25.75,15.67,20.38,3.0,1.0,45.92
2024-08-08,North,9.29,20.46,9.83,18.92,3.0,1.0,38.83
2024-08-08,South,11.04,20.29,10.54,12.62,2.08,1.0,45.96
2024-08-08,West,14.62,26.62,14.58,30.29,7.58,1.0,53.71
2024-08-09,Central,7.58,19.12,13.67,25.92,4.04,1.0,31.54
2024-08-09,East,8.25,18.96,15.83,15.42,2.79,1.0,34.17
2024-08-09,North,6.38,13.46,10.62,12.62,3.0,1.0,26.42
2024-08-09,South,6.67,13.54,8.79,11.83,2.04,1.0,28.0
2024-08-09,West,8.58,18.29,11.0,28.0,6.75,1.0,35.42
2024-08-10,Central,12.04,23.62,7.08,37.25,4.0,1.0,46.0
2024-08-10,East,9.33,18.71,7.92,28.17,2.0,1.0,39.08
2024-08-10,North,9.62,17.33,4.5,22.38,3.0,1.0,40.33
2024-08-10,South,9.38,17.25,3.67,13.54,2.38,1.0,38.92
2024-08-10,West,10.58,19.58,8.88,26.71,6.83,1.0,43.46
2024-08-11,Central,13.54,26.96,10.21,23.33,4.0,1.0,50.83
2024-08-11,East,11.58,28.29,12.25,20.38,2.29,1.0,48.0
2024-08-11,North,9.71,19.75,7.62,16.71,3.0,1.0,40.92
2024-08-11,South,9.96,18.5,6.46,11.17,2.0,1.0,41.25
2024-08-11,West,15.42,25.25,12.58,27.12,7.42,1.0,54.62
2024-08-12,Central,11.0,24.0,12.29,28.46,4.0,1.0,45.62
2024-08-12,East,11.42,30.12,18.83,21.12,3.0,1.0,47.33
2024-08-12,North,9.38,18.25,10.58,18.54,3.0,1.14,38.96
2024-08-12,South,9.5,19.33,10.33,11.79,2.0,1.0,39.12
2024-08-12,West,13.38,25.12,11.46,35.75,8.62,1.0,52.42
2024-08-13,Central,14.54,32.21,29.58,28.96,4.0,1.0,53.79
2024-08-13,East,15.0,37.67,29.71,16.58,2.08,1.0,54.17
2024-08-13,North,12.29,22.83,22.58,15.33,3.0,1.11,49.04
2024-08-13,South,12.21,23.54,18.54,11.58,2.0,1.0,48.67
2024-08-13,West,15.33,33.42,18.58,27.38,8.25,1.0,54.46
2024-08-14,Central,16.12,33.75,16.83,36.88,4.92,1.0,55.58
2024-08-14,East,16.25,38.71,21.38,21.42,2.0,1.0,55.46
2024-08-14,North,12.17,21.67,15.62,21.08,3.0,1.0,47.67
2024-08-14,South,13.58,27.17,16.38,20.71,2.83,1.0,51.62
2024-08-14,West,15.12,32.67,11.83,38.62,7.17,1.0,54.29
2024-08-15,Central,14.96,28.38,11.38,33.25,4.12,1.0,54.42
2024-08-15,East,13.33,26.38,10.71,24.12,2.54,1.0,51.58
2024-08-15,North,11.04,23.46,11.79,21.17,3.0,1.56,46.21
2024-08-15,South,10.17,18.29,10.0,16.46,5.46,1.0,42.42
2024-08-15,West,18.5,28.88,11.92,31.42,8.38,1.0,58.17
2024-08-16,Central,13.88,29.17,12.04,29.08,4.12,1.0,53.17
2024-08-16,East,11.71,29.83,16.17,18.08,2.46,1.0,47.83
2024-08-16,North,9.71,20.75,12.21,16.92,3.0,1.0,40.08
2024-08-16,South,10.46,20.21,12.21,12.42,5.25,1.0,43.38
2024-08-16,West,14.92,26.88,11.46,30.29,8.79,1.0,54.21
2024-08-17,Central,11.42,26.75,16.5,27.67,4.0,1.0,46.75
2024-08-17,East,12.92,28.0,12.79,21.25,2.0,1.0,51.54
2024-08-17,North,9.54,19.29,15.96,16.96,3.0,1.14,40.29
2024-08-17,South,8.42,17.38,13.62,11.62,4.67,1.0,34.75
2024-08-17,West,12.54,24.29,13.79,27.71,8.88,1.0,50.33
2024-08-18,Central,14.17,30.0,17.75,28.46,4.96,1.0,53.29
2024-08-18,East,15.67,27.88,9.58,19.88,2.42,1.0,54.92
2024-08-18,North,10.33,20.5,14.62,16.88,3.0,1.14,42.96
2024-08-18,South,10.58,20.0,14.17,11.17,5.0,1.0,44.21
2024-08-18,West,12.71,25.17,16.88,28.17,8.96,1.0,50.96
2024-08-19,Central,10.67,24.33,17.62,30.79,7.83,1.0,44.0
2024-08-19,East,15.38,26.67,9.83,20.0,3.92,1.0,54.71
2024-08-19,North,8.75,17.83,15.17,19.54,2.88,1.0,36.33
2024-08-19,South,8.33,16.58,12.46,13.08,4.75,1.0,34.58
2024-08-19,West,13.75,23.92,14.33,31.92,10.21,1.0,52.79
2024-08-20,Central,9.38,21.58,14.88,28.58,15.08,1.0,39.25
2024-08-20,East,11.62,24.96,8.79,19.58,3.21,1.0,48.75
2024-08-20,North,8.67,18.29,12.25,18.46,2.0,1.0,35.92
2024-08-20,South,8.29,17.42,9.92,12.5,5.62,1.0,34.42
2024-08-20,West,13.92,25.75,8.17,31.46,4.62,1.0,52.96
2024-08-21,Central,9.54,22.33,14.83,36.29,6.54,1.0,39.71
2024-08-21,East,9.96,22.38,10.04,31.42,4.79,1.0,41.71
2024-08-21,North,9.92,23.0,17.42,23.12,2.0,1.0,41.04
2024-08-21,South,9.21,16.88,11.0,14.67,7.0,1.0,37.62
2024-08-21,West,12.33,20.54,8.75,29.58,3.67,1.0,50.71
2024-08-22,Central,13.25,30.71,22.79,32.88,4.12,1.0,51.71
2024-08-22,East,14.62,26.88,16.62,27.5,4.62,1.0,53.79
2024-08-22,North,11.5,22.33,19.33,24.62,2.0,1.0,47.96
2024-08-22,South,11.62,17.29,14.5,16.12,6.54,1.0,47.96
2024-08-22,West,16.21,25.88,11.33,37.83,7.38,1.0,55.62
2024-08-23,Central,13.33,26.25,21.54,35.88,2.5,1.0,50.96
2024-08-23,East,13.25,22.83,15.04,27.46,3.5,1.0,51.08
2024-08-23,North,9.79,19.38,17.88,23.67,1.71,1.0,40.92
2024-08-23,South,10.83,17.83,13.04,13.79,5.46,1.0,44.21
2024-08-23,West,14.71,25.62,9.67,30.92,7.17,1.0,54.0
2024-08-24,Central,9.58,19.17,15.88,30.46,2.0,1.0,39.83
2024-08-24,East,10.83,19.67,9.71,25.33,3.12,1.0,45.25
2024-08-24,North,8.54,20.42,10.17,23.71,1.42,1.0,35.62
2024-08-24,South,7.71,15.08,9.42,12.25,5.92,1.0,32.29
2024-08-24,West,11.58,18.79,9.08,22.42,5.0,1.0,47.88
2024-08-25,Central,13.74,23.65,19.13,29.74,2.57,1.0,51.52
2024-08-25,East,11.57,21.87,12.17,28.04,3.57,1.0,46.83
2024-08-25,North,10.04,17.17,16.48,22.0,1.57,1.0,41.52
2024-08-25,South,8.0,14.61,11.26,12.83,5.7,1.0,32.74
2024-08-25,West,12.35,19.39,10.43,24.57,4.7,1.0,48.39
2024-08-26,Central,20.96,36.75,21.96,32.12,2.04,1.0,61.0
2024-08-26,East,15.46,29.29,16.5,24.58,3.71,1.0,55.0
2024-08-26,North,16.88,28.46,26.29,22.75,1.62,1.0,56.29
2024-08-26,South,14.71,23.46,14.33,12.83,4.92,1.0,53.12
2024-08-26,West,23.0,31.38,11.17,31.5,6.33,1.0,63.29
2024-08-27,Central,23.54,40.0,17.17,38.88,2.29,1.0,63.83
2024-08-27,East,16.58,28.5,14.08,22.88,3.0,1.0,56.17
2024-08-27,North,19.17,30.79,20.21,23.88,2.0,1.0,59.12
2024-08-27,South,16.17,24.88,11.12,14.42,4.12,1.0,55.62
2024-08-27,West,23.33,34.38,7.21,34.71,5.0,1.0,63.83
2024-08-28,Central,17.17,28.88,18.42,37.38,3.83,1.0,56.5
2024-08-28,East,13.21,23.83,10.42,25.21,4.0,1.0,50.42
2024-08-28,North,13.17,24.08,14.58,23.38,2.0,1.0,49.71
2024-08-28,South,13.67,20.67,8.0,14.75,6.5,1.0,51.88
2024-08-28,West,17.75,25.25,8.42,25.29,3.42,1.0,57.33
2024-08-29,Central,17.33,31.54,19.88,36.5,4.83,1.0,55.83
2024-08-29,East,13.54,26.79,15.75,23.96,5.12,1.0,50.54
2024-08-29,North,12.46,22.42,19.29,21.25,2.0,1.0,47.88
2024-08-29,South,12.83,21.62,11.12,14.83,6.83,1.0,47.21
2024-08-29,West,14.58,24.04,10.04,29.58,4.38,1.0,51.75
2024-08-30,Central,18.92,37.58,26.46,32.17,3.0,1.0,58.62
2024-08-30,East,15.96,32.92,21.5,20.04,3.46,1.0,55.38
2024-08-30,North,12.21,25.67,27.0,16.33,2.0,1.0,47.96
2024-08-30,South,16.92,25.21,16.58,13.5,4.58,1.0,56.46
2024-08-30,West,20.21,31.5,13.38,36.62,5.67,1.0,60.17
2024-08-31,Central,16.12,36.04,30.21,29.38,3.0,1.0,55.62
2024-08-31,East,15.96,31.38,19.58,18.21,3.0,1.0,55.33
2024-08-31,North,10.71,22.88,31.75,14.42,2.0,1.0,45.12
2024-08-31,South,12.62,22.88,15.92,12.46,4.0,1.0,51.25
2024-08-31,West,18.21,31.21,13.54,35.38,5.79,1.0,57.62
2024-09-01,Central,15.08,36.0,27.42,25.83,3.0,1.0,54.5
2024-09-01,East,14.12,29.21,14.62,18.21,2.38,1.0,52.83
2024-09-01,North,11.46,23.29,25.42,15.46,2.0,1.0,47.75
2024-09-01,South,11.62,21.88,13.17,11.83,4.58,1.0,48.54
2024-09-01,West,23.67,37.33,12.42,31.79,4.92,1.0,63.88
2024-09-02,Central,17.29,36.29,33.29,25.58,3.0,1.0,56.88
2024-09-02,East,12.54,30.67,21.58,13.96,2.67,1.0,50.08
2024-09-02,North,13.21,24.62,34.83,14.17,2.0,1.0,51.38
2024-09-02,South,13.29,23.62,18.42,11.12,4.46,1.0,51.5
2024-09-02,West,19.46,30.75,13.71,30.46,5.25,1.0,59.42
2024-09-03,Central,20.12,41.08,30.21,34.0,3.83,1.0,60.08
2024-09-03,East,16.62,35.33,21.21,20.62,2.0,1.0,56.04
2024-09-03,North,13.83,27.12,29.75,23.46,2.0,1.0,53.08
2024-09-03,South,16.46,28.58,18.5,18.79,4.33,1.0,56.04
2024-09-03,West,19.0,31.96,12.54,29.58,5.46,1.0,58.92
2024-09-04,Central,23.46,41.79,24.75,40.62,3.58,1.0,63.92
2024-09-04,East,19.29,37.79,17.25,27.71,2.04,1.0,59.21
2024-09-04,North,19.71,33.62,21.46,27.38,2.0,1.0,59.67
2024-09-04,South,17.5,30.0,16.62,26.04,5.79,1.0,57.17
2024-09-04,West,22.71,33.62,10.71,33.92,3.92,1.0,63.12
2024-09-05,Central,21.5,38.96,23.12,35.46,4.88,1.0,61.71
2024-09-05,East,17.0,33.33,14.0,34.5,3.5,1.0,56.62
2024-09-05,North,17.29,28.58,24.08,27.75,2.0,1.0,56.92
2024-09-05,South,16.04,25.96,13.71,26.12,6.67,1.0,55.33
2024-09-05,West,23.25,32.83,10.88,28.04,5.04,1.0,63.62
2024-09-06,Central,24.0,43.33,28.25,31.54,3.0,1.0,64.5
2024-09-06,East,18.83,37.62,18.04,18.12,3.33,1.0,58.58
2024-09-06,North,16.75,28.38,28.88,19.38,2.0,1.0,56.04
2024-09-06,South,17.5,29.21,18.96,18.58,4.5,1.0,57.17
2024-09-06,West,25.5,36.12,11.29,31.79,6.92,1.0,66.21
2024-09-07,Central,16.92,39.42,22.42,22.42,3.38,1.0,56.58
2024-09-07,East,16.17,34.96,12.38,10.96,3.0,1.0,55.46
2024-09-07,North,11.71,23.58,23.62,13.08,2.0,1.0,47.21
2024-09-07,South,13.5,31.08,12.96,16.25,4.0,1.0,52.38
2024-09-07,West,17.33,31.38,9.75,26.29,5.17,1.0,57.04
2024-09-08,Central,15.33,37.96,25.04,24.38,3.04,1.0,54.62
2024-09-08,East,19.83,38.17,9.54,17.96,2.33,1.0,59.75
2024-09-08,North,10.79,25.04,25.71,18.17,2.0,1.0,44.62
2024-09-08,South,13.17,25.17,14.25,15.88,4.21,1.0,51.83
2024-09-08,West,15.96,33.29,11.79,23.75,5.46,1.0,55.42
2024-09-09,Central,13.25,29.0,18.5,39.79,3.21,1.0,51.92
2024-09-09,East,14.88,26.08,7.42,30.75,3.5,1.0,54.21
2024-09-09,North,11.08,21.29,11.67,30.62,2.0,1.0,46.25
2024-09-09,South,9.42,16.54,10.0,21.96,7.0,1.0,39.38
2024-09-09,West,12.92,22.83,7.67,33.42,5.67,1.0,51.38
2024-09-10,Central,11.17,23.88,17.92,35.75,4.04,1.0,44.75
2024-09-10,East,10.5,17.08,7.92,23.5,3.0,1.0,43.46
2024-09-10,North,9.08,16.54,14.5,26.08,2.04,1.0,37.96
2024-09-10,South,7.46,13.04,10.96,19.71,6.62,1.0,31.33
2024-09-10,West,11.04,16.83,10.54,22.79,5.58,1.0,45.0
2024-09-11,Central,9.92,22.33,20.96,34.92,5.5,1.0,41.21
2024-09-11,East,9.12,15.33,8.21,29.33,3.0,1.0,37.96
2024-09-11,North,10.0,19.04,16.33,25.33,2.83,1.0,41.33
2024-09-11,South,7.75,14.38,9.79,23.42,6.08,1.0,32.0
2024-09-11,West,8.75,15.62,10.71,30.25,4.79,1.0,36.54
2024-09-12,Central,12.29,24.46,17.67,26.79,3.33,1.0,49.75
2024-09-12,East,10.67,18.92,9.0,14.83,3.0,1.0,44.58
2024-09-12,North,11.71,21.54,15.38,19.67,2.0,1.0,47.04
2024-09-12,South,7.29,13.62,11.96,14.83,3.83,1.0,31.29
2024-09-12,West,11.21,19.79,11.42,24.21,4.46,1.0,46.67
2024-09-13,Central,8.71,16.96,21.25,27.67,4.17,1.0,36.0
2024-09-13,East,9.04,15.17,10.21,15.67,3.0,1.0,37.46
2024-09-13,North,8.21,15.92,18.79,17.5,2.0,1.0,34.46
2024-09-13,South,7.21,13.83,11.83,16.04,4.08,1.0,30.08
2024-09-13,West,9.92,15.58,11.79,20.42,4.12,1.0,41.12
2024-09-14,Central,10.79,19.25,23.33,32.21,3.46,1.0,44.58
2024-09-14,East,14.0,22.58,14.62,20.75,3.0,1.0,53.17
2024-09-14,North,10.33,18.71,26.46,19.46,2.0,1.0,43.0
2024-09-14,South,10.42,18.67,15.83,18.54,4.38,1.0,43.17
2024-09-14,West,12.83,21.79,13.0,29.08,5.96,1.0,51.54
2024-09-15,Central,17.79,36.17,20.21,33.5,3.0,1.0,57.54
2024-09-15,East,15.54,26.54,13.08,22.75,3.33,1.0,54.88
2024-09-15,North,12.75,25.12,19.42,22.67,2.0,1.0,50.17
2024-09-15,South,13.17,23.71,13.67,21.0,4.54,1.0,51.17
2024-09-15,West,18.29,28.67,9.5,35.79,7.08,1.0,58.0
2024-09-16,Central,18.21,35.08,22.79,30.96,3.42,1.0,57.92
2024-09-16,East,16.21,28.62,12.38,24.38,4.38,1.0,55.42
2024-09-16,North,13.5,23.21,22.75,20.38,2.0,1.0,52.58
2024-09-16,South,14.88,22.79,13.62,19.67,4.92,1.0,54.0
2024-09-16,West,19.88,27.75,11.5,30.17,6.42,1.0,59.67
2024-09-17,Central,17.25,32.25,30.17,25.0,4.54,1.0,56.71
2024-09-17,East,14.0,25.29,17.67,17.21,3.71,1.0,53.12
2024-09-17,North,12.58,21.04,28.71,15.04,2.0,1.0,51.0
2024-09-17,South,13.75,20.25,16.79,16.67,5.58,1.0,52.75
2024-09-17,West,17.96,26.83,14.42,19.29,5.62,1.0,57.62
2024-09-18,Central,8.88,21.5,18.12,23.75,5.83,1.0,36.96
2024-09-18,East,9.25,18.12,7.42,20.17,5.83,1.0,38.62
2024-09-18,North,9.0,17.04,13.54,15.5,2.0,1.0,37.67
2024-09-18,South,8.75,17.67,9.42,16.79,9.38,1.0,36.58
2024-09-18,West,9.25,19.12,10.33,17.62,6.58,1.0,38.04
2024-09-19,Central,15.65,32.7,23.7,31.48,4.39,1.0,52.91
2024-09-19,East,15.61,26.57,18.96,31.04,4.87,1.0,52.91
2024-09-19,North,12.26,21.74,21.0,21.74,2.0,1.0,47.35
2024-09-19,South,11.83,22.87,15.65,17.96,6.22,1.0,46.22
2024-09-19,West,14.83,25.13,13.17,29.61,7.13,1.0,52.22
2024-09-20,Central,22.92,45.17,37.21,27.58,4.0,1.0,63.17
2024-09-20,East,29.12,42.33,44.46,19.71,4.0,1.0,70.29
2024-09-20,North,17.54,30.08,33.29,15.96,2.0,1.0,57.08
2024-09-20,South,19.21,29.46,19.04,18.62,4.12,1.0,59.08
2024-09-20,West,23.83,37.71,16.0,32.0,7.54,1.0,64.38
2024-09-21,Central,19.08,36.71,23.58,32.46,4.0,1.0,58.96
2024-09-21,East,23.96,33.96,25.25,32.58,5.29,1.0,64.33
2024-09-21,North,14.5,24.25,21.67,22.29,2.0,1.0,53.67
2024-09-21,South,17.79,27.04,10.79,23.96,5.46,1.0,57.54
2024-09-21,West,19.67,29.62,12.29,28.21,7.79,1.0,59.54
2024-09-22,Central,20.0,36.04,30.83,27.96,4.12,1.0,59.96
2024-09-22,East,16.54,30.17,22.75,28.46,4.71,1.0,56.0
2024-09-22,North,15.38,26.17,23.21,20.08,2.0,1.0,54.67
2024-09-22,South,15.33,23.5,13.5,25.5,5.21,1.0,54.67
2024-09-22,West,23.75,35.54,14.29,33.88,8.38,1.0,64.08
2024-09-23,Central,19.75,34.33,33.25,30.54,4.38,1.0,59.67
2024-09-23,East,17.92,32.33,27.5,25.96,3.29,1.0,57.54
2024-09-23,North,15.08,23.71,29.38,14.58,2.0,1.0,54.38
2024-09-23,South,13.96,21.29,16.08,19.33,3.83,1.0,53.12
2024-09-23,West,22.83,32.67,14.42,29.83,7.42,1.0,63.17
2024-09-24,Central,17.75,35.25,19.42,42.12,3.0,1.0,57.46
2024-09-24,East,16.75,36.08,17.12,48.08,3.17,1.0,56.21
2024-09-24,North,15.04,26.0,16.38,28.29,2.0,1.0,54.21
2024-09-24,South,14.29,26.17,7.96,26.04,3.38,1.0,53.46
2024-09-24,West,17.62,26.04,10.25,25.79,6.0,1.0,57.17
2024-09-25,Central,18.92,38.96,14.58,51.83,3.29,1.0,58.83
2024-09-25,East,14.38,30.79,17.25,44.42,3.38,1.0,53.62
2024-09-25,North,12.71,26.75,12.58,33.71,2.0,1.0,51.08
2024-09-25,South,14.54,22.46,8.42,30.12,3.67,1.0,53.71
2024-09-25,West,14.12,23.58,7.38,38.5,5.0,1.0,53.33
2024-09-26,Central,13.12,27.46,16.17,28.42,3.75,1.0,47.75
2024-09-26,East,9.92,20.17,17.5,32.46,5.54,1.0,41.12
2024-09-26,North,12.29,27.08,9.21,27.04,2.0,1.0,49.46
2024-09-26,South,10.62,18.67,8.67,20.88,5.08,1.0,43.33
2024-09-26,West,13.75,23.04,8.71,21.92,5.17,1.0,52.25
2024-09-27,Central,9.92,24.5,23.33,33.17,4.88,1.0,41.0
2024-09-27,East,10.04,21.92,19.33,35.12,9.96,1.0,41.79
2024-09-27,North,11.54,27.75,19.54,23.08,2.54,1.0,47.96
2024-09-27,South,8.54,17.04,10.88,21.38,8.46,1.0,35.67
2024-09-27,West,12.0,23.17,12.67,28.79,7.21,1.0,48.33
2024-09-28,Central,13.79,27.08,23.12,28.5,2.58,1.0,52.88
2024-09-28,East,10.04,22.42,19.83,25.58,4.12,1.0,41.67
2024-09-28,North,10.0,19.79,24.25,15.17,2.0,1.0,42.0
2024-09-28,South,9.08,15.29,11.67,15.83,4.33,1.0,37.79
2024-09-28,West,15.46,23.79,10.08,29.08,8.21,1.0,54.62
2024-09-29,Central,11.25,22.54,21.25,23.75,2.92,1.0,46.29
2024-09-29,East,9.25,19.62,16.21,30.58,4.54,1.0,37.92
2024-09-29,North,9.62,16.21,16.58,18.25,2.0,1.0,39.62
2024-09-29,South,6.58,12.88,12.12,14.71,3.17,1.0,27.62
2024-09-29,West,14.25,21.92,10.04,27.29,7.04,1.0,53.29
2024-09-30,Central,10.79,22.46,24.83,33.21,3.5,1.0,45.42
2024-09-30,East,9.67,16.79,16.79,28.62,4.5,1.0,40.42
2024-09-30,North,8.88,16.62,14.67,24.29,2.0,1.0,37.29
2024-09-30,South,8.04,14.83,9.17,15.17,3.38,1.0,33.88
2024-09-30,West,12.5,19.62,7.5,32.54,7.46,1.0,51.0
2024-10-01,Central,11.58,22.38,11.21,28.67,5.79,1.0,48.04
2024-10-01,East,7.29,15.79,11.79,33.08,3.54,1.0,30.5
2024-10-01,North,14.88,26.67,7.96,26.08,2.0,1.0,53.25
2024-10-01,South,7.33,13.92,6.29,17.96,5.33,1.0,30.71
2024-10-01,West,16.25,24.42,4.79,34.25,6.25,1.0,55.75
2024-10-02,Central,11.78,30.3,17.96,27.39,4.26,1.0,48.35
2024-10-02,East,8.17,16.39,15.13,26.61,4.48,1.0,33.61
2024-10-02,North,13.09,24.52,14.17,22.13,2.26,1.0,51.52
2024-10-02,South,7.61,14.22,8.61,17.52,6.43,1.0,32.04
2024-10-02,West,13.83,21.35,7.26,34.0,7.17,1.0,52.78
2024-10-03,Central,11.75,26.62,15.46,34.0,2.96,1.0,48.33
2024-10-03,East,9.21,18.88,12.71,33.0,3.0,1.0,38.25
2024-10-03,North,9.25,19.79,9.83,27.08,2.0,1.09,38.67
2024-10-03,South,8.79,16.08,7.12,19.08,3.46,1.0,36.29
2024-10-03,West,14.17,22.96,7.04,29.42,7.96,1.0,53.42
2024-10-04,Central,18.67,36.92,24.42,48.0,3.29,1.0,58.38
2024-10-04,East,12.33,31.0,24.42,47.67,3.29,1.0,49.5
2024-10-04,North,15.5,31.38,19.96,37.92,2.0,1.0,54.67
2024-10-04,South,13.12,22.54,11.83,23.71,3.54,1.0,51.21
2024-10-04,West,17.46,25.83,10.83,29.88,7.0,1.0,57.12
2024-10-05,Central,18.79,33.67,21.67,46.62,6.21,1.0,58.67
2024-10-05,East,10.88,27.96,18.92,41.67,6.42,1.0,45.25
2024-10-05,North,15.46,28.92,15.0,29.21,2.42,1.17,54.83
2024-10-05,South,13.67,20.29,11.67,23.62,6.21,1.0,52.25
2024-10-05,West,15.62,23.21,12.12,27.17,6.88,1.0,54.79
2024-10-06,Central,10.96,23.75,24.5,28.96,7.58,1.0,44.71
2024-10-06,East,7.67,17.17,16.79,27.0,7.42,1.0,32.29
2024-10-06,North,13.83,25.58,13.96,24.08,3.54,1.27,53.08
2024-10-06,South,8.12,13.96,8.17,16.0,6.04,1.0,33.92
2024-10-06,West,11.54,16.67,11.25,21.33,6.0,1.0,47.5
2024-10-07,Central,13.21,26.08,16.54,31.29,4.21,1.0,49.62
2024-10-07,East,9.83,21.62,16.42,33.5,5.67,1.0,41.21
2024-10-07,North,17.83,28.12,15.92,30.92,3.0,1.0,57.42
2024-10-07,South,9.29,16.0,9.88,16.62,4.71,1.0,39.04
2024-10-07,West,12.54,18.92,9.75,27.67,6.92,1.0,48.42
2024-10-08,Central,14.83,29.75,19.0,27.25,3.0,1.0,54.17
2024-10-08,East,10.33,24.25,19.5,25.79,4.29,1.0,43.25
2024-10-08,North,12.54,22.92,21.12,26.04,2.04,1.0,48.42
2024-10-08,South,10.67,18.42,12.17,16.88,3.96,1.0,44.08
2024-10-08,West,15.17,22.88,10.04,35.08,8.17,1.0,54.58
2024-10-09,Central,13.83,29.08,17.54,30.0,3.0,1.0,52.83
2024-10-09,East,10.0,23.12,16.92,26.21,4.0,1.0,41.38
2024-10-09,North,11.12,22.62,19.25,23.12,2.0,1.0,46.54
2024-10-09,South,8.88,17.0,10.29,17.88,3.46,1.0,36.83
2024-10-09,West,15.71,25.83,8.88,34.75,8.46,1.0,55.17
2024-10-10,Central,11.88,27.71,15.83,33.71,3.0,1.0,49.42
2024-10-10,East,8.12,20.21,14.04,33.46,4.17,1.0,34.42
2024-10-10,North,11.75,23.67,17.75,25.08,2.0,1.0,48.92
2024-10-10,South,8.58,16.08,8.42,20.83,4.0,1.0,36.58
2024-10-10,West,15.25,24.75,7.29,35.17,9.17,1.0,54.42
2024-10-11,Central,16.96,33.79,13.33,51.29,3.0,1.0,56.62
2024-10-11,East,9.46,21.38,13.25,42.46,4.67,1.0,39.42
2024-10-11,North,12.5,26.38,10.08,31.83,2.0,1.0,51.33
2024-10-11,South,8.67,16.08,5.42,26.04,6.54,1.0,36.42
2024-10-11,West,17.88,28.08,5.46,38.62,6.54,1.0,57.58
2024-10-12,Central,21.92,40.17,12.08,45.88,3.0,1.0,62.04
2024-10-12,East,9.92,24.25,9.33,41.88,3.33,1.0,41.25
2024-10-12,North,19.5,31.54,12.71,31.5,2.88,1.29,59.5
2024-10-12,South,12.54,22.08,4.5,39.17,5.08,1.0,49.38
2024-10-12,West,21.0,31.04,5.5,40.25,6.46,1.0,61.08
2024-10-13,Central,16.29,34.96,20.42,33.33,3.67,1.0,55.96
2024-10-13,East,11.21,29.58,15.62,39.0,3.83,1.0,46.54
2024-10-13,North,14.54,25.5,22.54,22.58,3.25,1.0,53.79
2024-10-13,South,14.88,27.04,14.46,42.0,3.71,1.0,54.0
2024-10-13,West,13.58,28.54,8.75,20.71,7.38,1.0,52.04
2024-10-14,Central,9.21,19.33,14.62,24.67,4.38,1.0,37.75
2024-10-14,East,8.29,20.0,9.62,34.42,7.67,1.0,35.04
2024-10-14,North,7.62,16.38,15.96,19.46,4.92,1.0,31.71
2024-10-14,South,10.08,17.17,6.96,39.54,4.38,1.0,41.67
2024-10-14,West,7.0,18.54,9.21,19.33,7.92,1.0,29.42
2024-10-15,Central,9.33,21.92,15.96,36.75,5.0,1.0,38.88
2024-10-15,East,9.46,22.25,12.75,34.79,16.54,1.0,39.79
2024-10-15,North,8.46,20.67,20.12,26.04,5.79,1.0,35.21
2024-10-15,South,13.0,21.88,7.88,29.92,5.75,1.0,50.62
2024-10-15,West,8.42,14.58,6.42,25.71,6.33,1.0,35.46
2024-10-16,Central,10.25,22.88,18.04,38.25,6.58,1.0,42.54
2024-10-16,East,8.25,18.58,17.5,32.83,5.25,1.0,33.83
2024-10-16,North,8.88,19.38,15.5,29.88,5.0,1.0,37.12
2024-10-16,South,8.46,17.5,9.83,21.71,6.42,1.0,35.17
2024-10-16,West,8.42,14.96,11.12,22.12,6.62,1.0,34.92
2024-10-17,Central,19.75,39.21,11.88,42.58,3.75,1.0,59.75
2024-10-17,East,11.21,28.21,11.83,48.12,4.92,1.0,46.83
2024-10-17,North,14.12,29.38,7.83,34.88,5.75,1.0,52.25
2024-10-17,South,11.33,21.83,8.71,26.29,6.42,1.0,46.92
2024-10-17,West,18.96,28.83,5.42,47.54,6.88,1.0,58.67
2024-10-18,Central,26.54,45.62,18.21,54.12,3.38,1.0,67.33
2024-10-18,East,14.08,39.25,15.58,46.71,4.12,1.0,53.21
2024-10-18,North,17.71,33.25,13.96,30.17,5.38,1.0,57.29
2024-10-18,South,16.75,27.92,12.46,27.67,5.38,1.0,56.25
2024-10-18,West,23.0,33.0,12.08,27.38,6.08,1.0,63.54
2024-10-19,Central,29.75,54.54,21.38,41.62,3.54,1.0,71.0
2024-10-19,East,13.92,41.08,17.38,38.88,4.0,1.0,53.17
2024-10-19,North,18.17,35.04,18.38,23.33,2.46,1.0,57.92
2024-10-19,South,18.58,27.79,14.33,28.88,6.92,1.0,58.42
2024-10-19,West,27.54,40.42,13.04,47.38,6.75,1.0,68.58
2024-10-20,Central,17.71,34.25,23.71,33.67,3.62,1.0,57.46
2024-10-20,East,11.38,28.42,21.25,46.04,4.88,1.0,46.92
2024-10-20,North,14.08,24.67,20.75,25.04,2.29,1.0,53.29
2024-10-20,South,13.79,21.5,12.04,24.33,7.54,1.0,51.5
2024-10-20,West,21.42,33.38,11.79,18.54,7.12,1.0,61.58
2024-10-21,Central,18.62,37.17,32.17,36.71,4.42,1.0,58.38
2024-10-21,East,12.79,33.62,25.62,50.62,7.96,1.0,51.58
2024-10-21,North,15.29,27.12,32.62,21.29,2.67,1.0,54.46
2024-10-21,South,13.12,21.54,18.21,34.29,8.79,1.0,51.54
2024-10-21,West,19.67,30.25,15.67,33.38,6.17,1.0,59.58
2024-10-22,Central,19.46,34.92,41.04,41.96,4.12,1.0,59.25
2024-10-22,East,11.54,29.25,32.67,33.12,5.04,1.0,48.12
2024-10-22,North,13.79,24.62,40.75,21.75,2.04,1.0,53.08
2024-10-22,South,14.46,24.21,22.75,22.42,9.21,1.0,53.71
2024-10-22,West,20.92,33.71,16.38,54.04,11.29,1.0,61.0
2024-10-23,Central,21.0,38.58,38.92,39.12,7.5,1.0,60.96
2024-10-23,East,12.0,28.75,30.75,34.04,4.58,1.0,50.0
2024-10-23,North,17.62,30.0,33.67,22.83,2.75,1.0,57.33
2024-10-23,South,14.71,25.38,22.58,21.92,9.71,1.0,54.04
2024-10-23,West,20.29,36.38,16.12,35.71,16.38,1.0,60.29
2024-10-24,Central,25.67,50.04,41.54,50.5,6.5,1.0,66.42
2024-10-24,East,15.38,40.0,39.17,37.38,4.0,1.0,54.58
2024-10-24,North,19.21,32.62,45.12,27.17,2.5,1.0,59.08
2024-10-24,South,18.0,30.33,21.71,24.21,8.71,1.0,57.75
2024-10-24,West,25.42,38.5,17.88,41.75,7.75,1.0,66.17
2024-10-25,Central,25.21,51.29,24.12,43.96,5.62,1.0,65.83
2024-10-25,East,18.17,46.83,20.46,39.75,4.79,1.0,57.83
2024-10-25,North,19.83,37.0,19.88,28.71,2.0,1.0,59.75
2024-10-25,South,18.46,34.5,11.33,27.83,7.71,1.0,58.17
2024-10-25,West,29.0,42.21,11.0,35.33,7.08,1.0,70.17
2024-10-26,Central,14.92,32.17,32.58,31.54,6.88,1.0,54.12
2024-10-26,East,11.38,30.83,27.17,30.21,6.12,1.0,46.21
2024-10-26,North,13.12,25.75,22.71,27.54,2.5,1.0,51.17
2024-10-26,South,10.88,21.04,16.46,35.17,8.58,1.0,44.25
2024-10-26,West,16.46,25.25,13.21,21.62,8.25,1.0,55.71
2024-10-27,Central,18.71,37.08,31.58,24.83,9.12,1.0,58.38
2024-10-27,East,12.62,32.04,31.12,30.0,7.12,1.0,51.12
2024-10-27,North,14.33,26.0,31.96,19.88,3.88,1.0,53.67
2024-10-27,South,13.88,23.0,16.88,35.54,10.38,1.0,52.96
2024-10-27,West,16.29,24.38,15.88,21.38,10.67,1.0,55.71
2024-10-28,Central,14.12,29.54,21.46,34.5,7.67,1.0,53.25
2024-10-28,East,12.5,28.67,19.12,34.29,8.46,1.0,51.29
2024-10-28,North,13.42,22.62,20.62,26.71,3.88,1.0,52.54
2024-10-28,South,11.88,23.17,12.71,37.83,10.46,1.0,49.12
2024-10-28,West,12.71,22.75,13.79,25.42,10.0,1.0,51.08
2024-10-29,Central,20.17,37.33,31.42,37.17,6.08,1.0,60.21
2024-10-29,East,15.38,36.96,31.5,37.08,5.58,1.0,54.83
2024-10-29,North,17.25,27.17,32.33,31.71,2.71,1.0,56.83
2024-10-29,South,14.71,25.5,29.71,43.67,7.58,1.0,53.67
2024-10-29,West,22.21,39.62,14.67,38.96,4.92,1.0,62.54
2024-10-30,Central,28.25,48.79,32.12,39.25,5.54,1.0,69.25
2024-10-30,East,19.42,51.25,26.38,32.38,5.21,1.0,59.29
2024-10-30,North,22.46,43.12,23.54,36.0,2.75,1.0,62.79
2024-10-30,South,17.5,27.54,18.88,22.29,5.42,1.0,57.12
2024-10-30,West,23.58,38.83,16.83,21.29,6.0,1.0,63.96
2024-10-31,Central,29.42,51.21,33.33,26.17,6.17,1.0,70.54
2024-10-31,East,19.67,53.42,32.71,29.25,6.96,1.0,59.38
2024-10-31,North,25.71,44.38,28.33,23.21,3.38,1.0,66.29
2024-10-31,South,20.12,30.12,18.58,9.08,2.25,1.0,60.04
2024-10-31,West,26.92,37.42,19.21,20.38,6.67,1.0,67.88
2024-11-01,Central,20.25,34.67,35.0,29.21,4.38,1.0,60.17
2024-11-01,East,12.83,32.33,31.04,28.38,5.79,1.0,49.0
2024-11-01,North,19.21,29.96,28.88,24.62,2.0,1.0,58.96
2024-11-01,South,12.33,20.29,17.5,7.08,2.0,1.0,45.75
2024-11-01,West,20.83,29.0,17.92,18.42,6.0,1.0,60.96
2024-11-02,Central,20.46,42.33,17.96,37.0,4.0,1.0,60.42
2024-11-02,East,10.62,25.08,15.25,28.75,3.62,1.0,44.54
2024-11-02,North,15.29,26.75,15.25,24.67,2.0,1.0,54.79
2024-11-02,South,13.54,21.79,8.17,7.46,2.38,1.0,51.58
2024-11-02,West,18.83,29.96,8.67,28.92,5.46,1.0,58.71
2024-11-03,Central,13.12,27.92,19.42,31.46,4.0,1.0,50.83
2024-11-03,East,8.46,22.08,19.96,21.83,5.46,1.0,35.0
2024-11-03,North,13.21,23.21,17.29,23.5,2.42,1.0,52.25
2024-11-03,South,8.96,16.29,8.29,12.25,2.62,1.0,37.42
2024-11-03,West,11.58,19.5,13.08,18.25,5.0,1.0,44.83
2024-11-04,Central,17.38,34.29,14.75,47.54,4.5,1.0,56.83
2024-11-04,East,11.29,27.67,14.54,38.21,6.0,1.0,46.54
2024-11-04,North,16.46,28.42,10.38,33.33,2.21,1.0,55.83
2024-11-04,South,12.71,22.71,5.29,16.12,2.0,1.0,50.62
2024-11-04,West,15.96,25.33,9.38,33.54,4.46,1.0,55.12
2024-11-05,Central,16.67,30.79,17.08,37.04,6.25,1.0,56.12
2024-11-05,East,11.62,30.54,13.17,35.5,7.17,1.0,48.29
2024-11-05,North,15.75,30.29,12.25,40.04,3.0,1.0,55.04
2024-11-05,South,11.58,20.83,3.25,18.08,2.0,1.0,47.71
2024-11-05,West,16.83,27.0,9.12,45.38,5.0,1.0,56.33
2024-11-06,Central,15.92,30.21,22.79,38.42,5.42,1.0,55.38
2024-11-06,East,13.08,33.04,21.79,37.54,7.25,1.0,52.25
2024-11-06,North,15.17,27.12,21.96,28.25,2.08,1.0,54.5
2024-11-06,South,10.42,20.67,5.12,14.92,2.08,1.0,43.83
2024-11-06,West,18.0,25.58,11.29,25.5,4.83,1.0,57.83
2024-11-07,Central,12.67,25.58,29.08,46.88,5.46,1.0,51.12
2024-11-07,East,13.04,31.92,26.58,35.33,9.0,1.0,52.04
2024-11-07,North,13.29,22.5,21.75,33.04,2.0,1.0,51.62
2024-11-07,South,11.29,19.62,8.21,13.08,3.0,1.0,47.33
2024-11-07,West,13.08,18.79,13.67,32.88,5.33,1.0,51.79
2024-11-08,Central,16.46,33.0,17.54,47.42,8.17,1.0,56.08
2024-11-08,East,13.17,35.04,20.38,37.79,6.83,1.0,52.21
2024-11-08,North,15.75,33.04,13.08,37.08,2.96,1.0,55.38
2024-11-08,South,12.79,20.17,13.46,16.75,3.08,1.0,51.25
2024-11-08,West,14.12,23.75,6.62,41.33,7.62,1.0,53.46
2024-11-09,Central,15.12,29.92,14.96,40.75,14.12,1.0,54.58
2024-11-09,East,10.88,28.88,14.17,39.04,12.79,1.0,44.33
2024-11-09,North,13.75,27.21,13.75,29.75,4.38,1.0,52.88
2024-11-09,South,10.33,17.58,12.88,11.96,3.25,1.0,43.0
2024-11-09,West,12.25,19.04,8.25,32.62,7.21,1.0,48.38
2024-11-10,Central,16.88,29.96,27.62,30.21,4.75,1.0,56.5
2024-11-10,East,10.42,25.79,24.92,42.96,5.67,1.0,43.25
2024-11-10,North,13.92,28.29,24.04,22.71,2.0,1.0,52.58
2024-11-10,South,11.17,19.38,14.62,10.96,3.0,1.0,46.54
2024-11-10,West,17.92,25.79,12.79,24.17,4.0,1.0,57.62
2024-11-11,Central,13.0,25.33,16.5,57.29,6.12,1.0,49.21
2024-11-11,East,9.29,23.54,25.08,56.08,5.12,1.0,38.75
2024-11-11,North,12.12,25.12,19.92,29.29,2.0,1.0,48.71
2024-11-11,South,8.12,14.33,11.12,12.38,3.0,1.0,33.83
2024-11-11,West,11.04,17.88,10.58,40.25,4.0,1.0,45.12
2024-11-12,Central,24.0,44.12,22.12,47.04,5.0,1.0,64.38
2024-11-12,East,13.54,33.62,25.75,46.5,5.67,1.0,52.5
2024-11-12,North,21.46,36.5,21.71,30.42,2.0,1.0,61.5
2024-11-12,South,15.96,23.75,4.04,13.54,3.0,1.0,55.21
2024-11-12,West,19.58,30.88,10.62,34.88,4.25,1.0,59.46
2024-11-13,Central,19.71,38.83,15.88,44.33,4.5,1.0,59.71
2024-11-13,East,13.88,34.88,16.54,50.71,6.21,1.0,53.04
2024-11-13,North,17.42,31.0,14.62,30.83,2.0,1.0,57.0
2024-11-13,South,15.58,28.21,2.79,12.96,3.0,1.0,54.92
2024-11-13,West,15.46,25.04,8.46,40.83,4.58,1.0,54.67
2024-11-14,Central,14.17,31.42,20.75,37.62,4.0,1.0,53.42
2024-11-14,East,14.0,26.58,20.62,38.42,4.12,1.0,53.29
2024-11-14,North,13.67,31.25,19.33,26.88,2.0,1.0,52.83
2024-11-14,South,10.88,24.25,3.42,11.04,3.0,1.0,45.62
2024-11-14,West,14.62,23.71,7.88,22.04,3.0,1.0,53.79
2024-11-15,Central,15.0,38.21,21.38,46.08,4.0,1.0,54.33
2024-11-15,East,10.71,23.54,21.12,55.88,4.92,1.0,44.54
2024-11-15,North,17.5,31.21,19.54,30.58,2.0,1.0,56.96
2024-11-15,South,10.79,22.83,7.88,14.58,3.58,1.0,44.88
2024-11-15,West,11.67,20.33,11.71,34.25,3.75,1.0,47.88
2024-11-16,Central,21.88,45.38,21.62,47.42,4.08,1.0,62.29
2024-11-16,East,13.62,34.33,22.25,46.83,6.08,1.0,52.38
2024-11-16,North,18.12,30.54,18.42,30.46,2.12,1.0,57.88
2024-11-16,South,12.88,26.62,14.38,11.96,3.25,1.0,51.38
2024-11-16,West,14.29,22.25,14.17,20.46,4.67,1.0,53.54
2024-11-17,Central,14.83,27.83,14.38,27.88,3.62,1.0,53.96
2024-11-17,East,9.38,22.42,13.62,29.33,4.0,1.0,38.92
2024-11-17,North,12.54,21.79,9.21,19.62,2.0,1.0,50.71
2024-11-17,South,8.54,18.92,12.71,7.21,3.0,1.0,35.92
2024-11-17,West,12.42,18.92,8.17,12.04,3.46,1.0,50.88
2024-11-18,Central,7.67,16.58,11.25,22.25,3.0,1.0,31.79
2024-11-18,East,6.21,15.92,10.88,20.17,4.0,1.0,25.54
2024-11-18,North,7.33,14.12,7.58,13.17,2.0,1.0,30.79
2024-11-18,South,5.79,12.42,12.21,6.75,3.0,1.0,24.04
2024-11-18,West,6.79,12.67,6.08,10.21,3.0,1.0,28.46
2024-11-19,Central,7.04,16.38,10.0,27.17,3.0,1.0,29.46
2024-11-19,East,6.92,15.12,8.88,19.92,4.0,1.0,28.71
2024-11-19,North,6.54,15.5,6.92,15.25,2.0,1.0,27.5
2024-11-19,South,5.88,11.96,11.33,5.96,3.92,1.0,23.88
2024-11-19,West,6.42,12.71,5.17,13.58,3.0,1.0,26.67
2024-11-20,Central,8.08,19.67,9.17,23.29,3.0,1.0,34.42
2024-11-20,East,8.38,19.75,8.08,22.42,4.0,1.0,35.21
2024-11-20,North,8.0,18.96,5.5,15.96,2.0,1.0,33.5
2024-11-20,South,6.75,13.71,11.42,7.04,4.0,1.0,28.46
2024-11-20,West,9.12,15.46,5.38,19.17,3.0,1.0,37.79
2024-11-21,Central,8.96,22.62,15.04,29.67,3.0,1.0,37.54
2024-11-21,East,9.33,21.75,13.08,21.29,4.0,1.0,38.54
2024-11-21,North,9.04,22.25,12.88,17.12,2.0,1.0,37.88
2024-11-21,South,7.12,15.92,16.54,7.12,4.0,1.0,29.54
2024-11-21,West,8.5,15.54,11.21,26.92,3.75,1.0,35.04
2024-11-22,Central,10.96,30.83,14.25,49.5,3.0,1.0,45.71
2024-11-22,East,9.21,21.75,12.75,39.46,4.0,1.0,39.12
2024-11-22,North,15.17,38.08,7.88,19.92,2.33,1.0,53.67
2024-11-22,South,7.5,19.04,16.96,7.12,3.75,1.0,31.21
2024-11-22,West,9.83,16.67,7.17,21.08,4.58,1.0,40.75
2024-11-23,Central,8.21,19.46,15.92,37.25,3.0,1.0,33.5
2024-11-23,East,7.46,18.42,12.08,14.75,3.88,1.0,31.5
2024-11-23,North,11.04,26.17,8.96,19.67,2.12,1.0,43.42
2024-11-23,South,5.5,13.54,22.25,7.12,3.0,1.0,23.08
2024-11-23,West,6.33,12.71,12.04,20.42,3.38,1.0,26.88
2024-11-24,Central,8.7,19.83,16.3,32.17,3.0,1.0,36.78
2024-11-24,East,7.87,18.09,12.87,17.09,3.43,1.0,33.09
2024-11-24,North,9.52,19.22,8.65,12.96,2.0,1.0,39.52
2024-11-24,South,7.35,16.91,18.17,4.96,3.43,1.0,31.22
2024-11-24,West,9.26,16.3,10.13,15.04,3.83,1.0,38.57
2024-11-25,Central,10.62,25.67,15.08,37.12,3.0,1.0,43.96
2024-11-25,East,8.33,18.58,15.21,20.88,4.0,1.0,34.79
2024-11-25,North,9.92,23.46,9.17,22.67,2.0,1.0,41.12
2024-11-25,South,6.96,14.75,13.88,8.88,4.0,1.0,29.25
2024-11-25,West,8.79,15.71,6.21,36.25,3.46,1.0,36.62
2024-11-26,Central,11.5,26.42,13.83,44.58,3.0,1.0,47.04
2024-11-26,East,9.62,20.96,13.5,30.33,4.0,1.0,39.54
2024-11-26,North,13.79,42.33,10.25,26.83,2.0,1.0,52.71
2024-11-26,South,7.38,16.25,7.54,7.92,3.12,1.0,30.46
2024-11-26,West,11.17,18.46,6.38,24.62,4.0,1.0,46.62
2024-11-27,Central,11.75,23.71,10.04,42.61,3.0,1.0,49.0
2024-11-27,East,10.12,19.96,5.71,36.61,4.0,1.0,42.33
2024-11-27,North,11.62,23.62,7.75,24.91,2.0,1.0,48.83
2024-11-27,South,8.83,18.0,17.71,18.74,4.33,1.0,36.96
2024-11-27,West,10.58,17.75,5.75,20.3,4.0,1.0,44.17
2024-11-28,Central,12.38,27.0,14.08,53.71,3.21,1.0,50.38
2024-11-28,East,9.42,21.5,11.5,36.21,4.0,1.0,38.92
2024-11-28,North,10.12,21.46,20.67,19.92,2.0,1.0,42.58
2024-11-28,South,10.42,20.12,8.71,11.29,4.0,1.0,42.71
2024-11-28,West,10.67,19.21,3.46,30.17,4.0,1.0,44.38
2024-11-29,Central,12.04,23.42,9.38,42.5,4.0,1.0,48.5
2024-11-29,East,8.42,17.25,7.29,36.58,3.04,1.0,34.96
2024-11-29,North,9.08,20.17,26.92,28.17,2.0,1.0,38.25
2024-11-29,South,8.71,19.5,9.25,11.54,5.0,1.0,36.42
2024-11-29,West,10.54,18.33,4.79,19.42,4.0,1.0,44.12
2024-11-30,Central,9.33,23.0,24.21,53.04,4.17,1.0,38.29
2024-11-30,East,7.96,18.62,15.17,36.08,4.5,1.0,32.96
2024-11-30,North,10.21,25.5,27.54,23.67,2.33,1.0,42.54
2024-11-30,South,7.42,14.88,22.42,10.58,4.62,1.0,31.42
2024-11-30,West,7.58,14.54,25.92,17.46,4.0,1.0,31.54
2024-12-01,Central,11.25,24.62,30.75,18.17,4.79,1.0,46.67
2024-12-01,East,9.62,22.5,24.29,16.33,5.42,1.0,40.08
2024-12-01,North,9.71,24.38,22.67,14.92,2.96,1.0,40.54
2024-12-01,South,8.12,17.25,25.58,5.75,4.79,1.0,33.21
2024-12-01,West,8.54,17.0,27.96,10.75,4.04,1.0,35.58
2024-12-02,Central,7.33,17.5,38.08,37.21,4.0,1.0,30.38
2024-12-02,East,8.12,18.21,21.04,35.08,4.29,1.0,34.33
2024-12-02,North,8.42,19.04,24.71,26.88,2.04,1.0,35.25
2024-12-02,South,7.08,15.67,26.12,8.17,4.04,1.0,29.79
2024-12-02,West,7.25,14.42,25.33,13.62,4.0,1.0,30.04
2024-12-03,Central,11.67,26.96,23.54,42.21,4.0,1.0,48.58
2024-12-03,East,10.08,23.38,15.29,25.0,4.62,1.0,42.29
2024-12-03,North,10.17,22.17,19.29,18.79,2.17,1.0,42.67
2024-12-03,South,9.46,18.04,20.54,8.04,5.0,1.0,39.29
2024-12-03,West,9.96,18.42,9.67,16.71,4.0,1.0,41.38
2024-12-04,Central,12.17,25.54,19.21,40.04,4.0,1.0,49.96
2024-12-04,East,9.79,22.08,13.17,33.17,4.25,1.0,40.88
2024-12-04,North,11.62,23.21,13.71,23.62,2.67,1.0,48.58
2024-12-04,South,11.62,19.42,11.83,10.92,5.0,1.0,48.08
2024-12-04,West,13.0,21.96,6.96,16.83,4.0,1.0,51.79
2024-12-05,Central,10.33,26.92,23.12,19.21,4.0,1.0,43.33
2024-12-05,East,9.21,23.96,19.54,22.0,4.83,1.0,38.04
2024-12-05,North,10.96,24.96,16.54,22.67,2.46,1.0,45.79
2024-12-05,South,8.83,19.58,18.83,6.88,5.0,1.0,36.75
2024-12-05,West,10.04,17.62,8.62,10.88,4.71,1.0,42.04
2024-12-06,Central,11.67,27.38,35.38,25.62,4.0,1.0,48.83
2024-12-06,East,10.83,26.12,31.88,21.33,4.17,1.0,44.75
2024-12-06,North,12.42,25.71,33.12,18.79,3.0,1.0,50.5
2024-12-06,South,9.5,20.75,27.88,7.88,5.0,1.0,39.29
2024-12-06,West,12.88,22.92,8.88,15.67,7.0,1.0,50.92
2024-12-07,Central,11.0,28.33,37.17,18.75,4.0,1.0,45.5
2024-12-07,East,9.79,25.25,29.54,15.62,4.21,1.0,40.46
2024-12-07,North,9.54,21.0,30.38,16.38,2.33,1.0,40.33
2024-12-07,South,8.21,19.33,28.12,6.42,5.0,1.0,34.21
2024-12-07,West,12.33,24.0,12.96,12.75,6.88,1.0,49.62
2024-12-08,Central,10.0,22.84,29.89,13.42,4.0,1.0,41.89
2024-12-08,East,9.37,23.32,19.58,17.11,4.0,1.0,39.37
2024-12-08,North,9.0,18.21,19.32,14.32,2.21,1.0,37.79
2024-12-08,South,6.74,16.74,24.0,5.05,5.16,1.0,28.11
2024-12-08,West,10.89,18.79,10.95,10.84,4.89,1.0,45.47
2024-12-09,Central,5.38,13.62,25.25,14.75,4.0,1.0,23.21
2024-12-09,East,7.5,14.75,16.75,19.62,4.0,1.0,31.42
2024-12-09,North,7.5,17.79,13.46,22.42,2.17,1.0,31.04
2024-12-09,South,5.25,13.83,21.17,5.04,5.75,1.0,22.38
2024-12-09,West,5.46,11.62,8.62,7.54,4.0,1.0,22.54
2024-12-10,Central,5.38,14.08,26.75,7.88,4.0,1.0,22.54
2024-12-10,East,6.92,13.67,15.04,21.46,4.0,1.0,28.08
2024-12-10,North,9.21,26.42,14.33,23.83,2.54,1.0,38.25
2024-12-10,South,5.04,14.17,23.5,5.38,4.38,1.0,21.21
2024-12-10,West,5.17,10.25,11.08,8.46,4.08,1.0,22.54
2024-12-11,Central,7.88,18.67,32.04,20.48,4.0,1.0,32.83
2024-12-11,East,8.21,17.12,22.67,26.13,4.0,1.0,34.17
2024-12-11,North,10.17,29.92,23.0,24.83,3.0,1.0,42.17
2024-12-11,South,6.17,15.42,25.58,9.52,3.0,1.0,25.54
2024-12-11,West,7.79,15.25,20.33,16.09,5.0,1.0,32.46
2024-12-12,Central,12.42,27.0,34.33,23.79,4.0,1.0,49.92
2024-12-12,East,10.62,23.54,23.58,23.17,4.0,1.0,43.92
2024-12-12,North,12.62,26.79,22.54,24.33,3.0,1.0,49.75
2024-12-12,South,8.08,17.54,22.62,7.83,2.54,1.0,33.46
2024-12-12,West,13.25,24.0,19.88,15.25,4.08,1.0,52.17
2024-12-13,Central,13.67,29.17,17.38,28.54,4.88,1.0,52.25
2024-12-13,East,15.54,25.29,12.5,29.75,4.62,1.0,55.08
2024-12-13,North,13.21,24.83,11.42,24.5,3.0,1.0,50.58
2024-12-13,South,10.0,21.62,10.83,8.38,2.33,1.0,41.5
2024-12-13,West,13.29,24.33,6.25,19.08,4.0,1.0,52.12
2024-12-14,Central,13.88,28.83,26.62,24.38,4.5,1.0,52.04
2024-12-14,East,18.58,26.67,19.88,25.04,5.08,1.0,58.38
2024-12-14,North,13.58,26.67,22.46,20.62,3.0,1.0,51.5
2024-12-14,South,10.79,19.92,15.33,9.75,2.12,1.0,44.33
2024-12-14,West,11.33,18.21,6.67,23.46,4.0,1.0,46.92
2024-12-15,Central,15.79,28.92,43.71,23.12,4.0,1.0,55.21
2024-12-15,East,18.08,25.17,32.46,15.96,4.0,1.0,57.83
2024-12-15,North,12.42,25.25,36.46,13.62,3.0,1.0,50.08
2024-12-15,South,9.88,18.04,22.08,9.92,3.25,1.0,41.25
2024-12-15,West,13.5,21.79,35.21,25.0,4.25,1.0,52.58
2024-12-16,Central,12.17,24.67,29.25,24.5,4.0,1.0,48.88
2024-12-16,East,13.0,20.12,23.42,18.42,4.0,1.0,51.46
2024-12-16,North,11.0,20.58,22.71,17.42,3.0,1.0,45.88
2024-12-16,South,8.42,19.58,20.96,9.04,3.79,1.0,35.46
2024-12-16,West,13.08,20.5,26.33,27.25,4.71,1.0,51.21
2024-12-17,Central,8.58,18.96,16.33,22.62,4.0,1.0,35.75
2024-12-17,East,9.5,20.38,13.29,21.0,4.0,1.0,39.42
2024-12-17,North,10.46,20.29,15.46,12.75,3.0,1.0,43.38
2024-12-17,South,7.04,18.96,19.33,6.58,3.0,1.0,29.29
2024-12-17,West,7.88,16.25,3.88,23.54,4.0,1.0,32.96
2024-12-18,Central,6.79,16.67,19.46,23.12,4.0,1.0,29.08
2024-12-18,East,6.58,16.46,16.71,20.62,4.0,1.0,27.5
2024-12-18,North,8.75,25.67,16.04,14.83,3.0,1.0,36.29
2024-12-18,South,6.04,16.25,20.29,6.42,3.0,1.0,25.67
2024-12-18,West,5.54,14.96,5.42,25.08,4.0,1.0,23.38
2024-12-19,Central,7.29,17.25,31.33,20.62,4.0,1.0,30.17
2024-12-19,East,7.54,18.17,23.12,17.67,4.0,1.0,31.46
2024-12-19,North,8.96,23.04,29.04,13.79,3.0,1.0,37.17
2024-12-19,South,6.88,15.88,25.62,6.29,3.0,1.0,28.46
2024-12-19,West,6.67,15.54,13.0,17.42,3.46,1.0,28.0
2024-12-20,Central,9.75,25.5,38.42,15.75,4.0,1.0,40.42
2024-12-20,East,12.62,25.67,26.88,17.58,4.0,1.0,49.5
2024-12-20,North,11.04,23.83,29.42,10.04,3.0,1.0,46.29
2024-12-20,South,8.62,17.33,27.54,6.79,3.0,1.0,35.67
2024-12-20,West,9.46,24.25,13.96,16.79,3.0,1.0,39.29
2024-12-21,Central,14.46,35.67,44.04,16.96,4.0,1.0,53.21
2024-12-21,East,17.04,33.29,32.12,22.58,4.0,1.0,56.58
2024-12-21,North,14.0,32.04,32.33,12.0,3.0,1.0,52.58
2024-12-21,South,12.42,25.75,29.67,6.96,3.0,1.0,49.21
2024-12-21,West,12.21,27.92,14.33,18.83,3.0,1.0,48.42
2024-12-22,Central,13.75,38.25,49.17,13.08,4.08,1.0,52.96
2024-12-22,East,13.67,31.92,34.25,18.17,4.0,1.0,52.71
2024-12-22,North,12.96,30.62,35.42,7.92,3.0,1.0,51.92
2024-12-22,South,12.83,28.42,31.92,6.38,3.46,1.0,51.83
2024-12-22,West,13.46,30.67,17.71,14.62,3.29,1.0,52.58
2024-12-23,Central,16.75,41.5,42.71,26.17,5.0,1.0,56.29
2024-12-23,East,13.21,30.42,35.21,22.62,4.0,1.0,52.21
2024-12-23,North,10.62,27.12,39.12,9.75,3.0,1.0,44.12
2024-12-23,South,12.58,25.29,30.25,7.38,3.38,1.0,51.46
2024-12-23,West,14.75,31.62,21.58,18.33,3.75,1.0,54.08
2024-12-24,Central,13.75,29.29,26.5,26.83,5.0,1.0,52.25
2024-12-24,East,11.75,21.71,21.5,22.21,4.0,1.0,48.04
2024-12-24,North,10.08,25.21,22.38,11.42,3.0,1.0,42.17
2024-12-24,South,10.33,19.46,13.25,7.42,2.0,1.0,43.0
2024-12-24,West,12.33,22.38,13.75,28.0,3.54,1.0,48.79
2024-12-25,Central,13.62,29.08,44.08,10.29,5.0,1.0,52.62
2024-12-25,East,12.12,23.46,32.58,11.79,3.46,1.0,50.25
2024-12-25,North,9.79,24.54,32.17,8.04,3.0,1.0,41.38
2024-12-25,South,9.67,19.42,21.88,6.42,2.0,1.0,39.79
2024-12-25,West,14.04,23.04,18.25,13.62,2.25,1.0,53.17
2024-12-26,Central,13.46,26.79,40.54,25.54,5.0,1.0,52.46
2024-12-26,East,13.58,24.17,30.83,26.54,4.0,1.0,52.38
2024-12-26,North,12.88,26.25,33.21,17.46,3.0,1.0,51.25
2024-12-26,South,8.67,17.96,26.25,8.88,2.79,1.0,36.12
2024-12-26,West,14.04,22.0,19.71,20.88,2.33,1.0,53.25
2024-12-27,Central,14.42,32.58,38.42,27.88,5.0,1.0,53.58
2024-12-27,East,12.33,26.38,30.96,14.71,4.0,1.0,49.62
2024-12-27,North,11.58,27.88,22.54,12.33,3.0,1.0,48.46
2024-12-27,South,9.71,23.96,31.04,8.42,3.0,1.0,40.67
2024-12-27,West,17.96,26.42,15.75,28.08,3.83,1.0,57.5
2024-12-28,Central,11.0,24.12,37.83,16.29,5.0,1.0,45.62
2024-12-28,East,12.33,22.29,30.25,9.38,4.0,1.0,50.54
2024-12-28,North,8.83,21.62,25.67,9.25,3.0,1.0,36.83
2024-12-28,South,7.08,17.08,28.58,6.92,3.0,1.0,28.79
2024-12-28,West,13.21,20.54,18.62,17.58,4.0,1.0,51.29
2024-12-29,Central,8.46,18.96,30.42,13.29,5.0,1.0,34.88
2024-12-29,East,9.25,20.29,22.25,13.79,4.0,1.0,38.54
2024-12-29,North,8.42,21.67,17.38,10.5,3.0,1.0,35.04
2024-12-29,South,6.46,14.79,23.58,5.71,2.67,1.0,26.83
2024-12-29,West,8.33,16.71,14.12,14.79,4.0,1.0,34.79
2024-12-30,Central,7.04,16.75,23.33,19.83,4.54,1.0,29.62
2024-12-30,East,7.38,15.79,20.38,16.58,4.0,1.0,30.62
2024-12-30,North,7.46,20.29,14.92,9.33,3.0,1.0,30.42
2024-12-30,South,6.17,13.5,20.83,5.67,2.0,1.0,25.62
2024-12-30,West,7.12,14.42,14.0,15.67,3.88,1.0,29.54
2024-12-31,Central,7.42,18.25,28.08,20.79,2.25,1.0,30.79
2024-12-31,East,7.58,18.25,22.29,12.96,4.0,1.0,31.29
2024-12-31,North,8.17,18.96,16.79,9.62,3.0,1.0,33.54
2024-12-31,South,6.79,15.58,23.75,5.71,2.25,1.0,28.58
2024-12-31,West,6.79,15.04,14.33,16.0,3.0,1.0,28.71
