date,overall_aqi,dominant_pollutant
14/01/2014,76,co
15/01/2014,66,co
16/01/2014,45.45,co
17/01/2014,143.24,co
20/01/2014,55.95,pm10
23/01/2014,14.29,so2
24/01/2014,58.92,pm10
26/01/2014,17.14,so2
27/01/2014,30.19,no2
28/01/2014,16.04,no2
29/01/2014,59.41,pm10
30/01/2014,56.44,pm10
31/01/2014,52.98,pm10
02/02/2014,15.71,so2
03/02/2014,210.97,co
04/02/2014,50,pm10
05/02/2014,47.22,pm10
06/02/2014,17.92,no2
07/02/2014,38.89,pm10
08/02/2014,66,co
09/02/2014,15.71,so2
10/02/2014,86,co
11/02/2014,56,co
12/02/2014,37.04,pm10
13/02/2014,46.3,pm10
14/02/2014,76,co
17/02/2014,37.96,pm10
18/02/2014,42.59,pm10
19/02/2014,40.74,pm10
20/02/2014,39.81,pm10
21/02/2014,47.22,pm10
22/02/2014,46.3,pm10
23/02/2014,10.38,o3
24/02/2014,16.04,no2
25/02/2014,39.81,pm10
26/02/2014,41.67,pm10
27/02/2014,43.52,pm10
28/02/2014,37.96,pm10
01/03/2014,36.11,pm10
02/03/2014,34.26,pm10
03/03/2014,36.11,pm10
04/03/2014,76,co
05/03/2014,41.67,pm10
06/03/2014,86,co
07/03/2014,38.89,pm10
08/03/2014,38.89,pm10
09/03/2014,15.71,so2
10/03/2014,109.45,co
11/03/2014,40.74,pm10
12/03/2014,22.73,co
13/03/2014,41.67,pm10
14/03/2014,43.52,pm10
15/03/2014,45.45,co
16/03/2014,11.36,co
17/03/2014,56,co
18/03/2014,45.45,co
19/03/2014,29.63,pm10
20/03/2014,35.19,pm10
21/03/2014,39.81,pm10
23/03/2014,24.29,so2
24/03/2014,41.67,pm10
25/03/2014,40.74,pm10
26/03/2014,37.96,pm10
27/03/2014,34.26,pm10
28/03/2014,37.04,pm10
29/03/2014,37.96,pm10
02/04/2014,56,co
03/04/2014,56,co
04/04/2014,27.78,pm10
05/04/2014,4.72,no2
06/04/2014,34.26,pm10
07/04/2014,24.29,so2
08/04/2014,24.07,pm10
09/04/2014,159.45,co
10/04/2014,159.45,co
11/04/2014,21.43,so2
12/04/2014,51.49,pm10
13/04/2014,51.49,pm10
14/04/2014,37.04,pm10
15/04/2014,11.36,co
16/04/2014,30.56,pm10
17/04/2014,27.78,pm10
18/04/2014,31.48,pm10
19/04/2014,23.15,pm10
20/04/2014,21.3,pm10
21/04/2014,26.85,pm10
22/04/2014,40,so2
23/04/2014,8.49,o3
24/04/2014,32.41,pm10
25/04/2014,28.7,pm10
26/04/2014,7.07,o3
27/04/2014,45.45,co
28/04/2014,24.07,pm10
29/04/2014,34.29,so2
30/04/2014,29.63,pm10
01/05/2014,66,co
02/05/2014,25,pm10
05/05/2014,109.45,co
06/05/2014,86,co
07/05/2014,244.19,co
08/05/2014,38.89,pm10
11/05/2014,76,co
12/05/2014,18.52,pm10
13/05/2014,66,co
14/05/2014,21.3,pm10
15/05/2014,18.52,pm10
16/05/2014,21.3,pm10
18/05/2014,45.45,co
19/05/2014,86,co
20/05/2014,18.52,pm10
21/05/2014,210.97,co
22/05/2014,18.52,pm10
23/05/2014,21.3,pm10
25/05/2014,16.98,no2
26/05/2014,23.15,pm10
27/05/2014,40,so2
28/05/2014,20.37,pm10
29/05/2014,86,co
30/05/2014,18.52,pm10
01/06/2014,86,co
02/06/2014,176.34,co
03/06/2014,20.37,pm10
04/06/2014,18.87,no2
05/06/2014,204.32,co
06/06/2014,18.52,pm10
08/06/2014,193.24,co
09/06/2014,193.24,co
10/06/2014,193.24,co
11/06/2014,204.32,co
12/06/2014,193.24,co
13/06/2014,20.37,pm10
15/06/2014,56,co
16/06/2014,126.34,co
17/06/2014,22.22,pm10
18/06/2014,28.7,pm10
19/06/2014,76,co
20/06/2014,48.15,pm10
22/06/2014,45.45,co
23/06/2014,45.45,co
24/06/2014,27.78,pm10
25/06/2014,26.85,pm10
26/06/2014,32.41,pm10
30/06/2014,22.73,co
01/07/2014,37.96,pm10
06/07/2014,34.09,co
07/07/2014,56,co
08/07/2014,45.45,co
09/07/2014,17.59,pm10
10/07/2014,18.52,pm10
13/07/2014,31.43,so2
14/07/2014,21.3,pm10
15/07/2014,31.43,so2
16/07/2014,28.57,so2
17/07/2014,34.09,co
18/07/2014,30,so2
19/07/2014,21.3,pm10
20/07/2014,66,co
21/07/2014,109.45,co
22/07/2014,35.19,pm10
23/07/2014,22.22,pm10
24/07/2014,24.07,pm10
27/07/2014,244.19,co
28/07/2014,126.34,co
29/07/2014,143.24,co
30/07/2014,36.11,pm10
31/07/2014,86,co
01/08/2014,42.59,pm10
03/08/2014,11.36,co
04/08/2014,30.56,pm10
05/08/2014,18.52,pm10
06/08/2014,21.3,pm10
07/08/2014,109.45,co
08/08/2014,230.9,co
09/08/2014,18.52,pm10
12/08/2014,126.34,co
13/08/2014,237.54,co
14/08/2014,56,co
15/08/2014,25,pm10
17/08/2014,34.09,co
18/08/2014,193.24,co
19/08/2014,32.41,pm10
20/08/2014,204.32,co
21/08/2014,37.04,pm10
22/08/2014,11.36,co
23/08/2014,37.96,pm10
24/08/2014,34.09,co
25/08/2014,159.45,co
26/08/2014,66,co
27/08/2014,34.09,co
28/08/2014,210.97,co
29/08/2014,21.3,pm10
31/08/2014,7.14,so2
01/09/2014,66,co
02/09/2014,26.85,pm10
03/09/2014,22.73,co
04/09/2014,204.32,co
05/09/2014,27.78,pm10
07/09/2014,11.36,co
08/09/2014,34.09,co
09/09/2014,176.34,co
10/09/2014,66,co
11/09/2014,193.24,co
12/09/2014,204.32,co
13/09/2014,31.48,pm10
14/09/2014,210.97,co
15/09/2014,210.97,co
16/09/2014,210.97,co
17/09/2014,204.32,co
18/09/2014,210.97,co
19/09/2014,26.85,pm10
21/09/2014,176.34,co
22/09/2014,176.34,co
23/09/2014,204.32,co
24/09/2014,35.19,pm10
28/09/2014,176.34,co
29/09/2014,159.45,co
30/09/2014,204.32,co
01/10/2014,204.32,co
02/10/2014,159.45,co
03/10/2014,159.45,co
04/10/2014,28.57,so2
05/10/2014,28.7,pm10
08/10/2014,17.59,pm10
09/10/2014,45.45,co
10/10/2014,109.45,co
13/10/2014,66,co
14/10/2014,45.45,co
15/10/2014,45.45,co
16/10/2014,66,co
17/10/2014,86,co
20/10/2014,66,co
21/10/2014,56,co
22/10/2014,143.24,co
24/10/2014,126.34,co
27/10/2014,109.45,co
28/10/2014,66,co
29/10/2014,66,co
30/10/2014,56,co
31/10/2014,76,co
04/11/2014,86,co
05/11/2014,109.45,co
06/11/2014,76,co
07/11/2014,45.37,pm10
10/11/2014,28.7,pm10
11/11/2014,56,co
12/11/2014,159.45,co
13/11/2014,176.34,co
14/11/2014,237.54,co
17/11/2014,126.34,co
18/11/2014,54.96,pm10
19/11/2014,43.52,pm10
20/11/2014,53.47,pm10
26/11/2014,50,pm10
12/12/2014,66,co
15/12/2014,109.45,co
16/12/2014,109.45,co
19/04/2015,15.09,o3
20/04/2015,24.07,pm10
23/04/2015,14.15,no2
24/04/2015,36.11,pm10
25/04/2015,46.3,pm10
27/04/2015,16.98,no2
28/04/2015,34.26,pm10
29/04/2015,31.48,pm10
30/04/2015,32.41,pm10
05/05/2015,11.32,no2
06/05/2015,30.56,pm10
07/05/2015,31.48,pm10
08/05/2015,47.22,pm10
09/05/2015,21.3,pm10
10/05/2015,18.52,pm10
11/05/2015,29.63,pm10
12/05/2015,28.7,pm10
13/05/2015,20.37,pm10
14/05/2015,14.81,pm10
15/05/2015,28.7,pm10
16/05/2015,22.22,pm10
17/05/2015,14.81,pm10
18/05/2015,20.37,pm10
19/05/2015,18.52,pm10
20/05/2015,22.22,pm10
21/05/2015,18.52,pm10
22/05/2015,20.37,pm10
23/05/2015,14.81,pm10
24/05/2015,12.96,pm10
25/05/2015,21.3,pm10
26/05/2015,25.93,pm10
27/05/2015,19.44,pm10
28/05/2015,19.44,pm10
29/05/2015,20.37,pm10
30/05/2015,14.81,pm10
31/05/2015,14.81,pm10
01/06/2015,11.32,o3
02/06/2015,31.43,so2
03/06/2015,14.81,pm10
04/06/2015,22.22,pm10
05/06/2015,18.52,pm10
06/06/2015,18.52,pm10
07/06/2015,12.96,pm10
08/06/2015,16.67,pm10
09/06/2015,18.52,pm10
10/06/2015,9.43,no2
11/06/2015,24.07,pm10
12/06/2015,27.78,pm10
13/06/2015,17.92,no2
14/06/2015,27.78,pm10
15/06/2015,21.3,pm10
16/06/2015,19.44,pm10
17/06/2015,13.89,pm10
18/06/2015,12.96,pm10
19/06/2015,19.44,pm10
20/06/2015,18.57,so2
21/06/2015,12.86,so2
22/06/2015,25.93,pm10
23/06/2015,24.07,pm10
24/06/2015,18.52,pm10
25/06/2015,15.74,pm10
26/06/2015,23.15,pm10
27/06/2015,17.59,pm10
28/06/2015,22.22,pm10
29/06/2015,21.3,pm10
30/06/2015,19.44,pm10
01/07/2015,19.44,pm10
02/07/2015,22.86,so2
03/07/2015,20.37,pm10
04/07/2015,25.93,pm10
05/07/2015,18.52,pm10
06/07/2015,28.7,pm10
07/07/2015,40.74,pm10
08/07/2015,46.3,pm10
09/07/2015,45.37,pm10
10/07/2015,40.74,pm10
11/07/2015,33.33,pm10
12/07/2015,16.67,pm10
13/07/2015,14.81,pm10
14/07/2015,27.78,pm10
15/07/2015,35.19,pm10
16/07/2015,23.15,pm10
17/07/2015,25.93,pm10
18/07/2015,27.78,pm10
19/07/2015,17.59,pm10
20/07/2015,21.3,pm10
21/07/2015,23.15,pm10
22/07/2015,25.93,pm10
23/07/2015,23.15,pm10
24/07/2015,27.78,pm10
25/07/2015,30.56,pm10
26/07/2015,27.78,pm10
27/07/2015,31.48,pm10
28/07/2015,25.93,pm10
29/07/2015,25,pm10
30/07/2015,23.15,pm10
31/07/2015,22.22,pm10
01/08/2015,17.59,pm10
02/08/2015,13.89,pm10
03/08/2015,23.15,pm10
04/08/2015,18.52,pm10
05/08/2015,20.37,pm10
06/08/2015,25,pm10
07/08/2015,32.86,so2
08/08/2015,22.22,pm10
09/08/2015,19.44,pm10
10/08/2015,24.07,pm10
11/08/2015,22.22,pm10
12/08/2015,23.15,pm10
13/08/2015,19.44,pm10
14/08/2015,20.37,pm10
15/08/2015,20.37,pm10
16/08/2015,20.37,pm10
17/08/2015,22.22,pm10
18/08/2015,25,pm10
19/08/2015,23.15,pm10
20/08/2015,16.67,pm10
21/08/2015,14.81,pm10
22/08/2015,17.14,so2
23/08/2015,14.29,so2
24/08/2015,17.59,pm10
25/08/2015,25,pm10
26/08/2015,23.15,pm10
27/08/2015,23.15,pm10
28/08/2015,18.52,pm10
29/08/2015,20.37,pm10
30/08/2015,22.22,pm10
31/08/2015,22.22,pm10
01/09/2015,14.81,pm10
02/09/2015,27.83,o3
03/09/2015,24.07,pm10
04/09/2015,34.26,pm10
05/09/2015,23.15,pm10
06/09/2015,13.89,pm10
07/09/2015,20.37,pm10
08/09/2015,38.57,so2
09/09/2015,17.59,pm10
10/09/2015,19.44,pm10
11/09/2015,20.37,pm10
12/09/2015,18.52,pm10
13/09/2015,20.37,pm10
14/09/2015,17.59,pm10
15/09/2015,24.07,pm10
16/09/2015,14.81,pm10
17/09/2015,14.15,no2
18/09/2015,34.26,pm10
19/09/2015,35.37,o3
20/09/2015,54.96,pm10
21/09/2015,55.45,pm10
22/09/2015,46.3,pm10
23/09/2015,10.38,no2
24/09/2015,25,pm10
25/09/2015,16.67,pm10
27/09/2015,12.26,no2
28/09/2015,23.15,pm10
29/09/2015,18.52,pm10
30/09/2015,27.78,pm10
01/10/2015,31.48,pm10
02/10/2015,49.07,pm10
04/10/2015,9.43,no2
05/10/2015,17.59,pm10
06/10/2015,26.85,pm10
07/10/2015,28.7,pm10
08/10/2015,30.56,pm10
09/10/2015,27.78,pm10
10/10/2015,30.56,pm10
11/10/2015,29.63,pm10
12/10/2015,24.07,pm10
13/10/2015,29.63,pm10
14/10/2015,36.11,pm10
15/10/2015,34.26,pm10
16/10/2015,34.26,pm10
17/10/2015,39.81,pm10
18/10/2015,35.19,pm10
19/10/2015,47.22,pm10
20/10/2015,34.26,pm10
21/10/2015,25.93,pm10
22/10/2015,29.63,pm10
23/10/2015,51.99,pm10
24/10/2015,42.59,pm10
25/10/2015,37.96,pm10
26/10/2015,40.74,pm10
27/10/2015,31.48,pm10
28/10/2015,33.33,pm10
29/10/2015,45.37,pm10
30/10/2015,47.22,pm10
31/10/2015,34.26,pm10
01/11/2015,26.85,pm10
02/11/2015,28.7,pm10
03/11/2015,27.78,pm10
04/11/2015,35.19,pm10
05/11/2015,37.96,pm10
06/11/2015,37.04,pm10
07/11/2015,25,pm10
08/11/2015,17.59,pm10
09/11/2015,31.48,pm10
10/11/2015,27.78,pm10
11/11/2015,28.7,pm10
12/11/2015,34.26,pm10
13/11/2015,46.3,pm10
14/11/2015,37.96,pm10
15/11/2015,20.37,pm10
16/11/2015,28.7,pm10
17/11/2015,28.77,o3
18/11/2015,32.41,pm10
19/11/2015,37.96,pm10
20/11/2015,36.11,pm10
21/11/2015,26.85,pm10
22/11/2015,20.37,pm10
23/11/2015,32.41,pm10
24/11/2015,37.04,pm10
25/11/2015,31.48,pm10
26/11/2015,27.78,pm10
27/11/2015,25.93,pm10
28/11/2015,28.7,pm10
29/11/2015,31.48,pm10
30/11/2015,37.04,pm10
01/12/2015,37.96,pm10
02/12/2015,25.93,pm10
03/12/2015,25,pm10
04/12/2015,44.44,pm10
05/12/2015,33.33,pm10
06/12/2015,29.63,pm10
07/12/2015,135.97,o3
08/12/2015,38.89,pm10
09/12/2015,42.59,pm10
10/12/2015,55.95,pm10
11/12/2015,52.98,pm10
12/12/2015,33.33,pm10
13/12/2015,27.83,o3
14/12/2015,43.52,pm10
15/12/2015,63.87,pm10
16/12/2015,51,pm10
17/12/2015,34.26,pm10
18/12/2015,34.26,pm10
19/12/2015,33.33,pm10
20/12/2015,41.67,pm10
21/12/2015,52.48,pm10
22/12/2015,53.47,pm10
23/12/2015,51.99,pm10
24/12/2015,51.49,pm10
25/12/2015,38.89,pm10
26/12/2015,37.04,pm10
27/12/2015,43.52,pm10
28/12/2015,49.07,pm10
29/12/2015,39.81,pm10
30/12/2015,37.04,pm10
02/01/2016,28.3,o3
03/01/2016,38.89,pm10
04/01/2016,54.96,pm10
05/01/2016,52.98,pm10
06/01/2016,46.3,pm10
07/01/2016,50,pm10
08/01/2016,40.74,pm10
09/01/2016,34.26,pm10
10/01/2016,25.93,pm10
11/01/2016,35.19,pm10
12/01/2016,33.33,pm10
13/01/2016,35.19,pm10
14/01/2016,35.19,pm10
15/01/2016,27.78,pm10
16/01/2016,30.56,pm10
17/01/2016,19.44,pm10
18/01/2016,23.15,pm10
19/01/2016,23.15,pm10
20/01/2016,36.11,pm10
21/01/2016,35.19,pm10
22/01/2016,37.96,pm10
23/01/2016,37.96,pm10
24/01/2016,34.26,pm10
25/01/2016,38.89,pm10
26/01/2016,52.98,pm10
27/01/2016,54.96,pm10
28/01/2016,59.91,pm10
29/01/2016,61.39,pm10
30/01/2016,50,pm10
31/01/2016,30.56,pm10
01/02/2016,30.56,pm10
02/02/2016,48.15,pm10
03/02/2016,47.22,pm10
04/02/2016,52.48,pm10
05/02/2016,52.48,pm10
06/02/2016,47.22,pm10
07/02/2016,55.95,pm10
08/02/2016,69.34,o3
09/02/2016,59.41,pm10
10/02/2016,70.8,pm10
11/02/2016,54.96,pm10
12/02/2016,52.98,pm10
13/02/2016,48.15,pm10
14/02/2016,40.74,pm10
15/02/2016,37.96,pm10
16/02/2016,37.96,pm10
17/02/2016,51.49,pm10
18/02/2016,51.49,pm10
19/02/2016,51,pm10
20/02/2016,48.15,pm10
21/02/2016,41.67,pm10
22/02/2016,41.67,pm10
23/02/2016,39.81,pm10
24/02/2016,46.3,pm10
25/02/2016,48.15,pm10
26/02/2016,44.44,pm10
27/02/2016,54.46,pm10
28/02/2016,52.98,pm10
29/02/2016,52.98,pm10
01/03/2016,58.92,pm10
02/03/2016,61.89,pm10
03/03/2016,60.9,pm10
04/03/2016,51,pm10
05/03/2016,40.74,pm10
06/03/2016,37.96,pm10
07/03/2016,43.52,pm10
08/03/2016,43.52,pm10
09/03/2016,42.59,pm10
10/03/2016,41.67,pm10
11/03/2016,37.04,pm10
12/03/2016,37.96,pm10
13/03/2016,25.93,pm10
14/03/2016,30.56,pm10
15/03/2016,34.26,pm10
16/03/2016,40.74,pm10
17/03/2016,37.04,pm10
18/03/2016,41.67,pm10
19/03/2016,41.67,pm10
20/03/2016,39.81,pm10
21/03/2016,34.26,pm10
22/03/2016,37.04,pm10
23/03/2016,44.44,pm10
24/03/2016,49.07,pm10
25/03/2016,49.07,pm10
26/03/2016,45.37,pm10
27/03/2016,38.89,pm10
28/03/2016,51,pm10
29/03/2016,50,pm10
30/03/2016,46.3,pm10
31/03/2016,51.99,pm10
01/04/2016,46.3,pm10
02/04/2016,37.04,pm10
03/04/2016,27.78,pm10
04/04/2016,32.41,pm10
05/04/2016,29.63,pm10
06/04/2016,31.48,pm10
07/04/2016,35.19,pm10
08/04/2016,33.33,pm10
09/04/2016,31.48,pm10
10/04/2016,27.78,pm10
11/04/2016,37.04,pm10
12/04/2016,47.22,pm10
13/04/2016,50,pm10
14/04/2016,48.15,pm10
15/04/2016,44.44,pm10
16/04/2016,38.89,pm10
17/04/2016,37.96,pm10
18/04/2016,37.04,pm10
19/04/2016,37.96,pm10
20/04/2016,27.78,pm10
21/04/2016,36.11,pm10
22/04/2016,35.19,pm10
23/04/2016,37.04,pm10
24/04/2016,28.7,pm10
25/04/2016,34.26,pm10
26/04/2016,34.26,pm10
27/04/2016,35.19,pm10
28/04/2016,38.89,pm10
29/04/2016,31.48,pm10
30/04/2016,20.37,pm10
01/05/2016,12.73,o3
02/05/2016,11.32,o3
03/05/2016,28.7,pm10
04/05/2016,20.37,pm10
05/05/2016,16.67,pm10
06/05/2016,13.21,no2
07/05/2016,36.11,pm10
08/05/2016,14.81,pm10
09/05/2016,11.11,pm10
10/05/2016,16.67,pm10
11/05/2016,18.52,pm10
12/05/2016,20.37,pm10
13/05/2016,22.22,pm10
14/05/2016,26.85,pm10
15/05/2016,20.75,o3
16/05/2016,25.94,o3
17/05/2016,25,pm10
18/05/2016,17.59,pm10
19/05/2016,21.3,pm10
20/05/2016,13.68,o3
21/05/2016,14.29,so2
22/05/2016,14.29,so2
23/05/2016,13.89,pm10
24/05/2016,25.93,pm10
25/05/2016,30.56,pm10
26/05/2016,25,pm10
27/05/2016,25,pm10
28/05/2016,27.78,pm10
29/05/2016,26.85,pm10
30/05/2016,30.56,pm10
31/05/2016,24.07,pm10
01/06/2016,19.44,pm10
02/06/2016,18.52,pm10
03/06/2016,16.67,pm10
04/06/2016,18.52,pm10
05/06/2016,17.59,pm10
06/06/2016,21.3,pm10
07/06/2016,19.44,pm10
08/06/2016,21.43,so2
09/06/2016,21.3,pm10
10/06/2016,21.3,pm10
11/06/2016,21.3,pm10
12/06/2016,66.08,so2
13/06/2016,21.3,pm10
14/06/2016,18.52,pm10
15/06/2016,19.44,pm10
16/06/2016,15.74,pm10
17/06/2016,14.15,no2
18/06/2016,17.59,pm10
19/06/2016,18.52,pm10
20/06/2016,21.3,pm10
21/06/2016,16.67,pm10
22/06/2016,19.44,pm10
23/06/2016,21.3,pm10
24/06/2016,17.59,pm10
25/06/2016,21.3,pm10
26/06/2016,15.74,pm10
27/06/2016,16.67,pm10
28/06/2016,16.67,pm10
29/06/2016,19.44,pm10
30/06/2016,19.44,pm10
01/07/2016,22.22,pm10
02/07/2016,35.19,pm10
03/07/2016,25.93,pm10
04/07/2016,38.89,pm10
05/07/2016,41.67,pm10
06/07/2016,14.81,pm10
07/07/2016,19.44,pm10
08/07/2016,21.3,pm10
09/07/2016,18.52,pm10
10/07/2016,18.52,pm10
11/07/2016,29.63,pm10
12/07/2016,35.19,pm10
13/07/2016,30.56,pm10
14/07/2016,28.7,pm10
15/07/2016,33.33,pm10
17/07/2016,22.22,pm10
18/07/2016,18.52,pm10
19/07/2016,16.67,pm10
20/07/2016,14.81,pm10
21/07/2016,18.52,pm10
22/07/2016,24.07,pm10
23/07/2016,23.15,pm10
24/07/2016,21.3,pm10
25/07/2016,25.93,pm10
26/07/2016,17.59,pm10
27/07/2016,13.89,pm10
28/07/2016,16.67,pm10
29/07/2016,15.74,pm10
30/07/2016,94.95,pm25
31/07/2016,86.54,pm25
01/08/2016,90.75,pm25
02/08/2016,92.85,pm25
03/08/2016,119.47,pm25
04/08/2016,65.51,pm25
05/08/2016,97.06,pm25
06/08/2016,102.23,pm25
07/08/2016,92.85,pm25
08/08/2016,90.75,pm25
09/08/2016,99.16,pm25
10/08/2016,126.85,pm25
11/08/2016,146.55,pm25
12/08/2016,112.08,pm25
13/08/2016,114.54,pm25
14/08/2016,107.16,pm25
15/08/2016,126.85,pm25
16/08/2016,141.63,pm25
17/08/2016,149.02,pm25
18/08/2016,149.02,pm25
19/08/2016,151.26,pm25
20/08/2016,151.26,pm25
21/08/2016,144.09,pm25
22/08/2016,149.02,pm25
23/08/2016,146.55,pm25
24/08/2016,141.63,pm25
25/08/2016,149.02,pm25
26/08/2016,152.29,pm25
27/08/2016,107.16,pm25
28/08/2016,114.54,pm25
29/08/2016,97.06,pm25
30/08/2016,88.64,pm25
31/08/2016,67.61,pm25
01/09/2016,84.44,pm25
02/09/2016,69.72,pm25
03/09/2016,65.51,pm25
04/09/2016,65.51,pm25
05/09/2016,94.95,pm25
06/09/2016,82.33,pm25
07/09/2016,92.85,pm25
08/09/2016,114.54,pm25
09/09/2016,141.63,pm25
10/09/2016,117.01,pm25
11/09/2016,99.16,pm25
12/09/2016,88.64,pm25
13/09/2016,114.54,pm25
14/09/2016,82.33,pm25
15/09/2016,134.24,pm25
16/09/2016,84.44,pm25
17/09/2016,94.95,pm25
18/09/2016,90.75,pm25
19/09/2016,94.95,pm25
20/09/2016,141.63,pm25
21/09/2016,146.55,pm25
22/09/2016,154.87,pm25
23/09/2016,129.32,pm25
24/09/2016,153.84,pm25
25/09/2016,97.06,pm25
26/09/2016,97.06,pm25
27/09/2016,121.93,pm25
28/09/2016,92.85,pm25
29/09/2016,94.95,pm25
30/09/2016,107.16,pm25
01/10/2016,114.54,pm25
02/10/2016,126.85,pm25
03/10/2016,121.93,pm25
04/10/2016,126.85,pm25
05/10/2016,144.09,pm25
06/10/2016,131.78,pm25
07/10/2016,104.69,pm25
08/10/2016,88.64,pm25
09/10/2016,124.39,pm25
10/10/2016,114.54,pm25
11/10/2016,141.63,pm25
12/10/2016,166.23,pm25
13/10/2016,165.72,pm25
14/10/2016,159,pm25
15/10/2016,156.94,pm25
16/10/2016,154.36,pm25
17/10/2016,139.17,pm25
18/10/2016,165.2,pm25
19/10/2016,161.07,pm25
20/10/2016,102.23,pm25
21/10/2016,124.39,pm25
22/10/2016,126.85,pm25
23/10/2016,109.62,pm25
24/10/2016,159.52,pm25
25/10/2016,167.26,pm25
26/10/2016,151.77,pm25
27/10/2016,97.06,pm25
28/10/2016,156.94,pm25
29/10/2016,129.32,pm25
30/10/2016,99.16,pm25
31/10/2016,80.23,pm25
01/11/2016,117.01,pm25
02/11/2016,126.85,pm25
03/11/2016,139.17,pm25
04/11/2016,152.81,pm25
05/11/2016,161.58,pm25
06/11/2016,188.43,pm25
07/11/2016,169.33,pm25
08/11/2016,156.94,pm25
09/11/2016,154.36,pm25
10/11/2016,156.42,pm25
11/11/2016,124.39,pm25
12/11/2016,99.16,pm25
13/11/2016,117.01,pm25
14/11/2016,154.87,pm25
15/11/2016,168.81,pm25
16/11/2016,155.39,pm25
17/11/2016,146.55,pm25
18/11/2016,154.36,pm25
19/11/2016,151.77,pm25
20/11/2016,160.04,pm25
21/11/2016,166.75,pm25
22/11/2016,167.78,pm25
23/11/2016,160.04,pm25
24/11/2016,129.32,pm25
25/11/2016,152.81,pm25
26/11/2016,151.26,pm25
27/11/2016,84.44,pm25
28/11/2016,107.16,pm25
29/11/2016,144.09,pm25
30/11/2016,153.32,pm25
01/12/2016,136.7,pm25
02/12/2016,155.39,pm25
03/12/2016,154.87,pm25
04/12/2016,139.17,pm25
05/12/2016,152.81,pm25
06/12/2016,154.87,pm25
07/12/2016,170.88,pm25
08/12/2016,175.53,pm25
09/12/2016,169.85,pm25
10/12/2016,169.33,pm25
11/12/2016,182.75,pm25
12/12/2016,192.56,pm25
13/12/2016,195.66,pm25
14/12/2016,177.07,pm25
15/12/2016,144.09,pm25
16/12/2016,107.16,pm25
17/12/2016,155.39,pm25
18/12/2016,166.75,pm25
19/12/2016,178.11,pm25
20/12/2016,175.53,pm25
21/12/2016,185.34,pm25
22/12/2016,161.58,pm25
23/12/2016,156.42,pm25
24/12/2016,158.49,pm25
25/12/2016,163.13,pm25
26/12/2016,167.26,pm25
27/12/2016,161.58,pm25
28/12/2016,152.81,pm25
29/12/2016,164.68,pm25
30/12/2016,169.33,pm25
31/12/2016,168.3,pm25
01/01/2017,24.07,pm10
02/01/2017,157.97,pm25
03/01/2017,155.39,pm25
04/01/2017,166.23,pm25
14/01/2017,198.34,so2
15/01/2017,180.17,pm25
16/01/2017,154.87,pm25
17/01/2017,152.81,pm25
18/01/2017,155.91,pm25
19/01/2017,159.52,pm25
20/01/2017,158.49,pm25
21/01/2017,156.94,pm25
22/01/2017,152.29,pm25
23/01/2017,155.39,pm25
24/01/2017,163.13,pm25
25/01/2017,172.94,pm25
26/01/2017,151.26,pm25
27/01/2017,157.45,pm25
28/01/2017,160.04,pm25
29/01/2017,177.59,pm25
30/01/2017,181.72,pm25
31/01/2017,175.01,pm25
01/02/2017,169.33,pm25
02/02/2017,168.3,pm25
03/02/2017,152.81,pm25
04/02/2017,168.81,pm25
05/02/2017,188.95,pm25
06/02/2017,199.79,pm25
07/02/2017,177.59,pm25
08/02/2017,162.62,pm25
09/02/2017,166.23,pm25
10/02/2017,179.66,pm25
11/02/2017,184.82,pm25
12/02/2017,168.81,pm25
13/02/2017,182.24,pm25
14/02/2017,185.85,pm25
15/02/2017,177.07,pm25
16/02/2017,173.46,pm25
17/02/2017,184.82,pm25
18/02/2017,198.76,pm25
19/02/2017,199.79,pm25
20/02/2017,181.21,pm25
21/02/2017,162.1,pm25
22/02/2017,157.45,pm25
23/02/2017,149.02,pm25
24/02/2017,149.02,pm25
25/02/2017,153.32,pm25
26/02/2017,144.09,pm25
27/02/2017,162.1,pm25
28/02/2017,188.95,pm25
01/03/2017,188.43,pm25
02/03/2017,197.73,pm25
03/03/2017,197.73,pm25
04/03/2017,182.24,pm25
05/03/2017,166.23,pm25
06/03/2017,165.2,pm25
07/03/2017,162.62,pm25
08/03/2017,165.2,pm25
09/03/2017,157.97,pm25
10/03/2017,154.36,pm25
11/03/2017,158.49,pm25
12/03/2017,154.87,pm25
13/03/2017,158.49,pm25
14/03/2017,159,pm25
15/03/2017,159,pm25
16/03/2017,159.52,pm25
17/03/2017,157.97,pm25
18/03/2017,152.29,pm25
19/03/2017,149.02,pm25
20/03/2017,131.78,pm25
21/03/2017,149.02,pm25
22/03/2017,153.32,pm25
23/03/2017,131.78,pm25
24/03/2017,144.09,pm25
25/03/2017,155.91,pm25
26/03/2017,155.39,pm25
27/03/2017,151.26,pm25
28/03/2017,155.39,pm25
29/03/2017,159.52,pm25
30/03/2017,154.36,pm25
31/03/2017,107.16,pm25
01/04/2017,151.26,pm25
02/04/2017,159,pm25
03/04/2017,160.04,pm25
04/04/2017,167.26,pm25
05/04/2017,168.3,pm25
06/04/2017,157.45,pm25
07/04/2017,139.17,pm25
08/04/2017,149.02,pm25
09/04/2017,107.16,pm25
10/04/2017,102.23,pm25
11/04/2017,90.75,pm25
12/04/2017,76.03,pm25
13/04/2017,90.75,pm25
14/04/2017,119.47,pm25
15/04/2017,131.78,pm25
16/04/2017,134.24,pm25
17/04/2017,154.36,pm25
18/04/2017,151.26,pm25
19/04/2017,117.01,pm25
20/04/2017,126.85,pm25
21/04/2017,156.42,pm25
22/04/2017,172.94,pm25
23/04/2017,176.56,pm25
24/04/2017,165.2,pm25
25/04/2017,166.23,pm25
26/04/2017,163.65,pm25
27/04/2017,164.17,pm25
28/04/2017,156.94,pm25
29/04/2017,160.55,pm25
30/04/2017,155.39,pm25
01/05/2017,109.62,pm25
02/05/2017,134.24,pm25
03/05/2017,134.24,pm25
04/05/2017,151.26,pm25
05/05/2017,107.16,pm25
06/05/2017,155.91,pm25
07/05/2017,134.24,pm25
08/05/2017,134.24,pm25
09/05/2017,146.55,pm25
10/05/2017,134.24,pm25
11/05/2017,102.23,pm25
23/05/2017,20.37,pm10
24/05/2017,112.08,pm25
25/05/2017,107.16,pm25
26/05/2017,107.16,pm25
27/05/2017,82.33,pm25
28/05/2017,76.03,pm25
29/05/2017,92.85,pm25
30/05/2017,134.24,pm25
31/05/2017,151.26,pm25
01/06/2017,124.39,pm25
02/06/2017,4.72,no2
03/06/2017,4.24,o3
04/06/2017,12.04,pm10
05/06/2017,10.19,pm10
06/06/2017,124.39,pm25
07/06/2017,90.75,pm25
08/06/2017,76.03,pm25
09/06/2017,114.54,pm25
10/06/2017,153.32,pm25
11/06/2017,157.97,pm25
12/06/2017,155.91,pm25
13/06/2017,155.91,pm25
14/06/2017,155.39,pm25
15/06/2017,165.72,pm25
16/06/2017,168.3,pm25
17/06/2017,168.81,pm25
18/06/2017,157.45,pm25
19/06/2017,153.84,pm25
20/06/2017,156.42,pm25
21/06/2017,104.69,pm25
22/06/2017,76.03,pm25
23/06/2017,94.95,pm25
24/06/2017,90.75,pm25
25/06/2017,104.69,pm25
26/06/2017,124.39,pm25
27/06/2017,141.63,pm25
28/06/2017,139.17,pm25
29/06/2017,129.32,pm25
30/06/2017,144.09,pm25
01/07/2017,136.7,pm25
02/07/2017,134.24,pm25
03/07/2017,139.17,pm25
04/07/2017,131.78,pm25
05/07/2017,149.02,pm25
06/07/2017,146.55,pm25
07/07/2017,114.54,pm25
08/07/2017,126.85,pm25
09/07/2017,141.63,pm25
10/07/2017,141.63,pm25
11/07/2017,139.17,pm25
12/07/2017,144.09,pm25
13/07/2017,126.85,pm25
14/07/2017,119.47,pm25
15/07/2017,129.32,pm25
16/07/2017,131.78,pm25
17/07/2017,149.02,pm25
18/07/2017,153.84,pm25
19/07/2017,151.26,pm25
20/07/2017,124.39,pm25
21/07/2017,149.02,pm25
22/07/2017,136.7,pm25
23/07/2017,126.85,pm25
24/07/2017,141.63,pm25
25/07/2017,134.24,pm25
26/07/2017,117.01,pm25
27/07/2017,131.78,pm25
28/07/2017,141.63,pm25
29/07/2017,152.29,pm25
30/07/2017,155.39,pm25
31/07/2017,157.97,pm25
01/08/2017,157.45,pm25
02/08/2017,156.42,pm25
03/08/2017,156.94,pm25
04/08/2017,155.39,pm25
05/08/2017,152.29,pm25
06/08/2017,152.29,pm25
07/08/2017,144.09,pm25
08/08/2017,126.85,pm25
09/08/2017,119.47,pm25
10/08/2017,151.26,pm25
11/08/2017,146.55,pm25
12/08/2017,126.85,pm25
13/08/2017,146.55,pm25
14/08/2017,134.24,pm25
15/08/2017,134.24,pm25
16/08/2017,124.39,pm25
17/08/2017,114.54,pm25
18/08/2017,149.02,pm25
19/08/2017,153.32,pm25
20/08/2017,18.52,pm10
21/08/2017,126.85,pm25
22/08/2017,131.78,pm25
23/08/2017,119.47,pm25
24/08/2017,131.78,pm25
25/08/2017,119.47,pm25
01/09/2017,22.22,pm10
02/09/2017,136.7,pm25
03/09/2017,134.24,pm25
04/09/2017,139.17,pm25
05/09/2017,131.78,pm25
06/09/2017,109.62,pm25
14/09/2017,20.37,pm10
15/09/2017,134.24,pm25
16/09/2017,121.93,pm25
17/09/2017,114.54,pm25
18/09/2017,131.78,pm25
19/09/2017,141.63,pm25
20/09/2017,156.42,pm25
21/09/2017,170.36,pm25
22/09/2017,157.97,pm25
23/09/2017,155.91,pm25
24/09/2017,134.24,pm25
25/09/2017,131.78,pm25
26/09/2017,126.85,pm25
27/09/2017,144.09,pm25
28/09/2017,149.02,pm25
29/09/2017,157.97,pm25
30/09/2017,156.42,pm25
01/10/2017,153.84,pm25
02/10/2017,152.81,pm25
03/10/2017,139.17,pm25
04/10/2017,129.32,pm25
05/10/2017,151.77,pm25
06/10/2017,152.81,pm25
07/10/2017,33.33,pm10
08/10/2017,165.72,pm25
09/10/2017,161.07,pm25
10/10/2017,162.62,pm25
11/10/2017,160.55,pm25
12/10/2017,162.1,pm25
13/10/2017,164.17,pm25
14/10/2017,152.81,pm25
15/10/2017,107.16,pm25
16/10/2017,129.32,pm25
17/10/2017,131.78,pm25
18/10/2017,152.81,pm25
19/10/2017,161.58,pm25
20/10/2017,7.55,no2
21/10/2017,24.07,pm10
22/10/2017,159.52,pm25
23/10/2017,151.26,pm25
24/10/2017,154.87,pm25
25/10/2017,156.94,pm25
26/10/2017,160.55,pm25
27/10/2017,164.17,pm25
28/10/2017,175.01,pm25
29/10/2017,189.47,pm25
30/10/2017,187.92,pm25
31/10/2017,181.72,pm25
01/11/2017,176.04,pm25
02/11/2017,173.98,pm25
03/11/2017,180.17,pm25
04/11/2017,188.43,pm25
05/11/2017,165.2,pm25
06/11/2017,179.66,pm25
07/11/2017,182.75,pm25
08/11/2017,167.26,pm25
09/11/2017,157.97,pm25
10/11/2017,161.07,pm25
11/11/2017,159.52,pm25
12/11/2017,169.85,pm25
13/11/2017,163.13,pm25
14/11/2017,178.62,pm25
15/11/2017,180.17,pm25
16/11/2017,169.85,pm25
17/11/2017,176.56,pm25
18/11/2017,179.66,pm25
19/11/2017,178.11,pm25
20/11/2017,144.09,pm25
21/11/2017,154.36,pm25
22/11/2017,158.49,pm25
23/11/2017,149.02,pm25
24/11/2017,151.26,pm25
25/11/2017,158.49,pm25
26/11/2017,159,pm25
27/11/2017,159.52,pm25
28/11/2017,168.3,pm25
29/11/2017,167.78,pm25
30/11/2017,162.1,pm25
01/12/2017,163.65,pm25
02/12/2017,160.55,pm25
03/12/2017,156.94,pm25
04/12/2017,25.93,pm10
05/12/2017,157.45,pm25
06/12/2017,166.75,pm25
07/12/2017,164.17,pm25
08/12/2017,166.23,pm25
09/12/2017,46.3,pm10
10/12/2017,182.24,pm25
11/12/2017,195.15,pm25
12/12/2017,184.3,pm25
13/12/2017,171.91,pm25
14/12/2017,167.26,pm25
15/12/2017,172.43,pm25
16/12/2017,164.17,pm25
17/12/2017,157.45,pm25
18/12/2017,176.56,pm25
19/12/2017,180.17,pm25
20/12/2017,182.75,pm25
21/12/2017,181.21,pm25
22/12/2017,199.79,pm25
23/12/2017,212.4,pm25
24/12/2017,191.02,pm25
25/12/2017,169.33,pm25
26/12/2017,193.6,pm25
27/12/2017,182.24,pm25
28/12/2017,173.98,pm25
29/12/2017,166.75,pm25
30/12/2017,158.49,pm25
31/12/2017,151.26,pm25
01/01/2018,157.97,pm25
02/01/2018,166.23,pm25
03/01/2018,173.46,pm25
04/01/2018,182.75,pm25
05/01/2018,203.48,pm25
06/01/2018,205.46,pm25
07/01/2018,155.91,pm25
08/01/2018,156.94,pm25
09/01/2018,160.55,pm25
10/01/2018,155.39,pm25
11/01/2018,163.13,pm25
12/01/2018,164.17,pm25
13/01/2018,173.46,pm25
14/01/2018,182.75,pm25
15/01/2018,179.66,pm25
16/01/2018,192.05,pm25
17/01/2018,221.32,pm25
18/01/2018,194.11,pm25
19/01/2018,181.21,pm25
20/01/2018,186.89,pm25
21/01/2018,212.4,pm25
22/01/2018,209.42,pm25
23/01/2018,194.63,pm25
24/01/2018,192.05,pm25
25/01/2018,175.01,pm25
26/01/2018,163.13,pm25
27/01/2018,161.07,pm25
28/01/2018,158.49,pm25
29/01/2018,161.07,pm25
30/01/2018,160.55,pm25
31/01/2018,159,pm25
01/02/2018,169.33,pm25
02/02/2018,177.59,pm25
03/02/2018,185.34,pm25
04/02/2018,194.63,pm25
05/02/2018,199.79,pm25
06/02/2018,193.6,pm25
07/02/2018,209.42,pm25
08/02/2018,206.45,pm25
09/02/2018,195.66,pm25
10/02/2018,188.95,pm25
11/02/2018,186.37,pm25
12/02/2018,193.08,pm25
13/02/2018,185.85,pm25
14/02/2018,193.6,pm25
15/02/2018,198.24,pm25
16/02/2018,192.56,pm25
17/02/2018,191.53,pm25
18/02/2018,186.89,pm25
19/02/2018,177.07,pm25
20/02/2018,159.52,pm25
21/02/2018,161.58,pm25
22/02/2018,166.23,pm25
23/02/2018,168.81,pm25
24/02/2018,187.4,pm25
25/02/2018,175.01,pm25
26/02/2018,173.46,pm25
27/02/2018,162.62,pm25
27/03/2018,38.89,pm10
28/03/2018,167.78,pm25
29/03/2018,160.55,pm25
30/03/2018,163.13,pm25
31/03/2018,163.13,pm25
01/04/2018,168.81,pm25
02/04/2018,165.2,pm25
03/04/2018,166.75,pm25
04/04/2018,160.55,pm25
05/04/2018,164.68,pm25
06/04/2018,167.78,pm25
07/04/2018,152.29,pm25
08/04/2018,152.29,pm25
09/04/2018,166.75,pm25
10/04/2018,177.59,pm25
11/04/2018,164.17,pm25
12/04/2018,152.29,pm25
13/04/2018,151.26,pm25
14/04/2018,152.81,pm25
15/04/2018,151.77,pm25
16/04/2018,156.42,pm25
17/04/2018,151.26,pm25
18/04/2018,157.45,pm25
19/04/2018,160.55,pm25
20/04/2018,156.94,pm25
21/04/2018,156.94,pm25
22/04/2018,155.91,pm25
23/04/2018,153.84,pm25
24/04/2018,156.94,pm25
25/04/2018,153.84,pm25
26/04/2018,152.81,pm25
27/04/2018,155.39,pm25
28/04/2018,90.75,pm25
29/04/2018,112.08,pm25
30/04/2018,114.54,pm25
01/05/2018,104.69,pm25
02/05/2018,124.39,pm25
03/05/2018,136.7,pm25
04/05/2018,153.84,pm25
05/05/2018,134.24,pm25
06/05/2018,139.17,pm25
07/05/2018,139.17,pm25
08/05/2018,131.78,pm25
09/05/2018,141.63,pm25
10/05/2018,152.81,pm25
11/05/2018,152.29,pm25
12/05/2018,165.2,pm25
13/05/2018,159,pm25
14/05/2018,155.39,pm25
15/05/2018,157.45,pm25
16/05/2018,156.94,pm25
17/05/2018,153.84,pm25
18/05/2018,159.52,pm25
19/05/2018,155.91,pm25
20/05/2018,156.42,pm25
21/05/2018,158.49,pm25
22/05/2018,155.39,pm25
23/05/2018,157.45,pm25
24/05/2018,146.55,pm25
25/05/2018,134.24,pm25
26/05/2018,134.24,pm25
27/05/2018,139.17,pm25
28/05/2018,149.02,pm25
29/05/2018,151.77,pm25
30/05/2018,153.84,pm25
31/05/2018,151.26,pm25
01/06/2018,151.77,pm25
02/06/2018,149.02,pm25
03/06/2018,129.32,pm25
04/06/2018,124.39,pm25
05/06/2018,119.47,pm25
06/06/2018,129.32,pm25
07/06/2018,112.08,pm25
08/06/2018,99.16,pm25
09/06/2018,129.32,pm25
10/06/2018,134.24,pm25
11/06/2018,141.63,pm25
12/06/2018,131.78,pm25
13/06/2018,141.63,pm25
14/06/2018,139.17,pm25
15/06/2018,144.09,pm25
16/06/2018,134.24,pm25
17/06/2018,157.45,pm25
18/06/2018,152.29,pm25
19/06/2018,155.39,pm25
20/06/2018,141.63,pm25
21/06/2018,151.26,pm25
22/06/2018,152.81,pm25
23/06/2018,155.91,pm25
24/06/2018,153.84,pm25
25/06/2018,139.17,pm25
26/06/2018,152.81,pm25
27/06/2018,152.81,pm25
28/06/2018,149.02,pm25
29/06/2018,134.24,pm25
30/06/2018,126.85,pm25
01/07/2018,119.47,pm25
02/07/2018,121.93,pm25
03/07/2018,124.39,pm25
04/07/2018,114.54,pm25
05/07/2018,112.08,pm25
06/07/2018,124.39,pm25
07/07/2018,144.09,pm25
08/07/2018,152.81,pm25
09/07/2018,151.26,pm25
10/07/2018,152.29,pm25
11/07/2018,114.54,pm25
12/07/2018,126.85,pm25
13/07/2018,114.54,pm25
14/07/2018,141.63,pm25
15/07/2018,141.63,pm25
16/07/2018,136.7,pm25
17/07/2018,121.93,pm25
18/07/2018,104.69,pm25
19/07/2018,134.24,pm25
20/07/2018,144.09,pm25
21/07/2018,152.29,pm25
22/07/2018,151.26,pm25
23/07/2018,153.84,pm25
24/07/2018,154.87,pm25
25/07/2018,153.84,pm25
26/07/2018,155.39,pm25
27/07/2018,155.91,pm25
28/07/2018,157.97,pm25
29/07/2018,152.29,pm25
30/07/2018,146.55,pm25
31/07/2018,151.77,pm25
01/08/2018,151.26,pm25
02/08/2018,146.55,pm25
03/08/2018,144.09,pm25
04/08/2018,149.02,pm25
05/08/2018,151.77,pm25
06/08/2018,151.26,pm25
07/08/2018,156.42,pm25
08/08/2018,157.97,pm25
09/08/2018,146.55,pm25
10/08/2018,144.09,pm25
11/08/2018,141.63,pm25
12/08/2018,146.55,pm25
13/08/2018,153.32,pm25
14/08/2018,149.02,pm25
15/08/2018,144.09,pm25
16/08/2018,139.17,pm25
17/08/2018,126.85,pm25
18/08/2018,134.24,pm25
19/08/2018,151.26,pm25
20/08/2018,141.63,pm25
21/08/2018,154.87,pm25
22/08/2018,157.45,pm25
23/08/2018,156.94,pm25
24/08/2018,134.24,pm25
25/08/2018,112.08,pm25
26/08/2018,117.01,pm25
27/08/2018,149.02,pm25
28/08/2018,139.17,pm25
29/08/2018,152.29,pm25
30/08/2018,119.47,pm25
31/08/2018,119.47,pm25
01/09/2018,139.17,pm25
02/09/2018,121.93,pm25
03/09/2018,117.01,pm25
04/09/2018,117.01,pm25
05/09/2018,102.23,pm25
06/09/2018,149.02,pm25
07/09/2018,155.91,pm25
08/09/2018,162.1,pm25
09/09/2018,170.36,pm25
10/09/2018,170.36,pm25
11/09/2018,152.29,pm25
12/09/2018,146.55,pm25
13/09/2018,121.93,pm25
14/09/2018,109.62,pm25
15/09/2018,104.69,pm25
16/09/2018,129.32,pm25
17/09/2018,97.06,pm25
18/09/2018,109.62,pm25
19/09/2018,99.16,pm25
20/09/2018,159,pm25
21/09/2018,168.81,pm25
22/09/2018,157.97,pm25
23/09/2018,134.24,pm25
24/09/2018,154.87,pm25
25/09/2018,146.55,pm25
26/09/2018,134.24,pm25
27/09/2018,151.26,pm25
28/09/2018,153.84,pm25
29/09/2018,159,pm25
30/09/2018,141.63,pm25
01/10/2018,158.49,pm25
02/10/2018,152.29,pm25
03/10/2018,154.36,pm25
04/10/2018,160.04,pm25
05/10/2018,121.93,pm25
06/10/2018,141.63,pm25
07/10/2018,158.49,pm25
08/10/2018,154.36,pm25
09/10/2018,159.52,pm25
10/10/2018,166.23,pm25
11/10/2018,162.1,pm25
12/10/2018,153.32,pm25
13/10/2018,159.52,pm25
14/10/2018,161.07,pm25
15/10/2018,159,pm25
16/10/2018,156.94,pm25
17/10/2018,153.32,pm25
18/10/2018,156.94,pm25
19/10/2018,166.23,pm25
20/10/2018,160.55,pm25
21/10/2018,119.47,pm25
22/10/2018,136.7,pm25
23/10/2018,154.87,pm25
24/10/2018,157.97,pm25
25/10/2018,162.62,pm25
26/10/2018,161.07,pm25
27/10/2018,160.04,pm25
28/10/2018,154.36,pm25
29/10/2018,158.49,pm25
30/10/2018,163.13,pm25
31/10/2018,165.2,pm25
01/11/2018,167.78,pm25
02/11/2018,169.85,pm25
03/11/2018,166.75,pm25
04/11/2018,178.11,pm25
05/11/2018,180.69,pm25
06/11/2018,162.62,pm25
07/11/2018,157.45,pm25
08/11/2018,152.81,pm25
09/11/2018,152.29,pm25
10/11/2018,156.94,pm25
11/11/2018,157.45,pm25
12/11/2018,176.04,pm25
13/11/2018,186.89,pm25
14/11/2018,183.79,pm25
15/11/2018,176.56,pm25
16/11/2018,162.62,pm25
17/11/2018,160.04,pm25
18/11/2018,159,pm25
19/11/2018,164.68,pm25
20/11/2018,154.36,pm25
21/11/2018,168.81,pm25
22/11/2018,167.26,pm25
23/11/2018,151.26,pm25
24/11/2018,151.77,pm25
25/11/2018,154.36,pm25
26/11/2018,159,pm25
27/11/2018,157.45,pm25
28/11/2018,156.42,pm25
29/11/2018,163.65,pm25
02/12/2018,,
03/12/2018,,
04/12/2018,,
05/12/2018,37.04,pm10
06/12/2018,163.65,pm25
07/12/2018,174.49,pm25
08/12/2018,158.49,pm25
09/12/2018,161.58,pm25
10/12/2018,156.94,pm25
11/12/2018,161.58,pm25
12/12/2018,156.94,pm25
13/12/2018,151.77,pm25
14/12/2018,158.49,pm25
15/12/2018,158.49,pm25
16/12/2018,159.52,pm25
17/12/2018,155.39,pm25
18/12/2018,160.55,pm25
19/12/2018,172.43,pm25
20/12/2018,199.79,pm25
21/12/2018,186.89,pm25
22/12/2018,175.01,pm25
23/12/2018,186.89,pm25
24/12/2018,167.78,pm25
25/12/2018,179.66,pm25
26/12/2018,196.7,pm25
27/12/2018,203.48,pm25
28/12/2018,201.5,pm25
29/12/2018,163.65,pm25
30/12/2018,151.77,pm25
31/12/2018,22.22,pm10
01/01/2019,154.87,pm25
02/01/2019,158.49,pm25
03/01/2019,164.68,pm25
04/01/2019,167.26,pm25
05/01/2019,176.56,pm25
06/01/2019,194.63,pm25
07/01/2019,196.18,pm25
08/01/2019,165.2,pm25
09/01/2019,156.94,pm25
10/01/2019,173.98,pm25
11/01/2019,187.92,pm25
12/01/2019,187.92,pm25
13/01/2019,199.28,pm25
14/01/2019,192.05,pm25
15/01/2019,179.14,pm25
16/01/2019,171.4,pm25
17/01/2019,186.37,pm25
18/01/2019,163.13,pm25
19/01/2019,172.94,pm25
20/01/2019,179.14,pm25
21/01/2019,199.79,pm25
22/01/2019,197.73,pm25
23/01/2019,186.89,pm25
24/01/2019,190.5,pm25
25/01/2019,197.73,pm25
26/01/2019,201.5,pm25
27/01/2019,192.05,pm25
28/01/2019,195.15,pm25
29/01/2019,203.48,pm25
30/01/2019,210.41,pm25
31/01/2019,197.73,pm25
01/02/2019,182.24,pm25
02/02/2019,182.75,pm25
03/02/2019,167.78,pm25
04/02/2019,160.04,pm25
05/02/2019,161.07,pm25
06/02/2019,155.91,pm25
07/02/2019,160.55,pm25
08/02/2019,158.49,pm25
09/02/2019,153.84,pm25
10/02/2019,162.62,pm25
11/02/2019,160.04,pm25
12/02/2019,161.07,pm25
13/02/2019,172.43,pm25
14/02/2019,161.07,pm25
15/02/2019,160.55,pm25
16/02/2019,156.42,pm25
17/02/2019,154.87,pm25
18/02/2019,152.29,pm25
19/02/2019,146.55,pm25
20/02/2019,139.17,pm25
21/02/2019,141.63,pm25
22/02/2019,112.08,pm25
23/02/2019,139.17,pm25
24/02/2019,139.17,pm25
25/02/2019,156.94,pm25
26/02/2019,160.04,pm25
27/02/2019,156.94,pm25
28/02/2019,160.55,pm25
01/03/2019,160.04,pm25
02/03/2019,161.07,pm25
03/03/2019,154.36,pm25
04/03/2019,156.94,pm25
05/03/2019,163.13,pm25
06/03/2019,156.94,pm25
07/03/2019,153.32,pm25
08/03/2019,157.45,pm25
09/03/2019,153.84,pm25
10/03/2019,154.36,pm25
11/03/2019,155.39,pm25
12/03/2019,161.58,pm25
13/03/2019,159.52,pm25
14/03/2019,153.32,pm25
15/03/2019,160.04,pm25
16/03/2019,165.2,pm25
17/03/2019,167.78,pm25
18/03/2019,168.3,pm25
19/03/2019,167.78,pm25
20/03/2019,162.62,pm25
21/03/2019,157.45,pm25
22/03/2019,157.97,pm25
23/03/2019,169.33,pm25
24/03/2019,162.1,pm25
25/03/2019,157.97,pm25
26/03/2019,155.91,pm25
27/03/2019,157.45,pm25
28/03/2019,155.91,pm25
29/03/2019,157.45,pm25
30/03/2019,155.39,pm25
31/03/2019,154.87,pm25
01/04/2019,156.42,pm25
02/04/2019,160.04,pm25
03/04/2019,155.39,pm25
04/04/2019,154.36,pm25
05/04/2019,153.84,pm25
06/04/2019,154.87,pm25
07/04/2019,152.29,pm25
08/04/2019,156.42,pm25
09/04/2019,146.55,pm25
10/04/2019,153.84,pm25
11/04/2019,152.29,pm25
12/04/2019,152.29,pm25
13/04/2019,144.09,pm25
14/04/2019,136.7,pm25
15/04/2019,136.7,pm25
16/04/2019,129.32,pm25
17/04/2019,136.7,pm25
18/04/2019,139.17,pm25
19/04/2019,151.26,pm25
20/04/2019,161.58,pm25
21/04/2019,169.33,pm25
22/04/2019,157.45,pm25
23/04/2019,158.49,pm25
24/04/2019,156.94,pm25
25/04/2019,154.87,pm25
26/04/2019,156.42,pm25
27/04/2019,156.42,pm25
28/04/2019,151.77,pm25
29/04/2019,129.32,pm25
30/04/2019,134.24,pm25
01/05/2019,136.7,pm25
02/05/2019,152.81,pm25
03/05/2019,141.63,pm25
04/05/2019,139.17,pm25
05/05/2019,126.85,pm25
06/05/2019,157.97,pm25
07/05/2019,164.68,pm25
08/05/2019,168.81,pm25
09/05/2019,165.72,pm25
10/05/2019,165.2,pm25
11/05/2019,165.72,pm25
12/05/2019,166.75,pm25
13/05/2019,154.36,pm25
14/05/2019,154.87,pm25
15/05/2019,159,pm25
16/05/2019,160.55,pm25
17/05/2019,163.13,pm25
18/05/2019,166.23,pm25
19/05/2019,161.58,pm25
20/05/2019,161.58,pm25
21/05/2019,160.55,pm25
22/05/2019,161.07,pm25
23/05/2019,152.81,pm25
24/05/2019,151.26,pm25
25/05/2019,151.26,pm25
26/05/2019,126.85,pm25
27/05/2019,112.08,pm25
28/05/2019,124.39,pm25
29/05/2019,117.01,pm25
30/05/2019,129.32,pm25
31/05/2019,141.63,pm25
01/06/2019,144.09,pm25
02/06/2019,144.09,pm25
03/06/2019,154.36,pm25
04/06/2019,139.17,pm25
05/06/2019,144.09,pm25
06/06/2019,153.32,pm25
07/06/2019,139.17,pm25
08/06/2019,146.55,pm25
09/06/2019,107.16,pm25
10/06/2019,121.93,pm25
11/06/2019,131.78,pm25
12/06/2019,144.09,pm25
13/06/2019,146.55,pm25
14/06/2019,134.24,pm25
15/06/2019,141.63,pm25
16/06/2019,124.39,pm25
17/06/2019,112.08,pm25
18/06/2019,107.16,pm25
19/06/2019,109.62,pm25
20/06/2019,121.93,pm25
21/06/2019,139.17,pm25
22/06/2019,155.91,pm25
23/06/2019,139.17,pm25
24/06/2019,129.32,pm25
25/06/2019,99.16,pm25
26/06/2019,94.95,pm25
27/06/2019,131.78,pm25
28/06/2019,134.24,pm25
29/06/2019,124.39,pm25
30/06/2019,136.7,pm25
01/07/2019,153.32,pm25
02/07/2019,154.36,pm25
03/07/2019,154.36,pm25
04/07/2019,144.09,pm25
05/07/2019,124.39,pm25
06/07/2019,,
07/07/2019,28.7,pm10
08/07/2019,136.7,pm25
09/07/2019,152.29,pm25
10/07/2019,153.84,pm25
11/07/2019,152.29,pm25
12/07/2019,152.81,pm25
13/07/2019,152.29,pm25
14/07/2019,139.17,pm25
15/07/2019,104.69,pm25
16/07/2019,102.23,pm25
17/07/2019,107.16,pm25
18/07/2019,121.93,pm25
19/07/2019,141.63,pm25
20/07/2019,121.93,pm25
21/07/2019,139.17,pm25
22/07/2019,151.26,pm25
23/07/2019,152.29,pm25
24/07/2019,124.39,pm25
25/07/2019,121.93,pm25
26/07/2019,131.78,pm25
27/07/2019,146.55,pm25
28/07/2019,139.17,pm25
29/07/2019,97.06,pm25
30/07/2019,121.93,pm25
31/07/2019,129.32,pm25
01/08/2019,129.32,pm25
02/08/2019,131.78,pm25
03/08/2019,109.62,pm25
04/08/2019,104.69,pm25
05/08/2019,99.16,pm25
06/08/2019,104.69,pm25
07/08/2019,114.54,pm25
08/08/2019,104.69,pm25
09/08/2019,107.16,pm25
10/08/2019,102.23,pm25
11/08/2019,109.62,pm25
12/08/2019,114.54,pm25
13/08/2019,126.85,pm25
14/08/2019,131.78,pm25
15/08/2019,124.39,pm25
16/08/2019,139.17,pm25
17/08/2019,107.16,pm25
18/08/2019,109.62,pm25
19/08/2019,117.01,pm25
20/08/2019,119.47,pm25
21/08/2019,102.23,pm25
22/08/2019,129.32,pm25
23/08/2019,114.54,pm25
24/08/2019,86.54,pm25
25/08/2019,84.44,pm25
26/08/2019,86.54,pm25
27/08/2019,92.85,pm25
28/08/2019,86.54,pm25
29/08/2019,90.75,pm25
30/08/2019,86.54,pm25
31/08/2019,92.85,pm25
01/09/2019,92.85,pm25
02/09/2019,94.95,pm25
03/09/2019,102.23,pm25
04/09/2019,119.47,pm25
05/09/2019,104.69,pm25
06/09/2019,124.39,pm25
07/09/2019,149.02,pm25
08/09/2019,119.47,pm25
09/09/2019,126.85,pm25
10/09/2019,119.47,pm25
11/09/2019,107.16,pm25
12/09/2019,134.24,pm25
13/09/2019,86.54,pm25
14/09/2019,82.33,pm25
15/09/2019,119.47,pm25
16/09/2019,114.54,pm25
17/09/2019,114.54,pm25
18/09/2019,164.17,pm25
19/09/2019,154.36,pm25
20/09/2019,152.81,pm25
21/09/2019,152.81,pm25
22/09/2019,149.02,pm25
23/09/2019,153.32,pm25
24/09/2019,160.55,pm25
25/09/2019,167.78,pm25
26/09/2019,171.91,pm25
27/09/2019,166.75,pm25
28/09/2019,171.4,pm25
29/09/2019,180.17,pm25
30/09/2019,183.79,pm25
01/10/2019,160.04,pm25
02/10/2019,159.52,pm25
03/10/2019,161.58,pm25
04/10/2019,164.68,pm25
05/10/2019,156.42,pm25
06/10/2019,152.29,pm25
07/10/2019,158.49,pm25
08/10/2019,156.94,pm25
09/10/2019,159.52,pm25
10/10/2019,173.46,pm25
11/10/2019,162.62,pm25
12/10/2019,159.52,pm25
13/10/2019,160.04,pm25
14/10/2019,157.45,pm25
15/10/2019,159.52,pm25
16/10/2019,141.63,pm25
17/10/2019,152.81,pm25
18/10/2019,156.94,pm25
19/10/2019,157.45,pm25
20/10/2019,156.94,pm25
21/10/2019,162.1,pm25
22/10/2019,181.21,pm25
23/10/2019,162.1,pm25
24/10/2019,163.65,pm25
25/10/2019,160.04,pm25
26/10/2019,167.26,pm25
27/10/2019,156.94,pm25
28/10/2019,159,pm25
29/10/2019,158.49,pm25
30/10/2019,153.84,pm25
31/10/2019,159,pm25
01/11/2019,157.45,pm25
02/11/2019,159.52,pm25
03/11/2019,166.23,pm25
04/11/2019,168.3,pm25
05/11/2019,179.14,pm25
06/11/2019,182.24,pm25
07/11/2019,180.69,pm25
08/11/2019,182.75,pm25
09/11/2019,178.11,pm25
10/11/2019,178.62,pm25
11/11/2019,179.14,pm25
12/11/2019,180.17,pm25
13/11/2019,174.49,pm25
14/11/2019,156.94,pm25
15/11/2019,166.23,pm25
16/11/2019,169.85,pm25
17/11/2019,168.3,pm25
18/11/2019,165.72,pm25
19/11/2019,167.26,pm25
20/11/2019,171.91,pm25
21/11/2019,180.69,pm25
22/11/2019,158.49,pm25
23/11/2019,165.72,pm25
24/11/2019,165.72,pm25
25/11/2019,156.42,pm25
26/11/2019,157.45,pm25
27/11/2019,158.49,pm25
28/11/2019,155.39,pm25
29/11/2019,156.42,pm25
30/11/2019,160.55,pm25
01/12/2019,154.36,pm25
02/12/2019,154.36,pm25
03/12/2019,160.04,pm25
04/12/2019,163.65,pm25
05/12/2019,175.01,pm25
06/12/2019,175.53,pm25
07/12/2019,171.4,pm25
08/12/2019,173.98,pm25
09/12/2019,174.49,pm25
10/12/2019,176.04,pm25
11/12/2019,182.75,pm25
12/12/2019,185.34,pm25
13/12/2019,179.66,pm25
14/12/2019,171.91,pm25
15/12/2019,176.04,pm25
16/12/2019,174.49,pm25
17/12/2019,177.59,pm25
18/12/2019,185.34,pm25
19/12/2019,176.56,pm25
20/12/2019,185.34,pm25
21/12/2019,183.79,pm25
22/12/2019,174.49,pm25
23/12/2019,169.85,pm25
24/12/2019,167.26,pm25
25/12/2019,167.26,pm25
26/12/2019,168.3,pm25
27/12/2019,179.14,pm25
28/12/2019,179.66,pm25
29/12/2019,188.43,pm25
31/12/2019,37.04,pm10
01/01/2020,163.65,pm25
02/01/2020,163.65,pm25
03/01/2020,170.36,pm25
04/01/2020,179.14,pm25
05/01/2020,191.53,pm25
06/01/2020,189.47,pm25
07/01/2020,203.48,pm25
08/01/2020,199.79,pm25
09/01/2020,194.11,pm25
10/01/2020,198.24,pm25
11/01/2020,177.59,pm25
12/01/2020,169.33,pm25
13/01/2020,173.98,pm25
14/01/2020,175.53,pm25
15/01/2020,170.88,pm25
16/01/2020,177.59,pm25
17/01/2020,184.82,pm25
18/01/2020,196.7,pm25
19/01/2020,197.21,pm25
20/01/2020,189.98,pm25
21/01/2020,168.3,pm25
22/01/2020,159,pm25
23/01/2020,163.65,pm25
24/01/2020,151.26,pm25
25/01/2020,144.09,pm25
26/01/2020,102.23,pm25
27/01/2020,121.93,pm25
28/01/2020,153.32,pm25
29/01/2020,153.32,pm25
30/01/2020,166.23,pm25
31/01/2020,177.07,pm25
01/02/2020,189.98,pm25
02/02/2020,187.92,pm25
03/02/2020,186.37,pm25
04/02/2020,178.62,pm25
05/02/2020,162.1,pm25
06/02/2020,159.52,pm25
07/02/2020,152.29,pm25
08/02/2020,164.68,pm25
09/02/2020,177.07,pm25
10/02/2020,171.91,pm25
11/02/2020,188.43,pm25
12/02/2020,172.94,pm25
13/02/2020,107.16,pm25
14/02/2020,99.16,pm25
15/02/2020,117.01,pm25
16/02/2020,97.06,pm25
17/02/2020,104.69,pm25
18/02/2020,166.23,pm25
19/02/2020,176.04,pm25
20/02/2020,190.5,pm25
21/02/2020,186.89,pm25
22/02/2020,182.24,pm25
23/02/2020,184.82,pm25
24/02/2020,196.18,pm25
25/02/2020,189.98,pm25
26/02/2020,171.91,pm25
27/02/2020,166.23,pm25
28/02/2020,163.65,pm25
29/02/2020,156.42,pm25
01/03/2020,153.84,pm25
02/03/2020,156.42,pm25
03/03/2020,131.78,pm25
04/03/2020,99.16,pm25
05/03/2020,121.93,pm25
06/03/2020,131.78,pm25
07/03/2020,139.17,pm25
08/03/2020,146.55,pm25
09/03/2020,157.45,pm25
10/03/2020,157.45,pm25
11/03/2020,169.33,pm25
12/03/2020,154.36,pm25
13/03/2020,152.81,pm25
14/03/2020,121.93,pm25
15/03/2020,146.55,pm25
16/03/2020,163.13,pm25
17/03/2020,153.32,pm25
18/03/2020,151.77,pm25
19/03/2020,152.29,pm25
20/03/2020,144.09,pm25
21/03/2020,151.77,pm25
22/03/2020,126.85,pm25
23/03/2020,126.85,pm25
24/03/2020,117.01,pm25
25/03/2020,94.95,pm25
26/03/2020,104.69,pm25
27/03/2020,107.16,pm25
28/03/2020,141.63,pm25
29/03/2020,117.01,pm25
31/03/2020,26.85,pm10
01/04/2020,109.62,pm25
02/04/2020,99.16,pm25
03/04/2020,112.08,pm25
04/04/2020,119.47,pm25
05/04/2020,129.32,pm25
06/04/2020,117.01,pm25
07/04/2020,104.69,pm25
08/04/2020,88.64,pm25
09/04/2020,139.17,pm25
10/04/2020,141.63,pm25
11/04/2020,149.02,pm25
12/04/2020,121.93,pm25
13/04/2020,151.26,pm25
14/04/2020,158.49,pm25
15/04/2020,162.1,pm25
16/04/2020,149.02,pm25
17/04/2020,109.62,pm25
18/04/2020,102.23,pm25
19/04/2020,104.69,pm25
20/04/2020,107.16,pm25
21/04/2020,119.47,pm25
22/04/2020,131.78,pm25
23/04/2020,126.85,pm25
24/04/2020,141.63,pm25
25/04/2020,129.32,pm25
26/04/2020,160.04,pm25
27/04/2020,158.49,pm25
28/04/2020,155.39,pm25
29/04/2020,162.62,pm25
30/04/2020,146.55,pm25
01/05/2020,114.54,pm25
02/05/2020,102.23,pm25
03/05/2020,99.16,pm25
04/05/2020,121.93,pm25
05/05/2020,136.7,pm25
06/05/2020,94.95,pm25
07/05/2020,102.23,pm25
08/05/2020,86.54,pm25
09/05/2020,71.82,pm25
10/05/2020,65.51,pm25
11/05/2020,76.03,pm25
12/05/2020,107.16,pm25
13/05/2020,129.32,pm25
14/05/2020,112.08,pm25
15/05/2020,88.64,pm25
16/05/2020,92.85,pm25
17/05/2020,78.13,pm25
18/05/2020,84.44,pm25
19/05/2020,76.03,pm25
20/05/2020,102.23,pm25
21/05/2020,126.85,pm25
22/05/2020,154.36,pm25
23/05/2020,153.32,pm25
24/05/2020,139.17,pm25
25/05/2020,152.81,pm25
26/05/2020,131.78,pm25
27/05/2020,94.95,pm25
28/05/2020,59.2,pm25
29/05/2020,67.61,pm25
30/05/2020,69.72,pm25
31/05/2020,73.92,pm25
01/06/2020,73.92,pm25
02/06/2020,80.23,pm25
03/06/2020,80.23,pm25
04/06/2020,63.41,pm25
05/06/2020,59.2,pm25
06/06/2020,65.51,pm25
07/06/2020,59.2,pm25
08/06/2020,65.51,pm25
09/06/2020,69.72,pm25
10/06/2020,67.61,pm25
11/06/2020,99.16,pm25
12/06/2020,76.03,pm25
13/06/2020,78.13,pm25
14/06/2020,94.95,pm25
15/06/2020,80.23,pm25
16/06/2020,69.72,pm25
17/06/2020,69.72,pm25
18/06/2020,86.54,pm25
19/06/2020,152.29,pm25
20/06/2020,156.42,pm25
21/06/2020,37.5,pm25
22/06/2020,109.62,pm25
23/06/2020,76.03,pm25
24/06/2020,78.13,pm25
25/06/2020,86.54,pm25
26/06/2020,97.06,pm25
27/06/2020,109.62,pm25
28/06/2020,124.39,pm25
29/06/2020,94.95,pm25
30/06/2020,102.23,pm25
01/07/2020,109.62,pm25
02/07/2020,99.16,pm25
03/07/2020,88.64,pm25
04/07/2020,139.17,pm25
05/07/2020,109.62,pm25
06/07/2020,109.62,pm25
07/07/2020,99.16,pm25
08/07/2020,92.85,pm25
09/07/2020,107.16,pm25
10/07/2020,90.75,pm25
11/07/2020,104.69,pm25
12/07/2020,92.85,pm25
13/07/2020,104.69,pm25
14/07/2020,88.64,pm25
15/07/2020,102.23,pm25
16/07/2020,82.33,pm25
17/07/2020,102.23,pm25
18/07/2020,117.01,pm25
19/07/2020,99.16,pm25
20/07/2020,126.85,pm25
21/07/2020,139.17,pm25
22/07/2020,129.32,pm25
23/07/2020,124.39,pm25
24/07/2020,109.62,pm25
25/07/2020,119.47,pm25
26/07/2020,97.06,pm25
27/07/2020,82.33,pm25
28/07/2020,71.82,pm25
29/07/2020,102.23,pm25
30/07/2020,86.54,pm25
31/07/2020,84.44,pm25
01/08/2020,78.13,pm25
02/08/2020,78.13,pm25
03/08/2020,80.23,pm25
04/08/2020,84.44,pm25
05/08/2020,92.85,pm25
06/08/2020,82.33,pm25
07/08/2020,114.54,pm25
08/08/2020,84.44,pm25
09/08/2020,80.23,pm25
10/08/2020,76.03,pm25
11/08/2020,88.64,pm25
12/08/2020,92.85,pm25
13/08/2020,84.44,pm25
14/08/2020,119.47,pm25
15/08/2020,126.85,pm25
16/08/2020,124.39,pm25
17/08/2020,139.17,pm25
18/08/2020,149.02,pm25
19/08/2020,149.02,pm25
20/08/2020,151.26,pm25
21/08/2020,131.78,pm25
22/08/2020,114.54,pm25
23/08/2020,107.16,pm25
24/08/2020,124.39,pm25
25/08/2020,149.02,pm25
26/08/2020,131.78,pm25
27/08/2020,112.08,pm25
28/08/2020,131.78,pm25
29/08/2020,134.24,pm25
30/08/2020,144.09,pm25
31/08/2020,124.39,pm25
01/09/2020,104.69,pm25
02/09/2020,144.09,pm25
03/09/2020,112.08,pm25
04/09/2020,131.78,pm25
05/09/2020,117.01,pm25
06/09/2020,97.06,pm25
07/09/2020,90.75,pm25
08/09/2020,112.08,pm25
09/09/2020,102.23,pm25
10/09/2020,119.47,pm25
11/09/2020,104.69,pm25
12/09/2020,104.69,pm25
13/09/2020,94.95,pm25
14/09/2020,102.23,pm25
15/09/2020,88.64,pm25
16/09/2020,124.39,pm25
17/09/2020,80.23,pm25
18/09/2020,82.33,pm25
19/09/2020,76.03,pm25
20/09/2020,78.13,pm25
21/09/2020,117.01,pm25
22/09/2020,134.24,pm25
23/09/2020,160.04,pm25
24/09/2020,107.16,pm25
25/09/2020,92.85,pm25
26/09/2020,88.64,pm25
27/09/2020,97.06,pm25
28/09/2020,82.33,pm25
29/09/2020,78.13,pm25
30/09/2020,84.44,pm25
01/10/2020,82.33,pm25
02/10/2020,121.93,pm25
03/10/2020,99.16,pm25
04/10/2020,90.75,pm25
05/10/2020,124.39,pm25
06/10/2020,134.24,pm25
07/10/2020,144.09,pm25
08/10/2020,107.16,pm25
09/10/2020,65.51,pm25
10/10/2020,86.54,pm25
11/10/2020,131.78,pm25
12/10/2020,157.97,pm25
13/10/2020,139.17,pm25
14/10/2020,119.47,pm25
15/10/2020,121.93,pm25
16/10/2020,124.39,pm25
17/10/2020,67.61,pm25
18/10/2020,90.75,pm25
19/10/2020,153.84,pm25
20/10/2020,144.09,pm25
21/10/2020,136.7,pm25
22/10/2020,109.62,pm25
23/10/2020,153.84,pm25
24/10/2020,159.52,pm25
25/10/2020,162.62,pm25
26/10/2020,171.91,pm25
27/10/2020,170.88,pm25
28/10/2020,164.17,pm25
29/10/2020,146.55,pm25
30/10/2020,112.08,pm25
31/10/2020,114.54,pm25
01/11/2020,104.69,pm25
02/11/2020,136.7,pm25
03/11/2020,155.39,pm25
04/11/2020,160.04,pm25
05/11/2020,154.36,pm25
06/11/2020,153.84,pm25
07/11/2020,139.17,pm25
08/11/2020,166.75,pm25
09/11/2020,165.2,pm25
10/11/2020,163.65,pm25
11/11/2020,162.62,pm25
29/11/2020,,
30/11/2020,,
01/12/2020,,
02/12/2020,,
03/12/2020,,
04/12/2020,45.37,pm10
05/12/2020,154.87,pm25
06/12/2020,155.39,pm25
07/12/2020,155.91,pm25
08/12/2020,155.91,pm25
09/12/2020,160.04,pm25
10/12/2020,168.81,pm25
11/12/2020,193.6,pm25
12/12/2020,173.98,pm25
13/12/2020,185.85,pm25
14/12/2020,175.01,pm25
15/12/2020,159.52,pm25
16/12/2020,144.09,pm25
17/12/2020,141.63,pm25
18/12/2020,146.55,pm25
19/12/2020,151.77,pm25
20/12/2020,136.7,pm25
21/12/2020,157.45,pm25
22/12/2020,162.62,pm25
23/12/2020,175.53,pm25
24/12/2020,182.24,pm25
25/12/2020,153.84,pm25
26/12/2020,155.91,pm25
27/12/2020,160.04,pm25
28/12/2020,152.81,pm25
29/12/2020,159,pm25
30/12/2020,156.94,pm25
31/12/2020,151.77,pm25
01/01/2021,155.39,pm25
02/01/2021,156.94,pm25
03/01/2021,166.23,pm25
04/01/2021,159,pm25
05/01/2021,161.58,pm25
06/01/2021,163.65,pm25
07/01/2021,162.1,pm25
08/01/2021,154.87,pm25
09/01/2021,151.26,pm25
10/01/2021,164.17,pm25
11/01/2021,156.94,pm25
12/01/2021,161.07,pm25
13/01/2021,173.46,pm25
14/01/2021,189.47,pm25
15/01/2021,208.43,pm25
16/01/2021,181.21,pm25
17/01/2021,188.43,pm25
18/01/2021,165.72,pm25
19/01/2021,181.21,pm25
20/01/2021,181.21,pm25
21/01/2021,203.48,pm25
22/01/2021,205.46,pm25
23/01/2021,191.53,pm25
24/01/2021,168.81,pm25
25/01/2021,157.45,pm25
26/01/2021,157.97,pm25
27/01/2021,165.72,pm25
28/01/2021,163.65,pm25
29/01/2021,175.01,pm25
30/01/2021,188.95,pm25
31/01/2021,188.95,pm25
01/02/2021,189.47,pm25
02/02/2021,193.6,pm25
03/02/2021,199.79,pm25
04/02/2021,183.79,pm25
05/02/2021,182.24,pm25
06/02/2021,188.95,pm25
07/02/2021,190.5,pm25
08/02/2021,167.78,pm25
09/02/2021,151.77,pm25
10/02/2021,156.42,pm25
11/02/2021,161.07,pm25
12/02/2021,180.69,pm25
13/02/2021,166.23,pm25
14/02/2021,165.72,pm25
15/02/2021,164.17,pm25
16/02/2021,163.65,pm25
17/02/2021,169.85,pm25
18/02/2021,183.27,pm25
19/02/2021,175.53,pm25
20/02/2021,177.59,pm25
21/02/2021,195.15,pm25
22/02/2021,178.62,pm25
23/02/2021,173.46,pm25
24/02/2021,172.94,pm25
25/02/2021,182.24,pm25
26/02/2021,176.04,pm25
27/02/2021,184.3,pm25
28/02/2021,183.27,pm25
01/03/2021,157.97,pm25
02/03/2021,124.39,pm25
03/03/2021,131.78,pm25
04/03/2021,141.63,pm25
05/03/2021,154.36,pm25
06/03/2021,154.36,pm25
07/03/2021,156.94,pm25
08/03/2021,156.94,pm25
09/03/2021,157.97,pm25
10/03/2021,164.68,pm25
11/03/2021,160.55,pm25
12/03/2021,159.52,pm25
13/03/2021,160.04,pm25
14/03/2021,157.97,pm25
15/03/2021,157.45,pm25
16/03/2021,162.1,pm25
17/03/2021,165.2,pm25
18/03/2021,172.94,pm25
19/03/2021,166.23,pm25
20/03/2021,166.75,pm25
21/03/2021,159,pm25
22/03/2021,174.49,pm25
23/03/2021,166.75,pm25
24/03/2021,173.46,pm25
25/03/2021,174.49,pm25
26/03/2021,152.81,pm25
27/03/2021,151.26,pm25
28/03/2021,152.81,pm25
29/03/2021,151.77,pm25
30/03/2021,146.55,pm25
31/03/2021,152.81,pm25
01/04/2021,129.32,pm25
02/04/2021,102.23,pm25
03/04/2021,102.23,pm25
04/04/2021,119.47,pm25
05/04/2021,153.32,pm25
06/04/2021,156.42,pm25
07/04/2021,162.62,pm25
08/04/2021,161.07,pm25
09/04/2021,160.55,pm25
10/04/2021,162.62,pm25
11/04/2021,156.94,pm25
12/04/2021,154.36,pm25
13/04/2021,154.36,pm25
14/04/2021,144.09,pm25
15/04/2021,151.26,pm25
16/04/2021,144.09,pm25
17/04/2021,149.02,pm25
18/04/2021,126.85,pm25
19/04/2021,102.23,pm25
20/04/2021,114.54,pm25
21/04/2021,119.47,pm25
22/04/2021,152.29,pm25
23/04/2021,157.45,pm25
24/04/2021,154.36,pm25
25/04/2021,157.97,pm25
26/04/2021,156.94,pm25
27/04/2021,155.91,pm25
28/04/2021,154.36,pm25
29/04/2021,139.17,pm25
30/04/2021,146.55,pm25
01/05/2021,158.49,pm25
02/05/2021,160.04,pm25
03/05/2021,155.91,pm25
04/05/2021,155.39,pm25
05/05/2021,161.07,pm25
06/05/2021,153.32,pm25
07/05/2021,139.17,pm25
08/05/2021,152.29,pm25
09/05/2021,156.42,pm25
10/05/2021,152.81,pm25
11/05/2021,152.29,pm25
12/05/2021,144.09,pm25
13/05/2021,119.47,pm25
14/05/2021,126.85,pm25
15/05/2021,136.7,pm25
16/05/2021,129.32,pm25
17/05/2021,124.39,pm25
18/05/2021,131.78,pm25
19/05/2021,129.32,pm25
20/05/2021,129.32,pm25
21/05/2021,90.75,pm25
22/05/2021,80.23,pm25
23/05/2021,107.16,pm25
24/05/2021,112.08,pm25
25/05/2021,117.01,pm25
26/05/2021,114.54,pm25
27/05/2021,144.09,pm25
28/05/2021,149.02,pm25
29/05/2021,107.16,pm25
30/05/2021,92.85,pm25
31/05/2021,129.32,pm25
01/06/2021,131.78,pm25
02/06/2021,141.63,pm25
03/06/2021,144.09,pm25
04/06/2021,153.32,pm25
05/06/2021,141.63,pm25
06/06/2021,109.62,pm25
07/06/2021,107.16,pm25
08/06/2021,99.16,pm25
09/06/2021,92.85,pm25
10/06/2021,107.16,pm25
11/06/2021,114.54,pm25
12/06/2021,136.7,pm25
13/06/2021,136.7,pm25
14/06/2021,117.01,pm25
15/06/2021,107.16,pm25
16/06/2021,107.16,pm25
17/06/2021,121.93,pm25
18/06/2021,126.85,pm25
19/06/2021,136.7,pm25
20/06/2021,117.01,pm25
21/06/2021,153.32,pm25
22/06/2021,159,pm25
23/06/2021,151.77,pm25
24/06/2021,112.08,pm25
25/06/2021,149.02,pm25
26/06/2021,141.63,pm25
27/06/2021,129.32,pm25
28/06/2021,109.62,pm25
29/06/2021,151.77,pm25
30/06/2021,129.32,pm25
01/07/2021,107.16,pm25
02/07/2021,117.01,pm25
03/07/2021,90.75,pm25
04/07/2021,94.95,pm25
05/07/2021,121.93,pm25
06/07/2021,117.01,pm25
07/07/2021,119.47,pm25
08/07/2021,102.23,pm25
09/07/2021,114.54,pm25
10/07/2021,114.54,pm25
11/07/2021,99.16,pm25
12/07/2021,119.47,pm25
13/07/2021,152.81,pm25
14/07/2021,152.81,pm25
15/07/2021,131.78,pm25
16/07/2021,102.23,pm25
17/07/2021,104.69,pm25
18/07/2021,97.06,pm25
19/07/2021,129.32,pm25
20/07/2021,119.47,pm25
21/07/2021,109.62,pm25
22/07/2021,151.77,pm25
23/07/2021,144.09,pm25
24/07/2021,151.26,pm25
25/07/2021,117.01,pm25
26/07/2021,129.32,pm25
27/07/2021,117.01,pm25
28/07/2021,107.16,pm25
29/07/2021,121.93,pm25
30/07/2021,134.24,pm25
31/07/2021,129.32,pm25
01/08/2021,134.24,pm25
02/08/2021,141.63,pm25
03/08/2021,129.32,pm25
04/08/2021,134.24,pm25
05/08/2021,141.63,pm25
06/08/2021,139.17,pm25
07/08/2021,129.32,pm25
08/08/2021,121.93,pm25
09/08/2021,129.32,pm25
10/08/2021,124.39,pm25
11/08/2021,107.16,pm25
12/08/2021,97.06,pm25
13/08/2021,104.69,pm25
14/08/2021,102.23,pm25
15/08/2021,107.16,pm25
16/08/2021,102.23,pm25
17/08/2021,121.93,pm25
18/08/2021,151.77,pm25
19/08/2021,153.32,pm25
20/08/2021,151.77,pm25
21/08/2021,151.26,pm25
22/08/2021,141.63,pm25
23/08/2021,112.08,pm25
30/08/2021,24.07,pm10
31/08/2021,109.62,pm25
01/09/2021,119.47,pm25
02/09/2021,112.08,pm25
03/09/2021,94.95,pm25
04/09/2021,104.69,pm25
05/09/2021,61.3,pm25
07/09/2021,20.37,pm10
08/09/2021,107.16,pm25
09/09/2021,131.78,pm25
10/09/2021,107.16,pm25
11/09/2021,99.16,pm25
12/09/2021,117.01,pm25
13/09/2021,134.24,pm25
14/09/2021,114.54,pm25
15/09/2021,102.23,pm25
16/09/2021,114.54,pm25
17/09/2021,124.39,pm25
18/09/2021,149.02,pm25
19/09/2021,136.7,pm25
20/09/2021,136.7,pm25
21/09/2021,129.32,pm25
22/09/2021,114.54,pm25
23/09/2021,126.85,pm25
24/09/2021,109.62,pm25
25/09/2021,107.16,pm25
26/09/2021,97.06,pm25
27/09/2021,126.85,pm25
28/09/2021,155.91,pm25
29/09/2021,159.52,pm25
30/09/2021,155.39,pm25
01/10/2021,151.77,pm25
02/10/2021,129.32,pm25
03/10/2021,151.26,pm25
04/10/2021,136.7,pm25
05/10/2021,48.15,pm10
06/10/2021,161.07,pm25
07/10/2021,119.47,pm25
08/10/2021,146.55,pm25
09/10/2021,86.54,pm25
11/10/2021,29.63,pm10
12/10/2021,104.69,pm25
13/10/2021,92.85,pm25
14/10/2021,97.06,pm25
15/10/2021,121.93,pm25
16/10/2021,131.78,pm25
17/10/2021,153.32,pm25
18/10/2021,94.95,pm25
19/10/2021,144.09,pm25
20/10/2021,166.23,pm25
21/10/2021,164.68,pm25
22/10/2021,144.09,pm25
23/10/2021,126.85,pm25
24/10/2021,119.47,pm25
25/10/2021,114.54,pm25
26/10/2021,154.36,pm25
27/10/2021,157.45,pm25
28/10/2021,151.26,pm25
29/10/2021,151.26,pm25
30/10/2021,158.49,pm25
31/10/2021,129.32,pm25
01/11/2021,152.81,pm25
02/11/2021,112.08,pm25
03/11/2021,152.29,pm25
04/11/2021,151.77,pm25
05/11/2021,158.49,pm25
06/11/2021,154.36,pm25
07/11/2021,159,pm25
08/11/2021,152.81,pm25
09/11/2021,129.32,pm25
10/11/2021,149.02,pm25
11/11/2021,155.91,pm25
12/11/2021,154.36,pm25
13/11/2021,175.53,pm25
14/11/2021,154.87,pm25
15/11/2021,159,pm25
16/11/2021,151.26,pm25
17/11/2021,121.93,pm25
18/11/2021,141.63,pm25
19/11/2021,151.26,pm25
20/11/2021,154.36,pm25
21/11/2021,158.49,pm25
22/11/2021,161.07,pm25
23/11/2021,164.68,pm25
24/11/2021,124.39,pm25
25/11/2021,151.26,pm25
26/11/2021,156.42,pm25
27/11/2021,157.45,pm25
28/11/2021,37.04,pm10
29/11/2021,159,pm25
30/11/2021,160.55,pm25
01/12/2021,166.75,pm25
02/12/2021,163.13,pm25
03/12/2021,160.04,pm25
04/12/2021,162.1,pm25
05/12/2021,167.26,pm25
06/12/2021,163.13,pm25
07/12/2021,164.68,pm25
08/12/2021,163.13,pm25
09/12/2021,157.97,pm25
10/12/2021,154.36,pm25
11/12/2021,154.36,pm25
12/12/2021,159,pm25
13/12/2021,154.36,pm25
14/12/2021,166.23,pm25
15/12/2021,172.94,pm25
16/12/2021,191.02,pm25
17/12/2021,177.07,pm25
18/12/2021,157.45,pm25
19/12/2021,155.91,pm25
20/12/2021,187.4,pm25
21/12/2021,187.92,pm25
22/12/2021,205.46,pm25
23/12/2021,199.79,pm25
24/12/2021,185.34,pm25
25/12/2021,161.07,pm25
26/12/2021,157.45,pm25
27/12/2021,156.94,pm25
28/12/2021,141.63,pm25
29/12/2021,151.77,pm25
30/12/2021,149.02,pm25
31/12/2021,144.09,pm25
01/01/2022,152.29,pm25
02/01/2022,155.39,pm25
03/01/2022,155.39,pm25
04/01/2022,157.45,pm25
05/01/2022,167.26,pm25
06/01/2022,168.3,pm25
07/01/2022,175.53,pm25
08/01/2022,168.3,pm25
09/01/2022,169.85,pm25
10/01/2022,175.53,pm25
11/01/2022,176.04,pm25
12/01/2022,166.75,pm25
13/01/2022,161.07,pm25
14/01/2022,166.75,pm25
15/01/2022,170.36,pm25
16/01/2022,166.75,pm25
17/01/2022,180.17,pm25
18/01/2022,182.24,pm25
19/01/2022,169.33,pm25
20/01/2022,165.72,pm25
21/01/2022,155.39,pm25
22/01/2022,152.29,pm25
23/01/2022,139.17,pm25
24/01/2022,153.84,pm25
25/01/2022,160.04,pm25
26/01/2022,155.39,pm25
27/01/2022,160.04,pm25
28/01/2022,163.13,pm25
29/01/2022,161.58,pm25
30/01/2022,157.97,pm25
31/01/2022,156.42,pm25
01/02/2022,158.49,pm25
02/02/2022,151.77,pm25
03/02/2022,153.32,pm25
04/02/2022,159,pm25
05/02/2022,166.23,pm25
06/02/2022,168.3,pm25
07/02/2022,186.37,pm25
08/02/2022,185.34,pm25
09/02/2022,165.72,pm25
10/02/2022,155.91,pm25
11/02/2022,157.97,pm25
12/02/2022,164.17,pm25
13/02/2022,154.36,pm25
14/02/2022,154.87,pm25
15/02/2022,166.23,pm25
16/02/2022,180.17,pm25
17/02/2022,169.85,pm25
18/02/2022,144.09,pm25
19/02/2022,139.17,pm25
20/02/2022,124.39,pm25
21/02/2022,136.7,pm25
22/02/2022,156.42,pm25
23/02/2022,161.07,pm25
24/02/2022,163.13,pm25
25/02/2022,164.17,pm25
26/02/2022,169.33,pm25
27/02/2022,172.43,pm25
28/02/2022,182.75,pm25
01/03/2022,164.17,pm25
02/03/2022,155.91,pm25
03/03/2022,154.87,pm25
04/03/2022,154.87,pm25
05/03/2022,157.97,pm25
06/03/2022,155.39,pm25
07/03/2022,171.4,pm25
08/03/2022,179.66,pm25
09/03/2022,180.69,pm25
10/03/2022,164.17,pm25
11/03/2022,156.94,pm25
12/03/2022,158.49,pm25
13/03/2022,162.62,pm25
14/03/2022,159,pm25
15/03/2022,166.75,pm25
16/03/2022,149.02,pm25
17/03/2022,155.91,pm25
18/03/2022,155.39,pm25
19/03/2022,160.55,pm25
20/03/2022,162.1,pm25
21/03/2022,126.85,pm25
22/03/2022,141.63,pm25
23/03/2022,151.77,pm25
24/03/2022,152.29,pm25
25/03/2022,153.84,pm25
26/03/2022,124.39,pm25
27/03/2022,136.7,pm25
28/03/2022,151.77,pm25
29/03/2022,153.84,pm25
30/03/2022,159.52,pm25
31/03/2022,161.07,pm25
01/04/2022,167.26,pm25
02/04/2022,88.64,pm25
03/04/2022,104.69,pm25
04/04/2022,152.29,pm25
05/04/2022,163.65,pm25
06/04/2022,165.2,pm25
07/04/2022,169.33,pm25
08/04/2022,185.85,pm25
09/04/2022,199.28,pm25
10/04/2022,221.32,pm25
11/04/2022,193.6,pm25
12/04/2022,178.11,pm25
13/04/2022,174.49,pm25
14/04/2022,167.26,pm25
15/04/2022,167.26,pm25
16/04/2022,167.26,pm25
17/04/2022,166.23,pm25
18/04/2022,159,pm25
19/04/2022,197.21,pm25
20/04/2022,171.91,pm25
21/04/2022,182.24,pm25
22/04/2022,1.41,o3
23/04/2022,121.93,pm25
24/04/2022,146.55,pm25
25/04/2022,139.17,pm25
26/04/2022,126.85,pm25
27/04/2022,152.29,pm25
28/04/2022,146.55,pm25
29/04/2022,156.42,pm25
30/04/2022,167.26,pm25
01/05/2022,154.87,pm25
02/05/2022,99.16,pm25
03/05/2022,97.06,pm25
04/05/2022,114.54,pm25
05/05/2022,156.94,pm25
06/05/2022,182.75,pm25
07/05/2022,151.77,pm25
08/05/2022,126.85,pm25
09/05/2022,139.17,pm25
10/05/2022,124.39,pm25
11/05/2022,134.24,pm25
12/05/2022,124.39,pm25
13/05/2022,153.84,pm25
14/05/2022,155.39,pm25
15/05/2022,154.36,pm25
16/05/2022,126.85,pm25
17/05/2022,119.47,pm25
18/05/2022,114.54,pm25
19/05/2022,107.16,pm25
20/05/2022,157.97,pm25
21/05/2022,175.01,pm25
22/05/2022,161.58,pm25
23/05/2022,112.08,pm25
24/05/2022,139.17,pm25
25/05/2022,139.17,pm25
26/05/2022,126.85,pm25
27/05/2022,153.32,pm25
28/05/2022,151.77,pm25
29/05/2022,157.45,pm25
30/05/2022,156.94,pm25
31/05/2022,154.87,pm25
01/06/2022,154.87,pm25
02/06/2022,141.63,pm25
03/06/2022,92.85,pm25
04/06/2022,114.54,pm25
05/06/2022,117.01,pm25
06/06/2022,160.55,pm25
07/06/2022,107.16,pm25
08/06/2022,107.16,pm25
09/06/2022,124.39,pm25
10/06/2022,121.93,pm25
11/06/2022,124.39,pm25
12/06/2022,151.77,pm25
13/06/2022,152.29,pm25
14/06/2022,152.81,pm25
15/06/2022,141.63,pm25
16/06/2022,134.24,pm25
17/06/2022,151.26,pm25
18/06/2022,146.55,pm25
19/06/2022,126.85,pm25
20/06/2022,134.24,pm25
21/06/2022,126.85,pm25
22/06/2022,144.09,pm25
23/06/2022,149.02,pm25
24/06/2022,121.93,pm25
25/06/2022,119.47,pm25
26/06/2022,107.16,pm25
27/06/2022,136.7,pm25
28/06/2022,119.47,pm25
29/06/2022,112.08,pm25
30/06/2022,119.47,pm25
01/07/2022,124.39,pm25
02/07/2022,112.08,pm25
03/07/2022,104.69,pm25
04/07/2022,104.69,pm25
05/07/2022,109.62,pm25
06/07/2022,160.55,pm25
07/07/2022,121.93,pm25
08/07/2022,107.16,pm25
09/07/2022,112.08,pm25
10/07/2022,109.62,pm25
11/07/2022,114.54,pm25
12/07/2022,117.01,pm25
13/07/2022,149.02,pm25
14/07/2022,146.55,pm25
15/07/2022,134.24,pm25
16/07/2022,131.78,pm25
17/07/2022,117.01,pm25
18/07/2022,121.93,pm25
19/07/2022,146.55,pm25
20/07/2022,117.01,pm25
21/07/2022,107.16,pm25
22/07/2022,97.06,pm25
23/07/2022,112.08,pm25
24/07/2022,136.7,pm25
25/07/2022,144.09,pm25
26/07/2022,124.39,pm25
27/07/2022,141.63,pm25
28/07/2022,131.78,pm25
29/07/2022,139.17,pm25
30/07/2022,134.24,pm25
31/07/2022,104.69,pm25
01/08/2022,114.54,pm25
02/08/2022,104.69,pm25
03/08/2022,104.69,pm25
04/08/2022,176.56,pm25
05/08/2022,104.69,pm25
06/08/2022,119.47,pm25
07/08/2022,86.54,pm25
08/08/2022,92.85,pm25
09/08/2022,104.69,pm25
10/08/2022,112.08,pm25
11/08/2022,121.93,pm25
12/08/2022,126.85,pm25
13/08/2022,126.85,pm25
14/08/2022,161.07,pm25
15/08/2022,117.01,pm25
16/08/2022,104.69,pm25
17/08/2022,119.47,pm25
18/08/2022,104.69,pm25
19/08/2022,109.62,pm25
20/08/2022,114.54,pm25
21/08/2022,136.7,pm25
22/08/2022,112.08,pm25
23/08/2022,139.17,pm25
24/08/2022,151.26,pm25
25/08/2022,141.63,pm25
26/08/2022,117.01,pm25
27/08/2022,126.85,pm25
28/08/2022,119.47,pm25
29/08/2022,131.78,pm25
30/08/2022,153.32,pm25
31/08/2022,153.84,pm25
01/09/2022,151.77,pm25
02/09/2022,155.91,pm25
03/09/2022,152.29,pm25
04/09/2022,107.16,pm25
05/09/2022,107.16,pm25
06/09/2022,114.54,pm25
07/09/2022,90.75,pm25
08/09/2022,94.95,pm25
09/09/2022,129.32,pm25
10/09/2022,121.93,pm25
11/09/2022,121.93,pm25
12/09/2022,119.47,pm25
13/09/2022,152.81,pm25
14/09/2022,151.26,pm25
15/09/2022,131.78,pm25
16/09/2022,114.54,pm25
17/09/2022,117.01,pm25
19/09/2022,1.89,o3
20/09/2022,134.24,pm25
21/09/2022,152.29,pm25
22/09/2022,129.32,pm25
23/09/2022,151.26,pm25
24/09/2022,134.24,pm25
25/09/2022,134.24,pm25
26/09/2022,126.85,pm25
27/09/2022,146.55,pm25
28/09/2022,129.32,pm25
29/09/2022,121.93,pm25
30/09/2022,124.39,pm25
01/10/2022,131.78,pm25
02/10/2022,146.55,pm25
03/10/2022,141.63,pm25
04/10/2022,114.54,pm25
05/10/2022,141.63,pm25
06/10/2022,146.55,pm25
07/10/2022,124.39,pm25
08/10/2022,141.63,pm25
09/10/2022,114.54,pm25
10/10/2022,119.47,pm25
11/10/2022,129.32,pm25
12/10/2022,151.77,pm25
17/10/2022,166.75,pm25
18/10/2022,169.33,pm25
19/10/2022,176.56,pm25
20/10/2022,167.26,pm25
21/10/2022,159.52,pm25
22/10/2022,164.17,pm25
23/10/2022,158.49,pm25
24/10/2022,162.62,pm25
25/10/2022,167.26,pm25
26/10/2022,156.94,pm25
27/10/2022,117.01,pm25
28/10/2022,134.24,pm25
29/10/2022,149.02,pm25
30/10/2022,161.58,pm25
31/10/2022,173.98,pm25
01/11/2022,163.65,pm25
02/11/2022,155.39,pm25
03/11/2022,159,pm25
04/11/2022,156.94,pm25
05/11/2022,160.55,pm25
06/11/2022,159.52,pm25
07/11/2022,160.55,pm25
08/11/2022,162.1,pm25
09/11/2022,160.04,pm25
10/11/2022,154.87,pm25
11/11/2022,167.78,pm25
12/11/2022,158.49,pm25
13/11/2022,272.85,pm25
18/11/2022,1.41,o3
19/11/2022,0.94,o3
20/11/2022,1.41,o3
21/11/2022,1.41,o3
22/11/2022,1.41,o3
23/11/2022,1.41,o3
28/11/2022,149.02,pm25
29/11/2022,156.42,pm25
30/11/2022,156.94,pm25
01/12/2022,159.52,pm25
02/12/2022,151.26,pm25
03/12/2022,129.32,pm25
04/12/2022,112.08,pm25
05/12/2022,126.85,pm25
06/12/2022,114.54,pm25
07/12/2022,146.55,pm25
08/12/2022,141.63,pm25
09/12/2022,144.09,pm25
10/12/2022,152.29,pm25
11/12/2022,405.29,pm25
24/01/2023,165.2,pm25
25/01/2023,160.55,pm25
26/01/2023,164.68,pm25
27/01/2023,184.82,pm25
28/01/2023,154.36,pm25
29/01/2023,164.68,pm25
30/01/2023,175.01,pm25
31/01/2023,193.08,pm25
01/02/2023,266.9,pm25
02/02/2023,201.5,pm25
03/02/2023,174.49,pm25
04/02/2023,169.85,pm25
05/02/2023,155.91,pm25
06/02/2023,154.36,pm25
07/02/2023,152.81,pm25
08/02/2023,154.36,pm25
09/02/2023,152.29,pm25
10/02/2023,151.77,pm25
11/02/2023,152.81,pm25
12/02/2023,,
13/02/2023,161.07,pm25
14/02/2023,160.55,pm25
15/02/2023,158.49,pm25
16/02/2023,159.52,pm25
17/02/2023,170.88,pm25
18/02/2023,197.73,pm25
19/02/2023,199.28,pm25
20/02/2023,187.4,pm25
21/02/2023,184.3,pm25
22/02/2023,189.47,pm25
23/02/2023,190.5,pm25
24/02/2023,198.76,pm25
25/02/2023,188.43,pm25
26/02/2023,175.01,pm25
27/02/2023,179.66,pm25
28/02/2023,190.5,pm25
01/03/2023,190.5,pm25
02/03/2023,188.95,pm25
03/03/2023,184.82,pm25
04/03/2023,193.08,pm25
05/03/2023,188.95,pm25
06/03/2023,195.15,pm25
07/03/2023,205.46,pm25
08/03/2023,205.46,pm25
09/03/2023,186.37,pm25
10/03/2023,184.82,pm25
11/03/2023,194.11,pm25
12/03/2023,176.56,pm25
13/03/2023,189.47,pm25
14/03/2023,240.14,pm25
15/03/2023,185.34,pm25
16/03/2023,167.26,pm25
17/03/2023,162.62,pm25
18/03/2023,158.49,pm25
19/03/2023,162.1,pm25
20/03/2023,159.52,pm25
21/03/2023,160.04,pm25
22/03/2023,149.02,pm25
23/03/2023,153.84,pm25
24/03/2023,153.84,pm25
25/03/2023,155.91,pm25
26/03/2023,152.81,pm25
27/03/2023,155.39,pm25
28/03/2023,152.29,pm25
29/03/2023,144.09,pm25
30/03/2023,152.29,pm25
31/03/2023,156.94,pm25
01/04/2023,160.04,pm25
02/04/2023,159.52,pm25
03/04/2023,164.68,pm25
04/04/2023,169.33,pm25
05/04/2023,170.88,pm25
06/04/2023,168.3,pm25
07/04/2023,162.62,pm25
08/04/2023,161.07,pm25
09/04/2023,158.49,pm25
10/04/2023,153.32,pm25
11/04/2023,181.72,pm25
12/04/2023,169.85,pm25
13/04/2023,182.24,pm25
14/04/2023,184.82,pm25
15/04/2023,195.66,pm25
16/04/2023,187.92,pm25
17/04/2023,192.56,pm25
18/04/2023,181.21,pm25
19/04/2023,181.72,pm25
20/04/2023,183.27,pm25
21/04/2023,194.11,pm25
22/04/2023,195.66,pm25
23/04/2023,177.59,pm25
24/04/2023,162.62,pm25
25/04/2023,159.52,pm25
26/04/2023,160.04,pm25
27/04/2023,171.4,pm25
28/04/2023,161.58,pm25
29/04/2023,177.07,pm25
30/04/2023,154.36,pm25
01/05/2023,163.13,pm25
02/05/2023,177.07,pm25
03/05/2023,154.87,pm25
04/05/2023,151.77,pm25
05/05/2023,160.04,pm25
06/05/2023,156.94,pm25
07/05/2023,159,pm25
08/05/2023,178.11,pm25
09/05/2023,155.39,pm25
10/05/2023,188.43,pm25
11/05/2023,156.94,pm25
12/05/2023,166.75,pm25
13/05/2023,136.7,pm25
14/05/2023,146.55,pm25
15/05/2023,160.55,pm25
16/05/2023,166.75,pm25
17/05/2023,163.65,pm25
18/05/2023,158.49,pm25
19/05/2023,179.14,pm25
20/05/2023,163.65,pm25
21/05/2023,162.1,pm25
22/05/2023,160.04,pm25
23/05/2023,162.1,pm25
24/05/2023,158.49,pm25
25/05/2023,158.49,pm25
26/05/2023,164.68,pm25
27/05/2023,161.07,pm25
28/05/2023,157.45,pm25
29/05/2023,153.32,pm25
30/05/2023,131.78,pm25
31/05/2023,151.77,pm25
01/06/2023,157.97,pm25
02/06/2023,157.45,pm25
03/06/2023,155.91,pm25
04/06/2023,176.04,pm25
05/06/2023,166.75,pm25
06/06/2023,151.77,pm25
07/06/2023,151.26,pm25
08/06/2023,136.7,pm25
09/06/2023,109.62,pm25
10/06/2023,160.55,pm25
11/06/2023,99.16,pm25
12/06/2023,126.85,pm25
13/06/2023,161.07,pm25
14/06/2023,94.95,pm25
15/06/2023,182.24,pm25
16/06/2023,94.95,pm25
17/06/2023,109.62,pm25
18/06/2023,99.16,pm25
19/06/2023,112.08,pm25
20/06/2023,136.7,pm25
21/06/2023,149.02,pm25
22/06/2023,169.33,pm25
23/06/2023,153.32,pm25
24/06/2023,119.47,pm25
25/06/2023,117.01,pm25
26/06/2023,117.01,pm25
27/06/2023,114.54,pm25
28/06/2023,119.47,pm25
29/06/2023,126.85,pm25
30/06/2023,112.08,pm25
01/07/2023,104.69,pm25
02/07/2023,88.64,pm25
03/07/2023,102.23,pm25
04/07/2023,129.32,pm25
05/07/2023,121.93,pm25
06/07/2023,102.23,pm25
07/07/2023,126.85,pm25
08/07/2023,119.47,pm25
09/07/2023,119.47,pm25
10/07/2023,112.08,pm25
11/07/2023,163.65,pm25
12/07/2023,124.39,pm25
13/07/2023,134.24,pm25
14/07/2023,129.32,pm25
15/07/2023,152.29,pm25
16/07/2023,173.46,pm25
17/07/2023,104.69,pm25
18/07/2023,167.26,pm25
19/07/2023,129.32,pm25
20/07/2023,149.02,pm25
21/07/2023,139.17,pm25
22/07/2023,152.29,pm25
23/07/2023,136.7,pm25
24/07/2023,131.78,pm25
25/07/2023,139.17,pm25
26/07/2023,141.63,pm25
27/07/2023,129.32,pm25
28/07/2023,117.01,pm25
29/07/2023,136.7,pm25
30/07/2023,136.7,pm25
31/07/2023,134.24,pm25
01/08/2023,139.17,pm25
02/08/2023,152.81,pm25
03/08/2023,152.81,pm25
04/08/2023,144.09,pm25
05/08/2023,144.09,pm25
06/08/2023,131.78,pm25
07/08/2023,119.47,pm25
08/08/2023,124.39,pm25
09/08/2023,131.78,pm25
10/08/2023,136.7,pm25
11/08/2023,119.47,pm25
12/08/2023,146.55,pm25
13/08/2023,149.02,pm25
14/08/2023,146.55,pm25
15/08/2023,131.78,pm25
16/08/2023,124.39,pm25
17/08/2023,136.7,pm25
18/08/2023,139.17,pm25
19/08/2023,155.39,pm25
20/08/2023,153.84,pm25
21/08/2023,112.08,pm25
22/08/2023,184.82,pm25
23/08/2023,156.94,pm25
24/08/2023,80.23,pm25
25/08/2023,102.23,pm25
26/08/2023,104.69,pm25
27/08/2023,104.69,pm25
28/08/2023,119.47,pm25
29/08/2023,109.62,pm25
30/08/2023,104.69,pm25
31/08/2023,129.32,pm25
01/09/2023,141.63,pm25
02/09/2023,149.02,pm25
03/09/2023,94.95,pm25
04/09/2023,104.69,pm25
05/09/2023,78.13,pm25
06/09/2023,107.16,pm25
07/09/2023,109.62,pm25
08/09/2023,102.23,pm25
09/09/2023,107.16,pm25
10/09/2023,86.54,pm25
11/09/2023,90.75,pm25
12/09/2023,107.16,pm25
13/09/2023,117.01,pm25
14/09/2023,109.62,pm25
15/09/2023,94.95,pm25
16/09/2023,97.06,pm25
17/09/2023,73.92,pm25
18/09/2023,109.62,pm25
19/09/2023,149.02,pm25
20/09/2023,156.94,pm25
21/09/2023,139.17,pm25
22/09/2023,121.93,pm25
23/09/2023,151.26,pm25
24/09/2023,144.09,pm25
25/09/2023,141.63,pm25
26/09/2023,119.47,pm25
27/09/2023,97.06,pm25
28/09/2023,90.75,pm25
29/09/2023,117.01,pm25
30/09/2023,121.93,pm25
01/10/2023,97.06,pm25
02/10/2023,114.54,pm25
03/10/2023,104.69,pm25
04/10/2023,126.85,pm25
05/10/2023,112.08,pm25
06/10/2023,102.23,pm25
07/10/2023,102.23,pm25
08/10/2023,99.16,pm25
09/10/2023,136.7,pm25
10/10/2023,154.36,pm25
11/10/2023,167.78,pm25
12/10/2023,168.3,pm25
13/10/2023,154.36,pm25
14/10/2023,134.24,pm25
15/10/2023,155.91,pm25
16/10/2023,156.94,pm25
17/10/2023,178.62,pm25
18/10/2023,159.52,pm25
19/10/2023,165.72,pm25
20/10/2023,172.43,pm25
21/10/2023,139.17,pm25
22/10/2023,134.24,pm25
23/10/2023,149.02,pm25
24/10/2023,155.91,pm25
25/10/2023,131.78,pm25
26/10/2023,155.39,pm25
27/10/2023,144.09,pm25
28/10/2023,154.87,pm25
31/10/2023,432.37,pm25