Date,AQI
01/01/2014,46
02/01/2014,41
03/01/2014,34
04/01/2014,43
05/01/2014,40
06/01/2014,37
07/01/2014,39
08/01/2014,41
09/01/2014,45
10/01/2014,45
11/01/2014,33
12/01/2014,32
13/01/2014,38
14/01/2014,42
15/01/2014,40
16/01/2014,41
17/01/2014,51
18/01/2014,48
19/01/2014,49
20/01/2014,48
21/01/2014,49
22/01/2014,52
23/01/2014,58
24/01/2014,59
25/01/2014,65
26/01/2014,63
27/01/2014,59
28/01/2014,57
29/01/2014,55
30/01/2014,45
31/01/2014,46
01/02/2014,47
02/02/2014,57
03/02/2014,56
04/02/2014,46
05/02/2014,56
06/02/2014,58
07/02/2014,61
08/02/2014,65
09/02/2014,59
10/02/2014,60
11/02/2014,59
12/02/2014,61
13/02/2014,62
14/02/2014,57
15/02/2014,56
16/02/2014,51
17/02/2014,50
18/02/2014,58
19/02/2014,60
20/02/2014,52
21/02/2014,56
22/02/2014,44
23/02/2014,49
24/02/2014,55
25/02/2014,61
26/02/2014,66
27/02/2014,62
28/02/2014,64
01/03/2014,72
02/03/2014,78
03/03/2014,83
04/03/2014,73
05/03/2014,74
06/03/2014,67
07/03/2014,70
08/03/2014,76
09/03/2014,92
10/03/2014,75
11/03/2014,67
12/03/2014,67
13/03/2014,73
14/03/2014,70
15/03/2014,63
16/03/2014,46
17/03/2014,36
18/03/2014,40
19/03/2014,49
20/03/2014,54
21/03/2014,58
22/03/2014,61
23/03/2014,59
24/03/2014,50
25/03/2014,53
26/03/2014,59
27/03/2014,62
28/03/2014,65
29/03/2014,57
30/03/2014,47
31/03/2014,55
01/04/2014,54
02/04/2014,61
03/04/2014,55
04/04/2014,47
05/04/2014,38
06/04/2014,38
07/04/2014,40
08/04/2014,44
09/04/2014,52
10/04/2014,51
11/04/2014,47
12/04/2014,47
13/04/2014,52
14/04/2014,50
15/04/2014,51
16/04/2014,51
17/04/2014,50
18/04/2014,44
19/04/2014,42
20/04/2014,38
21/04/2014,38
22/04/2014,49
23/04/2014,47
24/04/2014,49
25/04/2014,44
26/04/2014,40
27/04/2014,39
28/04/2014,43
29/04/2014,43
30/04/2014,43
01/05/2014,39
02/05/2014,38
03/05/2014,47
04/05/2014,50
05/05/2014,46
06/05/2014,41
07/05/2014,33
08/05/2014,38
09/05/2014,39
10/05/2014,37
11/05/2014,32
12/05/2014,35
13/05/2014,38
14/05/2014,34
15/05/2014,35
16/05/2014,34
17/05/2014,44
18/05/2014,35
19/05/2014,36
20/05/2014,44
21/05/2014,45
22/05/2014,47
23/05/2014,42
24/05/2014,44
25/05/2014,38
26/05/2014,34
27/05/2014,42
28/05/2014,34
29/05/2014,37
30/05/2014,33
31/05/2014,34
01/06/2014,34
02/06/2014,32
03/06/2014,38
04/06/2014,42
05/06/2014,38
06/06/2014,38
07/06/2014,44
08/06/2014,38
09/06/2014,39
10/06/2014,47
11/06/2014,49
12/06/2014,52
13/06/2014,51
14/06/2014,53
15/06/2014,50
16/06/2014,47
17/06/2014,49
18/06/2014,56
19/06/2014,62
20/06/2014,70
21/06/2014,72
22/06/2014,82
23/06/2014,73
24/06/2014,60
25/06/2014,64
26/06/2014,68
27/06/2014,67
28/06/2014,65
29/06/2014,47
30/06/2014,33
01/07/2014,31
02/07/2014,36
03/07/2014,46
04/07/2014,51
05/07/2014,48
06/07/2014,44
07/07/2014,50
08/07/2014,47
09/07/2014,48
10/07/2014,56
11/07/2014,55
12/07/2014,52
13/07/2014,51
14/07/2014,53
15/07/2014,56
16/07/2014,57
17/07/2014,52
18/07/2014,46
19/07/2014,51
20/07/2014,70
21/07/2014,86
22/07/2014,105
23/07/2014,105
24/07/2014,72
25/07/2014,68
26/07/2014,81
27/07/2014,82
28/07/2014,85
29/07/2014,61
30/07/2014,44
31/07/2014,55
01/08/2014,64
02/08/2014,73
03/08/2014,54
04/08/2014,54
05/08/2014,62
06/08/2014,59
07/08/2014,52
08/08/2014,36
09/08/2014,42
10/08/2014,43
11/08/2014,34
12/08/2014,39
13/08/2014,39
14/08/2014,35
15/08/2014,35
16/08/2014,34
17/08/2014,35
18/08/2014,38
19/08/2014,45
21/08/2014,30
22/08/2014,46
23/08/2014,46
24/08/2014,45
25/08/2014,29
26/08/2014,28
27/08/2014,30
28/08/2014,34
29/08/2014,43
30/08/2014,50
31/08/2014,59
01/09/2014,46
02/09/2014,51
03/09/2014,51
04/09/2014,54
05/09/2014,41
06/09/2014,36
07/09/2014,35
08/09/2014,32
09/09/2014,31
10/09/2014,31
11/09/2014,50
12/09/2014,43
13/09/2014,47
14/09/2014,43
15/09/2014,37
16/09/2014,45
17/09/2014,81
18/09/2014,75
19/09/2014,51
20/09/2014,38
21/09/2014,32
22/09/2014,37
23/09/2014,45
24/09/2014,52
25/09/2014,59
26/09/2014,49
27/09/2014,37
28/09/2014,35
29/09/2014,40
30/09/2014,50
01/10/2014,59
02/10/2014,60
03/10/2014,57
04/10/2014,48
05/10/2014,28
06/10/2014,29
07/10/2014,41
08/10/2014,61
09/10/2014,54
10/10/2014,74
11/10/2014,74
12/10/2014,63
13/10/2014,49
15/10/2014,46
16/10/2014,43
18/10/2014,30
20/10/2014,59
21/10/2014,59
22/10/2014,45
23/10/2014,38
24/10/2014,36
25/10/2014,39
26/10/2014,47
27/10/2014,35
28/10/2014,37
29/10/2014,33
30/10/2014,34
31/10/2014,32
01/11/2014,29
02/11/2014,28
03/11/2014,49
04/11/2014,65
05/11/2014,66
06/11/2014,40
07/11/2014,34
08/11/2014,33
09/11/2014,30
10/11/2014,36
11/11/2014,44
12/11/2014,47
13/11/2014,40
14/11/2014,33
15/11/2014,35
16/11/2014,35
19/11/2014,27
20/11/2014,28
21/11/2014,30
22/11/2014,27
23/11/2014,32
24/11/2014,25
25/11/2014,31
26/11/2014,31
27/11/2014,25
28/11/2014,28
29/11/2014,35
30/11/2014,29
01/12/2014,34
02/12/2014,33
03/12/2014,32
04/12/2014,34
05/12/2014,37
06/12/2014,39
07/12/2014,31
08/12/2014,29
09/12/2014,33
10/12/2014,36
11/12/2014,35
12/12/2014,34
13/12/2014,37
14/12/2014,36
15/12/2014,33
16/12/2014,33
17/12/2014,28
18/12/2014,29
19/12/2014,33
20/12/2014,36
21/12/2014,34
22/12/2014,27
23/12/2014,27
24/12/2014,35
25/12/2014,39
26/12/2014,30
27/12/2014,33
28/12/2014,30
01/01/2015,46
02/01/2015,43
03/01/2015,41
04/01/2015,42
06/01/2015,42
07/01/2015,37
08/01/2015,33
09/01/2015,44
10/01/2015,37
11/01/2015,33
12/01/2015,34
13/01/2015,38
14/01/2015,41
15/01/2015,34
16/01/2015,39
17/01/2015,46
18/01/2015,54
19/01/2015,51
20/01/2015,48
21/01/2015,47
22/01/2015,55
23/01/2015,55
24/01/2015,56
25/01/2015,57
26/01/2015,57
27/01/2015,56
28/01/2015,59
29/01/2015,59
30/01/2015,54
31/01/2015,50
01/02/2015,51
02/02/2015,47
03/02/2015,46
04/02/2015,45
05/02/2015,44
06/02/2015,49
07/02/2015,49
08/02/2015,46
09/02/2015,39
10/02/2015,44
11/02/2015,55
12/02/2015,64
13/02/2015,63
14/02/2015,66
15/02/2015,64
16/02/2015,60
17/02/2015,55
18/02/2015,52
19/02/2015,49
20/02/2015,46
21/02/2015,45
22/02/2015,53
23/02/2015,48
24/02/2015,50
25/02/2015,57
26/02/2015,58
27/02/2015,55
28/02/2015,53
01/03/2015,50
02/03/2015,50
03/03/2015,50
04/03/2015,51
05/03/2015,54
06/03/2015,56
07/03/2015,53
09/03/2015,43
10/03/2015,41
11/03/2015,45
12/03/2015,47
13/03/2015,50
14/03/2015,55
15/03/2015,54
16/03/2015,60
17/03/2015,61
18/03/2015,59
19/03/2015,61
20/03/2015,62
21/03/2015,59
22/03/2015,58
23/03/2015,57
24/03/2015,60
25/03/2015,59
26/03/2015,59
27/03/2015,56
28/03/2015,52
30/03/2015,43
31/03/2015,44
01/04/2015,38
02/04/2015,40
03/04/2015,44
04/04/2015,44
05/04/2015,52
06/04/2015,52
08/04/2015,49
09/04/2015,50
10/04/2015,53
11/04/2015,51
12/04/2015,45
13/04/2015,45
14/04/2015,54
15/04/2015,47
16/04/2015,40
18/04/2015,51
19/04/2015,50
20/04/2015,52
21/04/2015,53
22/04/2015,39
23/04/2015,39
24/04/2015,45
25/04/2015,46
26/04/2015,42
27/04/2015,42
28/04/2015,43
29/04/2015,45
30/04/2015,44
01/05/2015,36
02/05/2015,36
03/05/2015,38
04/05/2015,41
05/05/2015,41
06/05/2015,42
07/05/2015,45
08/05/2015,41
09/05/2015,43
10/05/2015,49
11/05/2015,48
12/05/2015,52
13/05/2015,45
14/05/2015,48
15/05/2015,44
16/05/2015,48
17/05/2015,44
18/05/2015,44
19/05/2015,44
20/05/2015,44
21/05/2015,44
22/05/2015,54
23/05/2015,45
24/05/2015,43
25/05/2015,55
26/05/2015,55
27/05/2015,53
28/05/2015,50
29/05/2015,50
30/05/2015,54
31/05/2015,44
01/06/2015,40
02/06/2015,44
03/06/2015,40
04/06/2015,40
05/06/2015,51
06/06/2015,51
07/06/2015,41
08/06/2015,42
09/06/2015,37
10/06/2015,40
11/06/2015,41
13/06/2015,39
14/06/2015,34
15/06/2015,31
16/06/2015,38
17/06/2015,39
18/06/2015,50
19/06/2015,53
20/06/2015,52
21/06/2015,52
22/06/2015,52
23/06/2015,51
24/06/2015,57
25/06/2015,69
26/06/2015,59
27/06/2015,59
28/06/2015,61
29/06/2015,59
30/06/2015,64
01/07/2015,65
02/07/2015,54
03/07/2015,50
04/07/2015,44
05/07/2015,44
01/10/2015,78
02/10/2015,66
03/10/2015,86
04/10/2015,170
05/10/2015,139
06/10/2015,91
07/10/2015,70
08/10/2015,66
09/10/2015,63
10/10/2015,57
11/10/2015,66
12/10/2015,73
13/10/2015,64
14/10/2015,60
15/10/2015,57
16/10/2015,58
17/10/2015,64
18/10/2015,84
19/10/2015,96
20/10/2015,118
21/10/2015,149
22/10/2015,170
23/10/2015,133
24/10/2015,103
25/10/2015,74
26/10/2015,59
27/10/2015,52
28/10/2015,53
29/10/2015,45
30/10/2015,39
31/10/2015,37
01/11/2015,36
02/11/2015,31
03/11/2015,30
04/11/2015,33
05/11/2015,31
06/11/2015,35
07/11/2015,39
08/11/2015,32
09/11/2015,28
10/11/2015,35
11/11/2015,44
12/11/2015,36
13/11/2015,43
14/11/2015,41
15/11/2015,41
16/11/2015,38
17/11/2015,39
18/11/2015,34
19/11/2015,37
20/11/2015,46
21/11/2015,40
22/11/2015,42
23/11/2015,35
24/11/2015,34
25/11/2015,35
26/11/2015,36
27/11/2015,37
28/11/2015,32
29/11/2015,36
30/11/2015,34
01/12/2015,34
02/12/2015,36
03/12/2015,40
04/12/2015,41
05/12/2015,46
06/12/2015,49
07/12/2015,37
08/12/2015,35
09/12/2015,38
10/12/2015,40
11/12/2015,35
12/12/2015,34
13/12/2015,37
14/12/2015,32
15/12/2015,33
16/12/2015,41
17/12/2015,44
18/12/2015,43
19/12/2015,34
20/12/2015,35
21/12/2015,42
22/12/2015,44
23/12/2015,49
24/12/2015,39
25/12/2015,35
26/12/2015,29
27/12/2015,34
28/12/2015,26
29/12/2015,34
30/12/2015,39
04/01/2016,37
05/01/2016,36
06/01/2016,37
07/01/2016,46
08/01/2016,38
09/01/2016,35
10/01/2016,38
11/01/2016,40
12/01/2016,42
13/01/2016,45
14/01/2016,51
15/01/2016,39
16/01/2016,34
17/01/2016,34
18/01/2016,37
19/01/2016,36
20/01/2016,40
21/01/2016,38
22/01/2016,40
23/01/2016,45
24/01/2016,31
25/01/2016,34
26/01/2016,40
27/01/2016,36
28/01/2016,38
29/01/2016,35
30/01/2016,38
31/01/2016,36
01/02/2016,42
02/02/2016,39
03/02/2016,40
04/02/2016,32
05/02/2016,34
06/02/2016,32
07/02/2016,36
08/02/2016,34
09/02/2016,39
10/02/2016,36
11/02/2016,39
12/02/2016,35
13/02/2016,33
14/02/2016,33
15/02/2016,39
16/02/2016,40
17/02/2016,39
18/02/2016,41
19/02/2016,42
20/02/2016,36
21/02/2016,42
22/02/2016,42
23/02/2016,44
24/02/2016,51
25/02/2016,44
26/02/2016,41
27/02/2016,33
28/02/2016,30
29/02/2016,32
01/03/2016,42
02/03/2016,44
03/03/2016,42
04/03/2016,43
05/03/2016,44
06/03/2016,43
07/03/2016,49
08/03/2016,47
09/03/2016,50
10/03/2016,54
11/03/2016,53
12/03/2016,51
13/03/2016,53
14/03/2016,53
15/03/2016,52
16/03/2016,47
17/03/2016,52
18/03/2016,53
19/03/2016,56
20/03/2016,56
21/03/2016,55
22/03/2016,53
23/03/2016,48
24/03/2016,54
25/03/2016,50
26/03/2016,49
27/03/2016,50
28/03/2016,45
29/03/2016,51
30/03/2016,51
31/03/2016,57
01/04/2016,56
02/04/2016,54
03/04/2016,52
04/04/2016,55
05/04/2016,55
06/04/2016,53
07/04/2016,50
08/04/2016,52
09/04/2016,55
10/04/2016,57
11/04/2016,54
12/04/2016,40
13/04/2016,44
14/04/2016,45
15/04/2016,42
16/04/2016,43
17/04/2016,43
18/04/2016,45
19/04/2016,54
20/04/2016,57
21/04/2016,56
22/04/2016,53
23/04/2016,58
24/04/2016,54
25/04/2016,55
26/04/2016,53
27/04/2016,53
28/04/2016,52
29/04/2016,51
30/04/2016,50
01/05/2016,40
02/05/2016,47
03/05/2016,50
04/05/2016,52
05/05/2016,51
06/05/2016,41
07/05/2016,39
08/05/2016,38
09/05/2016,34
10/05/2016,40
11/05/2016,43
12/05/2016,39
13/05/2016,37
14/05/2016,39
15/05/2016,34
16/05/2016,31
17/05/2016,33
18/05/2016,32
19/05/2016,30
20/05/2016,41
21/05/2016,37
22/05/2016,38
23/05/2016,34
24/05/2016,47
25/05/2016,48
26/05/2016,55
27/05/2016,52
28/05/2016,50
29/05/2016,43
30/05/2016,35
31/05/2016,35
01/06/2016,36
02/06/2016,39
03/06/2016,39
04/06/2016,32
05/06/2016,42
06/06/2016,53
07/06/2016,51
08/06/2016,50
09/06/2016,45
10/06/2016,43
11/06/2016,41
12/06/2016,36
13/06/2016,37
14/06/2016,40
15/06/2016,43
16/06/2016,40
17/06/2016,38
18/06/2016,32
19/06/2016,32
20/06/2016,32
21/06/2016,33
22/06/2016,42
23/06/2016,50
24/06/2016,46
25/06/2016,50
26/06/2016,49
27/06/2016,50
28/06/2016,54
29/06/2016,51
30/06/2016,56
01/07/2016,66
02/07/2016,68
03/07/2016,64
04/07/2016,63
05/07/2016,63
07/07/2016,40
08/07/2016,44
09/07/2016,47
10/07/2016,42
11/07/2016,42
12/07/2016,73
13/07/2016,35
14/07/2016,52
15/07/2016,55
16/07/2016,48
17/07/2016,36
18/07/2016,35
19/07/2016,36
20/07/2016,38
21/07/2016,41
22/07/2016,38
23/07/2016,42
24/07/2016,44
25/07/2016,40
26/07/2016,44
27/07/2016,51
28/07/2016,55
29/07/2016,52
30/07/2016,50
31/07/2016,48
01/08/2016,48
02/08/2016,51
03/08/2016,47
04/08/2016,53
05/08/2016,60
06/08/2016,58
07/08/2016,60
08/08/2016,56
09/08/2016,54
10/08/2016,44
11/08/2016,39
12/08/2016,39
13/08/2016,45
14/08/2016,45
15/08/2016,40
16/08/2016,51
17/08/2016,59
18/08/2016,77
19/08/2016,73
20/08/2016,67
21/08/2016,56
22/08/2016,50
23/08/2016,51
24/08/2016,46
25/08/2016,45
26/08/2016,36
27/08/2016,41
28/08/2016,37
29/08/2016,48
30/08/2016,48
31/08/2016,46
01/09/2016,41
02/09/2016,41
03/09/2016,44
04/09/2016,49
05/09/2016,38
06/09/2016,41
07/09/2016,37
08/09/2016,45
09/09/2016,48
10/09/2016,41
11/09/2016,53
12/09/2016,52
13/09/2016,49
14/09/2016,47
15/09/2016,52
16/09/2016,49
17/09/2016,41
18/09/2016,40
19/09/2016,35
20/09/2016,32
21/09/2016,37
22/09/2016,33
23/09/2016,44
24/09/2016,46
26/09/2016,47
27/09/2016,50
28/09/2016,45
29/09/2016,36
30/09/2016,37
01/10/2016,47
02/10/2016,47
03/10/2016,39
04/10/2016,45
05/10/2016,45
06/10/2016,43
07/10/2016,43
08/10/2016,41
09/10/2016,48
10/10/2016,43
11/10/2016,43
12/10/2016,42
13/10/2016,42
14/10/2016,45
15/10/2016,43
16/10/2016,40
17/10/2016,38
18/10/2016,43
19/10/2016,48
20/10/2016,51
21/10/2016,50
22/10/2016,50
23/10/2016,38
24/10/2016,33
25/10/2016,39
26/10/2016,51
27/10/2016,61
28/10/2016,54
29/10/2016,58
30/10/2016,45
31/10/2016,34
01/11/2016,40
02/11/2016,44
03/11/2016,44
04/11/2016,46
05/11/2016,44
06/11/2016,40
07/11/2016,36
08/11/2016,48
09/11/2016,48
10/11/2016,45
11/11/2016,46
12/11/2016,42
13/11/2016,44
14/11/2016,50
15/11/2016,44
16/11/2016,50
17/11/2016,48
18/11/2016,45
19/11/2016,44
20/11/2016,36
21/11/2016,31
22/11/2016,40
23/11/2016,44
24/11/2016,49
25/11/2016,48
26/11/2016,53
27/11/2016,41
28/11/2016,33
29/11/2016,39
30/11/2016,39
01/12/2016,44
02/12/2016,38
03/12/2016,30
04/12/2016,35
05/12/2016,43
06/12/2016,44
07/12/2016,50
08/12/2016,51
09/12/2016,45
10/12/2016,44
11/12/2016,35
12/12/2016,34
13/12/2016,46
14/12/2016,48
15/12/2016,55
16/12/2016,54
17/12/2016,53
18/12/2016,53
19/12/2016,43
20/12/2016,37
21/12/2016,39
22/12/2016,40
23/12/2016,46
24/12/2016,46
25/12/2016,38
26/12/2016,39
27/12/2016,42
28/12/2016,45
29/12/2016,51
30/12/2016,51
31/12/2016,47
01/01/2017,41
02/01/2017,43
03/01/2017,39
04/01/2017,42
05/01/2017,49
06/01/2017,49
07/01/2017,51
08/01/2017,46
09/01/2017,48
10/01/2017,56
11/01/2017,60
12/01/2017,59
13/01/2017,56
14/01/2017,53
15/01/2017,45
16/01/2017,42
17/01/2017,46
18/01/2017,41
19/01/2017,48
20/01/2017,35
21/01/2017,34
22/01/2017,42
23/01/2017,34
24/01/2017,28
25/01/2017,34
26/01/2017,36
27/01/2017,37
28/01/2017,47
29/01/2017,44
30/01/2017,41
31/01/2017,39
01/02/2017,40
02/02/2017,37
03/02/2017,46
04/02/2017,49
05/02/2017,51
06/02/2017,41
07/02/2017,46
08/02/2017,50
09/02/2017,51
10/02/2017,48
11/02/2017,46
12/02/2017,48
13/02/2017,48
14/02/2017,46
15/02/2017,45
16/02/2017,44
17/02/2017,47
18/02/2017,49
19/02/2017,39
20/02/2017,37
21/02/2017,33
22/02/2017,43
23/02/2017,54
24/02/2017,43
25/02/2017,40
26/02/2017,36
27/02/2017,36
28/02/2017,43
01/03/2017,47
02/03/2017,49
03/03/2017,42
04/03/2017,48
05/03/2017,50
06/03/2017,49
07/03/2017,51
08/03/2017,52
09/03/2017,53
10/03/2017,54
11/03/2017,56
12/03/2017,54
13/03/2017,51
14/03/2017,51
15/03/2017,52
16/03/2017,52
17/03/2017,39
18/03/2017,58
19/03/2017,52
20/03/2017,44
21/03/2017,48
22/03/2017,54
23/03/2017,50
24/03/2017,51
25/03/2017,49
26/03/2017,49
27/03/2017,47
28/03/2017,51
29/03/2017,41
30/03/2017,42
31/03/2017,51
01/04/2017,51
02/04/2017,45
03/04/2017,35
04/04/2017,38
05/04/2017,44
06/04/2017,44
07/04/2017,46
08/04/2017,45
09/04/2017,42
10/04/2017,41
11/04/2017,44
12/04/2017,45
13/04/2017,55
14/04/2017,54
07/07/2017,35
08/07/2017,33
09/07/2017,32
10/07/2017,28
11/07/2017,28
12/07/2017,33
13/07/2017,33
14/07/2017,25
15/07/2017,28
16/07/2017,34
17/07/2017,37
18/07/2017,45
28/08/2017,27
29/08/2017,28
30/08/2017,24
31/08/2017,30
01/09/2017,30
02/09/2017,26
03/09/2017,24
04/09/2017,19
05/09/2017,25
06/09/2017,29
11/09/2017,15
12/09/2017,23
13/09/2017,31
14/09/2017,30
15/09/2017,21
16/09/2017,16
05/10/2017,30
06/10/2017,28
07/10/2017,28
08/10/2017,22
09/10/2017,19
10/10/2017,24
11/10/2017,29
12/10/2017,27
13/10/2017,17
14/10/2017,21
15/10/2017,27
16/10/2017,30
17/10/2017,32
18/10/2017,41
19/10/2017,41
20/10/2017,40
21/10/2017,36
22/10/2017,30
23/10/2017,29
24/10/2017,37
25/10/2017,34
26/10/2017,31
27/10/2017,27
28/10/2017,24
29/10/2017,22
12/12/2017,32
13/12/2017,39
14/12/2017,35
15/12/2017,36
16/12/2017,34
17/12/2017,33
18/12/2017,30
19/12/2017,25
20/12/2017,31
21/12/2017,31
22/12/2017,26
23/12/2017,34
24/12/2017,26
25/12/2017,25
26/12/2017,25
27/12/2017,28
28/12/2017,33
29/12/2017,30
30/12/2017,28
01/01/2018,19
02/01/2018,16
03/01/2018,21
04/01/2018,22
05/01/2018,16
06/01/2018,24
07/01/2018,30
08/01/2018,27
09/01/2018,27
10/01/2018,29
11/01/2018,20
12/01/2018,22
13/01/2018,23
14/01/2018,30
15/01/2018,28
16/01/2018,33
17/01/2018,31
18/01/2018,32
19/01/2018,29
20/01/2018,27
21/01/2018,26
22/01/2018,25
23/01/2018,26
24/01/2018,21
25/01/2018,27
26/01/2018,24
27/01/2018,22
28/01/2018,25
29/01/2018,24
30/01/2018,29
31/01/2018,31
01/02/2018,28
02/02/2018,26
03/02/2018,26
04/02/2018,33
05/02/2018,31
06/02/2018,36
07/02/2018,40
08/02/2018,42
09/02/2018,43
10/02/2018,44
11/02/2018,46
12/02/2018,41
13/02/2018,38
14/02/2018,34
15/02/2018,32
16/02/2018,34
17/02/2018,33
18/02/2018,34
19/02/2018,37
20/02/2018,35
21/02/2018,29
22/02/2018,30
23/02/2018,34
24/02/2018,28
25/02/2018,24
26/02/2018,26
27/02/2018,29
28/02/2018,34
01/03/2018,48
02/03/2018,56
03/03/2018,33
04/03/2018,25
05/03/2018,27
06/03/2018,28
07/03/2018,28
08/03/2018,32
09/03/2018,29
10/03/2018,25
11/03/2018,29
12/03/2018,31
13/03/2018,33
14/03/2018,37
15/03/2018,35
16/03/2018,35
17/03/2018,35
18/03/2018,36
19/03/2018,39
20/03/2018,37
21/03/2018,31
22/03/2018,29
23/03/2018,32
24/03/2018,35
25/03/2018,40
26/03/2018,32
27/03/2018,27
28/03/2018,30
29/03/2018,33
30/03/2018,37
31/03/2018,37
01/04/2018,30
02/04/2018,34
03/04/2018,35
04/04/2018,41
05/04/2018,35
06/04/2018,41
07/04/2018,38
08/04/2018,36
09/04/2018,36
10/04/2018,39
11/04/2018,37
12/04/2018,34
13/04/2018,38
14/04/2018,39
15/04/2018,31
16/04/2018,29
17/04/2018,27
18/04/2018,31
19/04/2018,28
20/04/2018,33
21/04/2018,30
22/04/2018,35
23/04/2018,36
24/04/2018,36
25/04/2018,35
26/04/2018,31
27/04/2018,30
28/04/2018,32
29/04/2018,35
30/04/2018,32
01/05/2018,32
02/05/2018,30
03/05/2018,30
04/05/2018,27
05/05/2018,29
06/05/2018,39
07/05/2018,39
08/05/2018,32
09/05/2018,33
10/05/2018,29
11/05/2018,29
12/05/2018,33
13/05/2018,33
14/05/2018,35
15/05/2018,32
16/05/2018,34
17/05/2018,35
18/05/2018,35
19/05/2018,36
20/05/2018,29
21/05/2018,27
22/05/2018,35
23/05/2018,33
24/05/2018,33
25/05/2018,32
26/05/2018,33
27/05/2018,20
28/05/2018,23
29/05/2018,29
30/05/2018,29
31/05/2018,30
01/06/2018,25
02/06/2018,32
03/06/2018,28
04/06/2018,29
05/06/2018,38
06/06/2018,48
07/06/2018,45
08/06/2018,47
09/06/2018,44
10/06/2018,47
11/06/2018,46
12/06/2018,49
13/06/2018,44
14/06/2018,39
15/06/2018,37
16/06/2018,27
17/06/2018,27
18/06/2018,23
19/06/2018,26
20/06/2018,30
21/06/2018,32
22/06/2018,31
23/06/2018,24
24/06/2018,20
25/06/2018,25
26/06/2018,20
27/06/2018,25
28/06/2018,35
29/06/2018,24
30/06/2018,20
01/07/2018,27
02/07/2018,21
03/07/2018,26
04/07/2018,33
05/07/2018,34
06/07/2018,35
07/07/2018,32
08/07/2018,37
09/07/2018,27
10/07/2018,29
11/07/2018,30
12/07/2018,35
13/07/2018,44
14/07/2018,45
15/07/2018,32
16/07/2018,32
17/07/2018,42
18/07/2018,56
19/07/2018,51
20/07/2018,43
21/07/2018,29
22/07/2018,39
23/07/2018,42
24/07/2018,42
25/07/2018,37
26/07/2018,38
27/07/2018,37
28/07/2018,40
29/07/2018,38
30/07/2018,27
31/07/2018,20
01/08/2018,26
02/08/2018,28
03/08/2018,27
04/08/2018,37
05/08/2018,43
06/08/2018,47
07/08/2018,52
08/08/2018,47
09/08/2018,41
10/08/2018,36
11/08/2018,40
12/08/2018,42
13/08/2018,41
14/08/2018,54
15/08/2018,76
16/08/2018,74
17/08/2018,82
18/08/2018,66
19/08/2018,70
20/08/2018,69
21/08/2018,71
22/08/2018,69
23/08/2018,56
24/08/2018,56
25/08/2018,61
26/08/2018,61
27/08/2018,68
28/08/2018,73
29/08/2018,65
30/08/2018,67
31/08/2018,61
01/09/2018,57
02/09/2018,54
03/09/2018,51
04/09/2018,54
05/09/2018,53
06/09/2018,54
07/09/2018,52
08/09/2018,53
09/09/2018,53
10/09/2018,49
11/09/2018,52
12/09/2018,53
13/09/2018,57
14/09/2018,57
15/09/2018,56
16/09/2018,46
17/09/2018,53
18/09/2018,61
19/09/2018,55
20/09/2018,63
21/09/2018,56
22/09/2018,51
23/09/2018,51
24/09/2018,55
25/09/2018,61
26/09/2018,63
27/09/2018,65
28/09/2018,62
29/09/2018,61
30/09/2018,61
01/10/2018,66
02/10/2018,62
03/10/2018,55
04/10/2018,52
05/10/2018,58
06/10/2018,63
07/10/2018,61
08/10/2018,54
09/10/2018,52
10/10/2018,46
11/10/2018,52
12/10/2018,54
13/10/2018,49
14/10/2018,41
15/10/2018,48
16/10/2018,51
17/10/2018,50
18/10/2018,47
19/10/2018,38
20/10/2018,47
21/10/2018,43
22/10/2018,55
23/10/2018,55
24/10/2018,51
25/10/2018,50
26/10/2018,52
27/10/2018,52
28/10/2018,51
29/10/2018,52
30/10/2018,53
31/10/2018,53
01/11/2018,55
02/11/2018,56
03/11/2018,51
05/11/2018,58
06/11/2018,59
07/11/2018,54
08/11/2018,52
09/11/2018,54
10/11/2018,52
11/11/2018,51
12/11/2018,51
13/11/2018,52
14/11/2018,62
15/11/2018,54
16/11/2018,53
17/11/2018,55
18/11/2018,59
19/11/2018,61
20/11/2018,54
21/11/2018,54
22/11/2018,47
23/11/2018,52
24/11/2018,55
25/11/2018,53
26/11/2018,53
27/11/2018,57
28/11/2018,54
29/11/2018,61
30/11/2018,53
01/12/2018,52
02/12/2018,47
03/12/2018,46
04/12/2018,50
05/12/2018,51
06/12/2018,51
07/12/2018,42
08/12/2018,35
09/12/2018,43
10/12/2018,46
11/12/2018,46
12/12/2018,53
13/12/2018,50
14/12/2018,53
15/12/2018,48
16/12/2018,47
17/12/2018,42
18/12/2018,50
19/12/2018,54
20/12/2018,52
21/12/2018,54
22/12/2018,53
23/12/2018,54
24/12/2018,55
25/12/2018,54
26/12/2018,53
27/12/2018,56
28/12/2018,55
29/12/2018,55
30/12/2018,57
01/01/2019,19
02/01/2019,16
03/01/2019,21
04/01/2019,22
05/01/2019,16
06/01/2019,24
07/01/2019,30
08/01/2019,27
09/01/2019,27
10/01/2019,29
11/01/2019,20
12/01/2019,22
13/01/2019,23
14/01/2019,30
15/01/2019,28
16/01/2019,33
17/01/2019,31
18/01/2019,32
19/01/2019,29
20/01/2019,27
21/01/2019,26
22/01/2019,25
23/01/2019,26
24/01/2019,21
25/01/2019,27
26/01/2019,24
27/01/2019,22
28/01/2019,25
29/01/2019,24
30/01/2019,29
31/01/2019,31
01/02/2019,28
02/02/2019,26
03/02/2019,26
04/02/2019,33
05/02/2019,31
06/02/2019,36
07/02/2019,40
08/02/2019,42
09/02/2019,43
10/02/2019,44
11/02/2019,46
12/02/2019,41
13/02/2019,38
14/02/2019,34
15/02/2019,32
16/02/2019,34
17/02/2019,33
18/02/2019,34
19/02/2019,37
20/02/2019,35
21/02/2019,29
22/02/2019,30
23/02/2019,34
24/02/2019,28
25/02/2019,24
26/02/2019,26
27/02/2019,29
28/02/2019,34
01/03/2019,48
02/03/2019,56
03/03/2019,33
04/03/2019,25
05/03/2019,27
06/03/2019,28
07/03/2019,28
08/03/2019,32
09/03/2019,29
10/03/2019,25
11/03/2019,29
12/03/2019,31
13/03/2019,33
14/03/2019,37
15/03/2019,35
16/03/2019,35
17/03/2019,35
18/03/2019,36
19/03/2019,39
20/03/2019,37
21/03/2019,31
22/03/2019,29
23/03/2019,32
24/03/2019,35
25/03/2019,40
26/03/2019,32
27/03/2019,27
28/03/2019,30
29/03/2019,33
30/03/2019,37
31/03/2019,37
01/04/2019,30
02/04/2019,34
03/04/2019,35
04/04/2019,41
05/04/2019,35
06/04/2019,41
07/04/2019,38
08/04/2019,36
09/04/2019,36
10/04/2019,39
11/04/2019,37
12/04/2019,34
13/04/2019,38
14/04/2019,39
15/04/2019,31
16/04/2019,29
17/04/2019,27
18/04/2019,31
19/04/2019,28
20/04/2019,33
21/04/2019,30
22/04/2019,35
23/04/2019,36
24/04/2019,36
25/04/2019,35
26/04/2019,31
27/04/2019,30
28/04/2019,32
29/04/2019,35
30/04/2019,32
01/05/2019,32
02/05/2019,30
03/05/2019,30
04/05/2019,27
05/05/2019,29
06/05/2019,39
07/05/2019,39
08/05/2019,32
09/05/2019,33
10/05/2019,29
11/05/2019,29
12/05/2019,33
13/05/2019,33
14/05/2019,35
15/05/2019,32
16/05/2019,34
17/05/2019,35
18/05/2019,35
19/05/2019,36
20/05/2019,29
21/05/2019,27
22/05/2019,35
23/05/2019,33
24/05/2019,33
25/05/2019,32
26/05/2019,33
27/05/2019,20
28/05/2019,23
29/05/2019,29
30/05/2019,29
31/05/2019,30
01/06/2019,25
02/06/2019,32
03/06/2019,28
04/06/2019,29
05/06/2019,38
06/06/2019,48
07/06/2019,45
08/06/2019,47
09/06/2019,44
10/06/2019,47
11/06/2019,46
12/06/2019,49
13/06/2019,44
14/06/2019,39
15/06/2019,37
16/06/2019,27
17/06/2019,27
18/06/2019,23
19/06/2019,26
20/06/2019,30
21/06/2019,32
22/06/2019,31
23/06/2019,24
24/06/2019,20
25/06/2019,25
26/06/2019,20
27/06/2019,25
28/06/2019,12
29/06/2019,62
30/06/2019,60
01/07/2019,60
02/07/2019,62
03/07/2019,61
04/07/2019,63
05/07/2019,66
06/07/2019,59
07/07/2019,57
08/07/2019,58
09/07/2019,54
10/07/2019,54
11/07/2019,55
12/07/2019,55
13/07/2019,53
14/07/2019,59
15/07/2019,57
16/07/2019,49
17/07/2019,54
18/07/2019,64
19/07/2019,67
20/07/2019,65
21/07/2019,64
22/07/2019,61
23/07/2019,57
24/07/2019,57
25/07/2019,55
26/07/2019,60
27/07/2019,61
28/07/2019,61
29/07/2019,66
30/07/2019,69
31/07/2019,67
01/08/2019,61
02/08/2019,63
03/08/2019,64
04/08/2019,68
05/08/2019,75
06/08/2019,67
07/08/2019,69
08/08/2019,72
09/08/2019,75
10/08/2019,75
11/08/2019,75
12/08/2019,65
13/08/2019,58
14/08/2019,64
15/08/2019,59
16/08/2019,47
17/08/2019,61
18/08/2019,68
19/08/2019,61
20/08/2019,71
21/08/2019,74
22/08/2019,60
23/08/2019,65
24/08/2019,63
25/08/2019,62
26/08/2019,55
27/08/2019,55
28/08/2019,52
29/08/2019,45
30/08/2019,55
31/08/2019,58
01/09/2019,63
02/09/2019,67
03/09/2019,83
04/09/2019,77
05/09/2019,63
06/09/2019,66
07/09/2019,76
08/09/2019,77
09/09/2019,72
10/09/2019,79
11/09/2019,88
12/09/2019,91
13/09/2019,105
14/09/2019,102
15/09/2019,59
16/09/2019,62
17/09/2019,98
18/09/2019,131
19/09/2019,116
20/09/2019,101
21/09/2019,74
22/09/2019,143
23/09/2019,127
24/09/2019,99
25/09/2019,67
26/09/2019,55
27/09/2019,57
28/09/2019,57
29/09/2019,60
30/09/2019,54
01/10/2019,53
02/10/2019,56
03/10/2019,68
04/10/2019,68
05/10/2019,63
06/10/2019,57
07/10/2019,57
08/10/2019,54
09/10/2019,51
10/10/2019,50
11/10/2019,53
12/10/2019,56
13/10/2019,56
14/10/2019,57
15/10/2019,55
16/10/2019,52
17/10/2019,56
18/10/2019,51
19/10/2019,45
20/10/2019,46
21/10/2019,56
22/10/2019,54
23/10/2019,53
24/10/2019,51
25/10/2019,49
26/10/2019,51
27/10/2019,48
28/10/2019,49
29/10/2019,41
30/10/2019,44
31/10/2019,49
01/11/2019,44
02/11/2019,41
03/11/2019,53
04/11/2019,47
05/11/2019,41
06/11/2019,43
07/11/2019,53
08/11/2019,53
09/11/2019,48
10/11/2019,51
11/11/2019,52
12/11/2019,54
13/11/2019,56
14/11/2019,60
15/11/2019,59
16/11/2019,57
17/11/2019,52
18/11/2019,51
19/11/2019,51
20/11/2019,51
21/11/2019,52
22/11/2019,55
23/11/2019,51
24/11/2019,44
25/11/2019,49
26/11/2019,43
27/11/2019,49
28/11/2019,49
29/11/2019,44
30/11/2019,49
01/12/2019,59
02/12/2019,48
03/12/2019,49
04/12/2019,56
05/12/2019,53
06/12/2019,52
07/12/2019,52
08/12/2019,53
09/12/2019,47
10/12/2019,49
11/12/2019,51
12/12/2019,50
13/12/2019,52
14/12/2019,52
15/12/2019,52
16/12/2019,43
17/12/2019,50
18/12/2019,48
19/12/2019,48
20/12/2019,48
21/12/2019,48
22/12/2019,48
23/12/2019,48
24/12/2019,48
25/12/2019,48
26/12/2019,48
27/12/2019,48
28/12/2019,48
29/12/2019,48
01/01/2020,48
02/01/2020,48
03/01/2020,48
04/01/2020,48
05/01/2020,48
06/01/2020,48
07/01/2020,48
08/01/2020,48
09/01/2020,48
10/01/2020,48
11/01/2020,48
12/01/2020,48
13/01/2020,48
14/01/2020,48
15/01/2020,48
16/01/2020,48
17/01/2020,48
18/01/2020,59
26/01/2020,58
27/01/2020,60
28/01/2020,59
29/01/2020,55
30/01/2020,46
31/01/2020,50
01/02/2020,54
02/02/2020,56
03/02/2020,52
04/02/2020,57
05/02/2020,59
06/02/2020,58
07/02/2020,54
08/02/2020,55
09/02/2020,59
10/02/2020,53
11/02/2020,53
12/02/2020,52
13/02/2020,49
14/02/2020,53
15/02/2020,44
16/02/2020,40
17/02/2020,48
18/02/2020,51
19/02/2020,48
20/02/2020,53
21/02/2020,53
22/02/2020,52
23/02/2020,51
24/02/2020,42
25/02/2020,52
26/02/2020,54
27/02/2020,54
28/02/2020,54
29/02/2020,56
01/03/2020,58
02/03/2020,59
03/03/2020,58
04/03/2020,58
05/03/2020,59
06/03/2020,55
07/03/2020,56
08/03/2020,56
09/03/2020,56
10/03/2020,57
11/03/2020,54
12/03/2020,54
13/03/2020,56
14/03/2020,58
15/03/2020,57
16/03/2020,49
17/03/2020,54
18/03/2020,55
19/03/2020,55
20/03/2020,59
21/03/2020,64
22/03/2020,64
23/03/2020,62
24/03/2020,58
25/03/2020,48
26/03/2020,45
27/03/2020,52
28/03/2020,49
29/03/2020,53
01/04/2020,57
02/04/2020,57
03/04/2020,53
04/04/2020,50
05/04/2020,51
06/04/2020,51
07/04/2020,52
08/04/2020,55
09/04/2020,57
10/04/2020,59
11/04/2020,60
12/04/2020,59
13/04/2020,55
14/04/2020,55
15/04/2020,56
16/04/2020,54
17/04/2020,55
18/04/2020,55
19/04/2020,56
20/04/2020,55
21/04/2020,53
22/04/2020,52
23/04/2020,47
24/04/2020,30
25/04/2020,31
26/04/2020,30
27/04/2020,31
28/04/2020,35
29/04/2020,39
30/04/2020,33
01/05/2020,33
02/05/2020,36
03/05/2020,26
04/05/2020,44
05/05/2020,48
06/05/2020,41
07/05/2020,42
08/05/2020,49
09/05/2020,52
10/05/2020,52
11/05/2020,48
12/05/2020,49
13/05/2020,37
14/05/2020,49
15/05/2020,50
16/05/2020,51
17/05/2020,46
18/05/2020,37
19/05/2020,50
20/05/2020,48
21/05/2020,40
22/05/2020,37
23/05/2020,46
24/05/2020,51
25/05/2020,43
26/05/2020,47
27/05/2020,41
28/05/2020,46
29/05/2020,41
30/05/2020,45
31/05/2020,49
01/06/2020,39
02/06/2020,50
03/06/2020,55
04/06/2020,41
05/06/2020,36
06/06/2020,48
07/06/2020,51
08/06/2020,53
09/06/2020,59
10/06/2020,63
11/06/2020,60
12/06/2020,59
13/06/2020,38
14/06/2020,43
15/06/2020,58
16/06/2020,53
17/06/2020,47
18/06/2020,49
19/06/2020,49
20/06/2020,47
21/06/2020,54
22/06/2020,51
23/06/2020,54
24/06/2020,51
25/06/2020,51
26/06/2020,51
27/06/2020,47
28/06/2020,62
29/06/2020,58
30/06/2020,59
01/07/2020,66
02/07/2020,57
03/07/2020,63
04/07/2020,59
05/07/2020,59
06/07/2020,55
07/07/2020,44
08/07/2020,38
09/07/2020,43
10/07/2020,46
11/07/2020,50
12/07/2020,41
13/07/2020,45
14/07/2020,42
15/07/2020,59
16/07/2020,55
17/07/2020,46
18/07/2020,47
19/07/2020,47
20/07/2020,52
21/07/2020,48
22/07/2020,52
23/07/2020,45
24/07/2020,54
25/07/2020,48
26/07/2020,41
27/07/2020,40
28/07/2020,56
29/07/2020,51
30/07/2020,55
31/07/2020,55
01/08/2020,54
02/08/2020,48
03/08/2020,54
04/08/2020,59
05/08/2020,60
06/08/2020,60
07/08/2020,60
08/08/2020,60
09/08/2020,65
10/08/2020,62
11/08/2020,63
12/08/2020,50
13/08/2020,45
14/08/2020,48
15/08/2020,54
16/08/2020,54
17/08/2020,56
18/08/2020,60
19/08/2020,55
20/08/2020,55
21/08/2020,60
22/08/2020,52
23/08/2020,48
24/08/2020,51
25/08/2020,58
26/08/2020,55
27/08/2020,53
28/08/2020,54
29/08/2020,55
30/08/2020,55
31/08/2020,47
01/09/2020,45
02/09/2020,55
03/09/2020,57
04/09/2020,49
05/09/2020,39
06/09/2020,48
07/09/2020,48
08/09/2020,62
09/09/2020,57
10/09/2020,55
11/09/2020,51
12/09/2020,52
14/09/2020,45
15/09/2020,54
16/09/2020,53
17/09/2020,65
18/09/2020,61
19/09/2020,60
20/09/2020,60
21/09/2020,56
22/09/2020,57
23/09/2020,52
24/09/2020,54
25/09/2020,49
26/09/2020,41
27/09/2020,47
28/09/2020,55
29/09/2020,58
30/09/2020,56
01/10/2020,56
02/10/2020,54
03/10/2020,48
04/10/2020,56
05/10/2020,51
06/10/2020,54
07/10/2020,61
08/10/2020,49
09/10/2020,52
10/10/2020,52
11/10/2020,54
12/10/2020,48
13/10/2020,48
14/10/2020,51
15/10/2020,60
16/10/2020,62
17/10/2020,63
18/10/2020,59
19/10/2020,59
20/10/2020,64
21/10/2020,54
22/10/2020,53
23/10/2020,40
24/10/2020,46
25/10/2020,46
26/10/2020,41
27/10/2020,46
28/10/2020,54
29/10/2020,58
30/10/2020,61
31/10/2020,62
01/11/2020,57
02/11/2020,42
03/11/2020,45
04/11/2020,44
05/11/2020,54
06/11/2020,58
07/11/2020,57
08/11/2020,51
09/11/2020,38
10/11/2020,46
11/11/2020,54
12/11/2020,52
13/11/2020,55
14/11/2020,51
15/11/2020,53
16/11/2020,42
17/11/2020,44
18/11/2020,42
19/11/2020,41
20/11/2020,37
21/11/2020,51
22/11/2020,46
23/11/2020,36
24/11/2020,44
25/11/2020,49
26/11/2020,52
27/11/2020,51
28/11/2020,51
29/11/2020,39
30/11/2020,51
01/12/2020,56
02/12/2020,53
03/12/2020,54
04/12/2020,52
05/12/2020,55
06/12/2020,58
07/12/2020,53
08/12/2020,53
09/12/2020,55
10/12/2020,56
11/12/2020,47
12/12/2020,52
13/12/2020,51
14/12/2020,52
15/12/2020,52
16/12/2020,52
17/12/2020,42
18/12/2020,44
19/12/2020,35
20/12/2020,48
21/12/2020,45
22/12/2020,52
23/12/2020,54
24/12/2020,54
25/12/2020,56
26/12/2020,58
27/12/2020,39
28/12/2020,37
29/12/2020,41
30/12/2020,51
31/12/2020,57
01/01/2021,50
02/01/2021,45
04/01/2021,34
05/01/2021,45
06/01/2021,30
07/01/2021,43
08/01/2021,45
09/01/2021,52
10/01/2021,54
11/01/2021,48
12/01/2021,53
13/01/2021,49
14/01/2021,54
15/01/2021,54
16/01/2021,54
17/01/2021,57
18/01/2021,56
19/01/2021,64
20/01/2021,64
21/01/2021,68
22/01/2021,71
23/01/2021,66
24/01/2021,59
25/01/2021,58
26/01/2021,53
27/01/2021,57
28/01/2021,51
29/01/2021,46
30/01/2021,67
31/01/2021,68
01/02/2021,69
02/02/2021,54
03/02/2021,55
04/02/2021,60
05/02/2021,57
06/02/2021,61
07/02/2021,54
08/02/2021,58
09/02/2021,61
10/02/2021,65
11/02/2021,59
12/02/2021,53
13/02/2021,54
14/02/2021,58
15/02/2021,61
16/02/2021,64
17/02/2021,66
18/02/2021,67
19/02/2021,61
20/02/2021,63
21/02/2021,64
22/02/2021,61
23/02/2021,66
24/02/2021,72
25/02/2021,75
26/02/2021,66
27/02/2021,60
28/02/2021,59
01/03/2021,63
02/03/2021,71
03/03/2021,73
04/03/2021,73
05/03/2021,69
06/03/2021,60
07/03/2021,54
08/03/2021,56
09/03/2021,62
10/03/2021,67
11/03/2021,64
12/03/2021,60
13/03/2021,57
14/03/2021,60
15/03/2021,60
16/03/2021,60
17/03/2021,61
18/03/2021,69
19/03/2021,70
20/03/2021,74
21/03/2021,67
22/03/2021,65
23/03/2021,65
24/03/2021,55
25/03/2021,50
26/03/2021,57
29/03/2021,42
30/03/2021,51
31/03/2021,55
01/04/2021,52
02/04/2021,59
03/04/2021,55
04/04/2021,55
05/04/2021,60
06/04/2021,60
07/04/2021,56
08/04/2021,53
09/04/2021,57
10/04/2021,61
11/04/2021,63
12/04/2021,60
13/04/2021,60
14/04/2021,56
15/04/2021,60
16/04/2021,57
17/04/2021,48
18/04/2021,52
19/04/2021,53
20/04/2021,46
21/04/2021,52
22/04/2021,55
23/04/2021,51
24/04/2021,49
25/04/2021,42
26/04/2021,44
27/04/2021,39
28/04/2021,50
29/04/2021,52
30/04/2021,55
01/05/2021,53
02/05/2021,51
03/05/2021,55
04/05/2021,55
05/05/2021,45
06/05/2021,47
07/05/2021,44
19/05/2021,55
20/05/2021,51
21/05/2021,57
22/05/2021,54
23/05/2021,52
24/05/2021,55
25/05/2021,63
26/05/2021,63
27/05/2021,56
28/05/2021,44
29/05/2021,56
30/05/2021,57
31/05/2021,52
01/06/2021,53
02/06/2021,54
03/06/2021,49
04/06/2021,50
05/06/2021,43
06/06/2021,46
07/06/2021,56
08/06/2021,54
09/06/2021,58
10/06/2021,62
11/06/2021,49
12/06/2021,55
13/06/2021,63
14/06/2021,60
15/06/2021,53
16/06/2021,41
17/06/2021,53
18/06/2021,47
19/06/2021,56
20/06/2021,53
21/06/2021,52
22/06/2021,56
23/06/2021,56
24/06/2021,50
25/06/2021,35
26/06/2021,34
27/06/2021,46
28/06/2021,53
29/06/2021,53
30/06/2021,32
01/07/2021,43
02/07/2021,53
03/07/2021,46
04/07/2021,44
05/07/2021,52
06/07/2021,53
07/07/2021,49
08/07/2021,57
09/07/2021,61
10/07/2021,52
11/07/2021,32
12/07/2021,24
13/07/2021,41
14/07/2021,42
15/07/2021,55
16/07/2021,60
17/07/2021,63
18/07/2021,64
19/07/2021,63
20/07/2021,60
21/07/2021,64
22/07/2021,65
23/07/2021,59
24/07/2021,57
25/07/2021,64
26/07/2021,72
27/07/2021,65
28/07/2021,71
29/07/2021,77
30/07/2021,71
31/07/2021,61
01/08/2021,45
02/08/2021,35
03/08/2021,49
04/08/2021,56
05/08/2021,56
06/08/2021,56
07/08/2021,64
08/08/2021,61
09/08/2021,44
10/08/2021,34
11/08/2021,36
12/08/2021,49
13/08/2021,56
14/08/2021,55
15/08/2021,58
16/08/2021,43
17/08/2021,29
18/08/2021,29
19/08/2021,34
20/08/2021,42
21/08/2021,38
22/08/2021,46
09/09/2021,47
10/09/2021,53
11/09/2021,59
12/09/2021,56
13/09/2021,43
14/09/2021,38
15/09/2021,52
16/09/2021,57
17/09/2021,56
18/09/2021,55
19/09/2021,53
20/09/2021,40
21/09/2021,48
22/09/2021,56
23/09/2021,50
24/09/2021,59
25/09/2021,64
26/09/2021,61
27/09/2021,46
28/09/2021,29
29/09/2021,33
30/09/2021,29
01/10/2021,43
02/10/2021,52
03/10/2021,56
04/10/2021,52
05/10/2021,54
06/10/2021,38
07/10/2021,30
08/10/2021,36
09/10/2021,49
10/10/2021,51
11/10/2021,50
12/10/2021,60
13/10/2021,60
14/10/2021,61
15/10/2021,59
16/10/2021,61
17/10/2021,57
18/10/2021,40
19/10/2021,41
20/10/2021,36
21/10/2021,33
22/10/2021,50
23/10/2021,41
24/10/2021,41
25/10/2021,36
26/10/2021,45
27/10/2021,42
28/10/2021,45
29/10/2021,50
30/10/2021,52
31/10/2021,41
01/11/2021,44
02/11/2021,45
03/11/2021,48
04/11/2021,51
05/11/2021,52
06/11/2021,44
07/11/2021,39
08/11/2021,45
09/11/2021,43
10/11/2021,31
11/11/2021,35
12/11/2021,48
13/11/2021,38
14/11/2021,33
15/11/2021,41
16/11/2021,56
17/11/2021,42
18/11/2021,38
19/11/2021,38
20/11/2021,30
21/11/2021,30
22/11/2021,29
23/11/2021,41
24/11/2021,42
25/11/2021,49
26/11/2021,40
27/11/2021,47
28/11/2021,38
29/11/2021,37
30/11/2021,46
01/12/2021,53
02/12/2021,54
03/12/2021,36
04/12/2021,33
05/12/2021,48
06/12/2021,46
07/12/2021,46
08/12/2021,41
09/12/2021,52
10/12/2021,41
11/12/2021,44
12/12/2021,50
13/12/2021,46
14/12/2021,51
15/12/2021,52
16/12/2021,50
27/12/2021,50
28/12/2021,47
29/12/2021,56
30/12/2021,56
31/12/2021,38
01/01/2022,31
03/01/2022,53
04/01/2022,54
05/01/2022,53
06/01/2022,53
07/01/2022,53
08/01/2022,53
09/01/2022,51
10/01/2022,56
11/01/2022,57
12/01/2022,60
13/01/2022,60
14/01/2022,55
15/01/2022,58
16/01/2022,64
17/01/2022,60
18/01/2022,54
19/01/2022,59
20/01/2022,58
21/01/2022,67
22/01/2022,70
27/01/2022,65
28/01/2022,64
29/01/2022,73
30/01/2022,72
31/01/2022,67
01/02/2022,71
02/02/2022,61
03/02/2022,60
04/02/2022,58
05/02/2022,54
06/02/2022,50
07/02/2022,47
08/02/2022,52
09/02/2022,55
10/02/2022,58
11/02/2022,57
12/02/2022,57
13/02/2022,56
14/02/2022,52
15/02/2022,50
16/02/2022,52
17/02/2022,50
18/02/2022,55
19/02/2022,57
20/02/2022,61
21/02/2022,49
22/02/2022,55
23/02/2022,56
24/02/2022,47
25/02/2022,37
26/02/2022,29
27/02/2022,38
28/02/2022,29
01/03/2022,33
02/03/2022,38
03/03/2022,49
04/03/2022,51
05/03/2022,52
06/03/2022,48
07/03/2022,47
08/03/2022,50
09/03/2022,45
10/03/2022,41
11/03/2022,50
12/03/2022,54
13/03/2022,64
14/03/2022,58
15/03/2022,62
16/03/2022,60
17/03/2022,62
18/03/2022,56
19/03/2022,53
20/03/2022,54
21/03/2022,54
22/03/2022,52
23/03/2022,63
24/03/2022,58
25/03/2022,64
26/03/2022,64
27/03/2022,60
28/03/2022,53
29/03/2022,55
30/03/2022,55
31/03/2022,52
01/04/2022,50
02/04/2022,55
03/04/2022,52
04/04/2022,48
05/04/2022,47
06/04/2022,55
07/04/2022,48
08/04/2022,52
09/04/2022,57
10/04/2022,55
11/04/2022,52
12/04/2022,52
13/04/2022,56
14/04/2022,58
15/04/2022,59
16/04/2022,59
17/04/2022,55
18/04/2022,50
19/04/2022,53
20/04/2022,54
21/04/2022,55
22/04/2022,57
23/04/2022,55
24/04/2022,47
25/04/2022,53
26/04/2022,52
27/04/2022,52
28/04/2022,49
29/04/2022,57
30/04/2022,52
01/05/2022,53
02/05/2022,57
03/05/2022,54
04/05/2022,51
05/05/2022,53
06/05/2022,53
07/05/2022,55
08/05/2022,50
09/05/2022,50
10/05/2022,51
11/05/2022,49
12/05/2022,56
13/05/2022,55
14/05/2022,51
15/05/2022,46
16/05/2022,46
17/05/2022,46
18/05/2022,54
19/05/2022,60
20/05/2022,55
21/05/2022,51
22/05/2022,53
23/05/2022,49
24/05/2022,58
25/05/2022,60
26/05/2022,50
27/05/2022,54
28/05/2022,53
29/05/2022,54
30/05/2022,33
31/05/2022,34
01/06/2022,33
02/06/2022,43
03/06/2022,51
04/06/2022,53
05/06/2022,49
06/06/2022,51
07/06/2022,50
08/06/2022,55
09/06/2022,41
10/06/2022,41
11/06/2022,49
12/06/2022,26
13/06/2022,35
14/06/2022,46
15/06/2022,52
16/06/2022,47
17/06/2022,51
18/06/2022,48
19/06/2022,46
20/06/2022,49
21/06/2022,35
22/06/2022,47
23/06/2022,51
24/06/2022,52
25/06/2022,43
26/06/2022,58
27/06/2022,47
28/06/2022,54
29/06/2022,54
30/06/2022,49
01/07/2022,51
02/07/2022,54
03/07/2022,56
04/07/2022,63
05/07/2022,54
06/07/2022,58
07/07/2022,63
08/07/2022,63
09/07/2022,63
10/07/2022,61
11/07/2022,55
12/07/2022,41
13/07/2022,31
14/07/2022,35
15/07/2022,46
16/07/2022,57
17/07/2022,64
18/07/2022,61
19/07/2022,64
20/07/2022,55
21/07/2022,47
22/07/2022,58
23/07/2022,56
24/07/2022,51
25/07/2022,40
26/07/2022,39
27/07/2022,51
28/07/2022,48
29/07/2022,46
30/07/2022,46
31/07/2022,55
01/08/2022,55
02/08/2022,51
03/08/2022,47
04/08/2022,39
05/08/2022,44
06/08/2022,48
07/08/2022,55
08/08/2022,61
09/08/2022,56
10/08/2022,65
11/08/2022,65
12/08/2022,69
13/08/2022,62
14/08/2022,50
15/08/2022,54
16/08/2022,55
17/08/2022,47
18/08/2022,52
19/08/2022,43
20/08/2022,59
21/08/2022,50
22/08/2022,33
23/08/2022,27
24/08/2022,26
25/08/2022,35
26/08/2022,41
27/08/2022,51
28/08/2022,34
29/08/2022,26
30/08/2022,36
31/08/2022,39
01/09/2022,50
02/09/2022,37
03/09/2022,24
04/09/2022,33
05/09/2022,56
06/09/2022,57
07/09/2022,47
08/09/2022,40
09/09/2022,47
10/09/2022,58
11/09/2022,53
12/09/2022,36
13/09/2022,41
14/09/2022,42
15/09/2022,39
16/09/2022,50
17/09/2022,40
18/09/2022,49
19/09/2022,35
20/09/2022,49
21/09/2022,53
22/09/2022,42
23/09/2022,36
24/09/2022,42
25/09/2022,47
26/09/2022,46
27/09/2022,50
28/09/2022,42
29/09/2022,52
30/09/2022,50
01/10/2022,44
02/10/2022,27
03/10/2022,39
04/10/2022,44
05/10/2022,40
06/10/2022,52
07/10/2022,44
08/10/2022,45
09/10/2022,53
10/10/2022,51
11/10/2022,59
12/10/2022,57
13/10/2022,52
14/10/2022,40
15/10/2022,33
16/10/2022,33
17/10/2022,39
18/10/2022,49
19/10/2022,56
20/10/2022,50
21/10/2022,52
22/10/2022,54
23/10/2022,46
24/10/2022,47
25/10/2022,35
26/10/2022,38
27/10/2022,36
28/10/2022,53
29/10/2022,52
30/10/2022,48
31/10/2022,46
01/11/2022,52
02/11/2022,53
03/11/2022,55
04/11/2022,54
05/11/2022,52
06/11/2022,56
07/11/2022,50
08/11/2022,50
09/11/2022,53
10/11/2022,54
11/11/2022,49
12/11/2022,51
13/11/2022,53
14/11/2022,55
15/11/2022,53
16/11/2022,58
17/11/2022,58
18/11/2022,54
19/11/2022,51
20/11/2022,47
21/11/2022,50
10/02/2023,50
11/02/2023,51
12/02/2023,42
13/02/2023,55
14/02/2023,56
15/02/2023,50
16/02/2023,52
17/02/2023,54
18/02/2023,50
19/02/2023,41
20/02/2023,48
21/02/2023,38
22/02/2023,48
23/02/2023,55
24/02/2023,57
25/02/2023,64
26/02/2023,62
27/02/2023,54
28/02/2023,55
01/03/2023,49
02/03/2023,39
03/03/2023,42
04/03/2023,48
05/03/2023,53
06/03/2023,53
07/03/2023,57
08/03/2023,61
09/03/2023,62
10/03/2023,60
11/03/2023,56
12/03/2023,54
13/03/2023,59
14/03/2023,57
15/03/2023,60
16/03/2023,60
17/03/2023,59
18/03/2023,61
19/03/2023,59
20/03/2023,65
21/03/2023,62
22/03/2023,54
23/03/2023,54
24/03/2023,52
25/03/2023,53
26/03/2023,47
27/03/2023,48
28/03/2023,47
29/03/2023,55
30/03/2023,56
31/03/2023,53
01/04/2023,56
02/04/2023,55
03/04/2023,54
04/04/2023,53
05/04/2023,55
06/04/2023,43
07/04/2023,40
08/04/2023,51
09/04/2023,54
10/04/2023,55
11/04/2023,64
12/04/2023,68
13/04/2023,72
14/04/2023,70
15/04/2023,72
16/04/2023,71
17/04/2023,70
18/04/2023,66
19/04/2023,62
20/04/2023,65
21/04/2023,63
22/04/2023,74
23/04/2023,53
24/04/2023,50
25/04/2023,52
26/04/2023,54
27/04/2023,52
28/04/2023,45
29/04/2023,53
30/04/2023,53
01/05/2023,52
02/05/2023,49
03/05/2023,38
04/05/2023,37
05/05/2023,53
06/05/2023,48
07/05/2023,37
08/05/2023,50
09/05/2023,47
10/05/2023,54
11/05/2023,63
12/05/2023,67
13/05/2023,63
14/05/2023,66
15/05/2023,61
16/05/2023,58
17/05/2023,63
18/05/2023,57
19/05/2023,43
20/05/2023,38
21/05/2023,40
22/05/2023,40
23/05/2023,50
24/05/2023,50
25/05/2023,50
26/05/2023,53
27/05/2023,53
28/05/2023,48
29/05/2023,53
30/05/2023,51
31/05/2023,56
01/06/2023,64
02/06/2023,61
03/06/2023,62
04/06/2023,58
05/06/2023,49
06/06/2023,54
07/06/2023,53
08/06/2023,55
09/06/2023,59
10/06/2023,61
11/06/2023,55
12/06/2023,56
13/06/2023,54
14/06/2023,57
15/06/2023,54
16/06/2023,58
17/06/2023,66
18/06/2023,54
19/06/2023,38
20/06/2023,48
21/06/2023,67
22/06/2023,68
23/06/2023,54
24/06/2023,55
25/06/2023,48
26/06/2023,39
27/06/2023,31
28/06/2023,32
29/06/2023,37
30/06/2023,29
01/07/2023,33
02/07/2023,33
03/07/2023,53
04/07/2023,57
05/07/2023,49
06/07/2023,51
07/07/2023,55
08/07/2023,45
09/07/2023,35
10/07/2023,42
11/07/2023,49
12/07/2023,45
13/07/2023,49
14/07/2023,56
15/07/2023,35
16/07/2023,43
17/07/2023,60
18/07/2023,64
19/07/2023,63
20/07/2023,51
21/07/2023,60
22/07/2023,62
23/07/2023,66
24/07/2023,59
25/07/2023,59
26/07/2023,62
27/07/2023,59
28/07/2023,63
29/07/2023,54
30/07/2023,56
31/07/2023,61
01/08/2023,60
02/08/2023,57
03/08/2023,56
04/08/2023,59
05/08/2023,60
06/08/2023,45
07/08/2023,51
08/08/2023,59
09/08/2023,58
10/08/2023,54
11/08/2023,43
12/08/2023,60
13/08/2023,59
14/08/2023,50
15/08/2023,32
16/08/2023,28
17/08/2023,32
18/08/2023,47
19/08/2023,43
20/08/2023,48
21/08/2023,37
22/08/2023,48
23/08/2023,63
24/08/2023,55
25/08/2023,56
26/08/2023,52
27/08/2023,54
28/08/2023,43
29/08/2023,45
30/08/2023,42
31/08/2023,46
01/09/2023,44
02/09/2023,50
03/09/2023,57
04/09/2023,66
05/09/2023,53
06/09/2023,43
07/09/2023,53
08/09/2023,60
09/09/2023,51
10/09/2023,39
11/09/2023,43
12/09/2023,54
13/09/2023,66
14/09/2023,62
15/09/2023,63
16/09/2023,65
17/09/2023,60
18/09/2023,53
19/09/2023,56
20/09/2023,44
21/09/2023,37
22/09/2023,40
23/09/2023,40
24/09/2023,34
25/09/2023,32
26/09/2023,44
27/09/2023,61
28/09/2023,80
29/09/2023,86
30/09/2023,72
01/10/2023,74
02/10/2023,80
03/10/2023,65
04/10/2023,55
05/10/2023,52
06/10/2023,53
07/10/2023,56
08/10/2023,61
09/10/2023,70
10/10/2023,65
11/10/2023,52
12/10/2023,50
13/10/2023,53
14/10/2023,59
15/10/2023,62
16/10/2023,57
17/10/2023,56
18/10/2023,75
19/10/2023,82
20/10/2023,64
21/10/2023,50
22/10/2023,51
23/10/2023,41
24/10/2023,49
25/10/2023,50
26/10/2023,52
27/10/2023,54
28/10/2023,58
29/10/2023,46
30/10/2023,34
31/10/2023,47
01/11/2023,57
02/11/2023,54
03/11/2023,52
04/11/2023,52
05/11/2023,54
06/11/2023,52
07/11/2023,48
08/11/2023,47
09/11/2023,56
10/11/2023,56
11/11/2023,54
12/11/2023,59
13/11/2023,54
14/11/2023,35
15/11/2023,33
16/11/2023,40
17/11/2023,47
18/11/2023,51
19/11/2023,29
20/11/2023,37
21/11/2023,37
22/11/2023,34
23/11/2023,33
24/11/2023,33
25/11/2023,30
26/11/2023,48
27/11/2023,35
28/11/2023,35
29/11/2023,43
30/11/2023,38
01/12/2023,38
02/12/2023,32
03/12/2023,30
04/12/2023,33
05/12/2023,39
06/12/2023,43
07/12/2023,46
08/12/2023,40
09/12/2023,42
10/12/2023,49
11/12/2023,43
12/12/2023,51
13/12/2023,40
14/12/2023,39
15/12/2023,31
16/12/2023,32
17/12/2023,35
18/12/2023,38
19/12/2023,39
20/12/2023,45
21/12/2023,52
22/12/2023,56
23/12/2023,53
24/12/2023,33
25/12/2023,26
26/12/2023,30
27/12/2023,45
28/12/2023,55
29/12/2023,41
30/12/2023,34
31/12/2023,36
01/01/2024,42
02/01/2024,41
03/01/2024,43
04/01/2024,53
05/01/2024,56
06/01/2024,53
07/01/2024,46
08/01/2024,36
09/01/2024,54
10/01/2024,48
11/01/2024,58
12/01/2024,53
13/01/2024,54
14/01/2024,61
15/01/2024,59
16/01/2024,45
17/01/2024,48
18/01/2024,52
19/01/2024,48
20/01/2024,53
21/01/2024,64
22/01/2024,67
23/01/2024,59
24/01/2024,51
25/01/2024,42
26/01/2024,34
27/01/2024,45
28/01/2024,50
29/01/2024,51
30/01/2024,52
31/01/2024,52
01/02/2024,56
02/02/2024,59
03/02/2024,53
04/02/2024,53
05/02/2024,53
06/02/2024,59
07/02/2024,57
08/02/2024,53
09/02/2024,54
10/02/2024,62
11/02/2024,62
12/02/2024,59
13/02/2024,54
14/02/2024,56
15/02/2024,53
16/02/2024,53
17/02/2024,55
18/02/2024,58
19/02/2024,53
20/02/2024,53
21/02/2024,51
22/02/2024,52
23/02/2024,55
24/02/2024,59
25/02/2024,57
26/02/2024,55
27/02/2024,58
28/02/2024,58
29/02/2024,58
01/03/2024,60
02/03/2024,52
03/03/2024,42
04/03/2024,48
05/03/2024,55
06/03/2024,50
07/03/2024,55
08/03/2024,54
09/03/2024,58
10/03/2024,56
11/03/2024,58
12/03/2024,65
13/03/2024,65
14/03/2024,59
15/03/2024,62
16/03/2024,64
17/03/2024,62
18/03/2024,56
19/03/2024,63
20/03/2024,67
21/03/2024,64
22/03/2024,67
23/03/2024,67
24/03/2024,67
25/03/2024,61
26/03/2024,61
27/03/2024,63
28/03/2024,57
29/03/2024,58
30/03/2024,61
31/03/2024,51
01/04/2024,49
02/04/2024,54
03/04/2024,57
04/04/2024,57
05/04/2024,56
06/04/2024,61
07/04/2024,67
08/04/2024,72
09/04/2024,67
10/04/2024,60
11/04/2024,56
12/04/2024,60
13/04/2024,58
14/04/2024,61
15/04/2024,56
16/04/2024,55
17/04/2024,55
18/04/2024,56
19/04/2024,58
20/04/2024,65
21/04/2024,62
22/04/2024,52
23/04/2024,53
24/04/2024,54
25/04/2024,57
26/04/2024,62
27/04/2024,56
28/04/2024,59
29/04/2024,59
30/04/2024,58
01/05/2024,62
02/05/2024,57
03/05/2024,59
04/05/2024,52
05/05/2024,46
06/05/2024,54
07/05/2024,61
08/05/2024,63
09/05/2024,59
10/05/2024,59
11/05/2024,55
12/05/2024,43
13/05/2024,38
14/05/2024,51
15/05/2024,50
16/05/2024,54
17/05/2024,44
18/05/2024,53
19/05/2024,58
20/05/2024,48
21/05/2024,47
22/05/2024,53
23/05/2024,59
24/05/2024,49
25/05/2024,50
26/05/2024,39
27/05/2024,56
28/05/2024,54
29/05/2024,55
30/05/2024,52
31/05/2024,58
01/06/2024,55
02/06/2024,43
03/06/2024,35
04/06/2024,46
05/06/2024,57
06/06/2024,61
07/06/2024,44
08/06/2024,33
09/06/2024,41
10/06/2024,46
11/06/2024,51
12/06/2024,56
13/06/2024,68
14/06/2024,57
15/06/2024,50
16/06/2024,52
17/06/2024,38
18/06/2024,31
19/06/2024,40
20/06/2024,44
21/06/2024,51
22/06/2024,45
23/06/2024,56
24/06/2024,61
25/06/2024,69
26/06/2024,73
27/06/2024,55
28/06/2024,61
29/06/2024,53
30/06/2024,56
01/07/2024,54
02/07/2024,56
03/07/2024,58
04/07/2024,63
06/07/2024,39
07/07/2024,49
08/07/2024,46
09/07/2024,49
10/07/2024,43
11/07/2024,53
12/07/2024,55
13/07/2024,52
14/07/2024,61
15/07/2024,66
16/07/2024,69
17/07/2024,75
18/07/2024,73
19/07/2024,65
20/07/2024,60
21/07/2024,70
22/07/2024,73
23/07/2024,75
24/07/2024,70
25/07/2024,72
26/07/2024,62
27/07/2024,66
28/07/2024,77
29/07/2024,65
30/07/2024,60
31/07/2024,65
01/08/2024,61
02/08/2024,56
03/08/2024,56
04/08/2024,45
05/08/2024,47
06/08/2024,58
07/08/2024,59
08/08/2024,64
09/08/2024,68
10/08/2024,62
11/08/2024,55
12/08/2024,52
13/08/2024,59
14/08/2024,61
15/08/2024,61
16/08/2024,57
17/08/2024,57
18/08/2024,54
19/08/2024,55
20/08/2024,50
21/08/2024,41
22/08/2024,54
23/08/2024,55
24/08/2024,46
25/08/2024,50
26/08/2024,47
27/08/2024,50
28/08/2024,46
29/08/2024,52
30/08/2024,65
31/08/2024,80
01/09/2024,72
02/09/2024,65
03/09/2024,68
04/09/2024,69
05/09/2024,60
06/09/2024,55
07/09/2024,61
08/09/2024,56
09/09/2024,55
10/09/2024,59
11/09/2024,44
12/09/2024,44
13/09/2024,47
14/09/2024,40
15/09/2024,39
16/09/2024,29
17/09/2024,32
18/09/2024,38
19/09/2024,49
20/09/2024,57
21/09/2024,58
22/09/2024,60
23/09/2024,57
24/09/2024,47
25/09/2024,44
26/09/2024,40
27/09/2024,52
28/09/2024,53
29/09/2024,55
30/09/2024,56
01/10/2024,45
02/10/2024,45
03/10/2024,52
04/10/2024,43
05/10/2024,34
06/10/2024,34
07/10/2024,46
08/10/2024,53
09/10/2024,59
10/10/2024,63
11/10/2024,52
13/10/2024,44
14/10/2024,42
15/10/2024,40
16/10/2024,31
17/10/2024,52
18/10/2024,47
19/10/2024,45
20/10/2024,52
21/10/2024,51
22/10/2024,54
23/10/2024,57
24/10/2024,52
25/10/2024,49
26/10/2024,40
27/10/2024,46
28/10/2024,47
29/10/2024,47
30/10/2024,55
31/10/2024,61
01/11/2024,55
02/11/2024,45
03/11/2024,42
04/11/2024,46
05/11/2024,47
06/11/2024,56
07/11/2024,49
08/11/2024,51
09/11/2024,44
10/11/2024,35
11/11/2024,47
12/11/2024,49
13/11/2024,52
14/11/2024,52
15/11/2024,53
16/11/2024,50
17/11/2024,42
18/11/2024,39
19/11/2024,47
20/11/2024,53
21/11/2024,44
22/11/2024,45
23/11/2024,52
24/11/2024,47
25/11/2024,48
26/11/2024,43
27/11/2024,34
28/11/2024,28
29/11/2024,38
30/11/2024,29
01/12/2024,34
02/12/2024,48
03/12/2024,54
04/12/2024,50
05/12/2024,53
06/12/2024,53
07/12/2024,52
08/12/2024,54
09/12/2024,38
10/12/2024,36
11/12/2024,47
12/12/2024,50
13/12/2024,53
14/12/2024,50
15/12/2024,49
16/12/2024,56
17/12/2024,54
18/12/2024,48
19/12/2024,54
20/12/2024,44
21/12/2024,43
22/12/2024,45
23/12/2024,52
24/12/2024,55
25/12/2024,52
26/12/2024,56
27/12/2024,59
28/12/2024,59
29/12/2024,56